packet_id,timestep,routing_mode,src,dst,path,hop_count,end_to_end_latency_ms,base_latency_ms,queuing_delay_ms,path_loss_prob,delivered,demand_gbps,size_bytes,bottleneck_avail_bw_gbps,max_congestion
0,1,dynamic_dijkstra,1,10,"[1, 2, 5, 10]",3,23.08155671006754,21.75,1.3315567100675416,0.0,True,0.05,1500,4.828534663886493,0.5171465336113508
1,1,dynamic_dijkstra,5,6,"[5, 6]",1,6.561728011063859,6.0,0.5617280110638587,0.0,True,0.05,1500,4.709304028806745,0.5290695971193256
2,1,dynamic_dijkstra,9,1,"[9, 8, 7, 1]",3,23.224463581399178,21.9,1.3244635813991792,0.0,True,0.05,1500,4.872009792391703,0.5127990207608297
3,1,dynamic_dijkstra,1,7,"[1, 7]",1,15.360498840379517,15.0,0.36049884037951685,0.0,True,0.05,1500,5.810583077363344,0.4189416922636656
4,1,dynamic_dijkstra,9,10,"[9, 13, 10]",2,7.097949089522059,6.25,0.8479490895220589,0.0,True,0.05,1500,4.717701216971122,0.5282298783028878
5,1,dynamic_dijkstra,7,10,"[7, 12, 11, 10]",3,11.080282338760115,9.5,1.5802823387601155,0.0,True,0.05,1500,3.9482297720467168,0.6051770227953284
6,1,dynamic_dijkstra,10,6,"[10, 5, 6]",2,14.583998548270344,13.5,1.083998548270344,0.0,True,0.05,1500,4.659304028806745,0.5340695971193254
7,1,dynamic_dijkstra,4,2,"[4, 5, 2]",2,14.864401128168774,14.25,0.6144011281687742,0.0,True,0.05,1500,6.152027299658592,0.3847972700341408
8,1,dynamic_dijkstra,9,10,"[9, 13, 10]",2,7.115562509596501,6.25,0.8655625095965007,0.0,True,0.05,1500,4.667701216971122,0.5332298783028878
9,1,dynamic_dijkstra,7,10,"[7, 12, 11, 10]",3,11.113171486693712,9.5,1.6131714866937124,0.0,True,0.05,1500,3.898229772046717,0.6101770227953283
10,1,dynamic_dijkstra,3,5,"[3, 4, 5]",2,7.392217569735809,6.75,0.6422175697358092,0.0,True,0.05,1500,6.076679715435032,0.39233202845649684
11,1,dynamic_dijkstra,12,7,"[12, 7]",1,6.2219641933860705,5.75,0.47196419338607054,0.0,True,0.05,1500,5.144222425088832,0.4855777574911168
12,1,dynamic_dijkstra,13,11,"[13, 10, 11]",2,5.1320885638125855,3.75,1.3820885638125855,0.0,True,0.05,1500,3.848229772046717,0.6151770227953283
13,1,dynamic_dijkstra,8,2,"[8, 7, 1, 2]",3,22.10122559794518,20.65,1.4512255979451822,0.0,True,0.05,1500,4.778534663886493,0.5221465336113507
14,1,dynamic_dijkstra,4,9,"[4, 9]",1,11.448223412355437,11.0,0.4482234123554374,0.0,True,0.05,1500,5.273018926604792,0.4726981073395208
15,1,dynamic_dijkstra,12,6,"[12, 11, 6]",2,14.073595925775688,13.25,0.8235959257756882,0.0,True,0.05,1500,5.2738892950557945,0.4726110704944205
16,1,dynamic_dijkstra,8,10,"[8, 12, 11, 10]",3,9.843950204560135,8.25,1.5939502045601355,0.0,True,0.05,1500,3.7982297720467173,0.6201770227953283
17,1,dynamic_dijkstra,5,2,"[5, 2]",1,10.808139449656425,10.5,0.3081394496564247,0.0,True,0.05,1500,6.187051012205523,0.38129489877944767
18,1,dynamic_dijkstra,6,0,"[6, 5, 4, 3, 0]",4,19.904003435082938,18.25,1.654003435082938,0.0,True,0.05,1500,4.609304028806745,0.5390695971193254
19,1,dynamic_dijkstra,2,10,"[2, 5, 10]",2,18.835923530935247,18.0,0.8359235309352471,0.0,True,0.05,1500,4.8962006497852295,0.510379935021477
20,1,dynamic_dijkstra,10,11,"[10, 11]",1,2.833963044978898,2.0,0.8339630449788982,0.0,True,0.05,1500,3.7482297720467175,0.6251770227953283
21,1,dynamic_dijkstra,5,12,"[5, 10, 11, 12]",3,13.02486753107851,11.25,1.7748675310785096,0.0,True,0.05,1500,3.6982297720467177,0.6301770227953283
22,1,dynamic_dijkstra,5,11,"[5, 10, 11]",2,10.913019542936256,9.5,1.4130195429362562,0.0,True,0.05,1500,3.648229772046718,0.6351770227953282
23,1,dynamic_dijkstra,11,6,"[11, 6]",1,11.95714126345141,11.5,0.45714126345141004,0.0,True,0.05,1500,5.223889295055795,0.47761107049442053
24,1,dynamic_dijkstra,6,1,"[6, 5, 2, 1]",3,21.72548446017261,20.25,1.4754844601726091,0.0,True,0.05,1500,4.5593040288067455,0.5440695971193255
25,1,dynamic_dijkstra,4,6,"[4, 5, 6]",2,10.69187041908086,9.75,0.9418704190808604,0.0,True,0.05,1500,4.509304028806746,0.5490695971193255
26,1,dynamic_dijkstra,7,9,"[7, 8, 9]",2,7.901828323757215,6.9,1.0018283237572145,0.0,True,0.05,1500,4.772009792391703,0.5227990207608297
27,1,dynamic_dijkstra,5,2,"[5, 2]",1,10.828218941647362,10.5,0.3282189416473624,0.0,True,0.05,1500,6.037051012205524,0.3962948987794476
28,1,dynamic_dijkstra,9,8,"[9, 8]",1,5.4632415880820115,5.0,0.46324158808201155,0.0,True,0.05,1500,5.190805776934844,0.48091942230651563
29,1,dynamic_dijkstra,4,10,"[4, 5, 10]",2,12.143524124644278,11.25,0.8935241246442782,0.0,True,0.05,1500,4.74620064978523,0.525379935021477
30,1,dynamic_dijkstra,5,11,"[5, 10, 11]",2,10.954262636796997,9.5,1.4542626367969973,0.0,True,0.05,1500,3.598229772046718,0.6401770227953282
31,1,dynamic_dijkstra,12,5,"[12, 11, 10, 5]",3,13.134447336482939,11.25,1.884447336482939,0.0,True,0.05,1500,3.548229772046718,0.6451770227953282
32,1,dynamic_dijkstra,3,9,"[3, 4, 9]",2,14.7938856619641,14.0,0.7938856619641008,0.0,True,0.05,1500,5.223018926604793,0.47769810733952073
33,1,dynamic_dijkstra,11,1,"[11, 12, 7, 1]",3,23.764375230210597,22.5,1.2643752302105966,0.0,True,0.05,1500,5.094222425088832,0.4905777574911168
34,1,dynamic_dijkstra,10,0,"[10, 5, 4, 3, 0]",4,21.450511968432057,19.75,1.7005119684320569,0.0,True,0.05,1500,4.596200649785231,0.540379935021477
35,1,dynamic_dijkstra,10,13,"[10, 13]",1,2.344642526403147,1.75,0.5946425264031472,0.0,True,0.05,1500,4.567701216971122,0.5432298783028877
36,1,dynamic_dijkstra,9,6,"[9, 13, 10, 5, 6]",4,21.87856043670148,19.75,2.1285604367014805,0.0,True,0.05,1500,4.459304028806746,0.5540695971193255
37,1,dynamic_dijkstra,7,10,"[7, 12, 11, 10]",3,11.336138600856419,9.5,1.836138600856419,0.0,True,0.05,1500,3.4982297720467184,0.6501770227953282
38,1,dynamic_dijkstra,7,6,"[7, 12, 11, 6]",3,20.391619960565773,19.0,1.391619960565773,0.0,True,0.05,1500,4.994222425088832,0.5005777574911168
39,1,dynamic_dijkstra,3,1,"[3, 0, 1]",2,12.77729732623971,12.0,0.7772973262397098,0.0,True,0.05,1500,5.373889325987624,0.46261106740123764
40,1,dynamic_dijkstra,5,9,"[5, 10, 13, 9]",3,15.288389461878287,13.75,1.5383894618782872,0.0,True,0.05,1500,4.467701216971123,0.5532298783028877
41,1,dynamic_dijkstra,6,11,"[6, 11]",1,11.975821238921899,11.5,0.475821238921899,0.0,True,0.05,1500,5.123889295055795,0.4876110704944205
42,1,dynamic_dijkstra,1,10,"[1, 2, 5, 10]",3,23.278402017874882,21.75,1.5284020178748818,0.0,True,0.05,1500,4.446200649785231,0.5553799350214769
43,1,dynamic_dijkstra,8,7,"[8, 7]",1,2.458871162879883,1.9,0.5588711628798833,0.0,True,0.05,1500,4.722009792391703,0.5277990207608296
44,1,dynamic_dijkstra,1,7,"[1, 7]",1,15.383301230927072,15.0,0.38330123092707247,0.0,True,0.05,1500,5.660583077363344,0.4339416922636656
45,1,dynamic_dijkstra,8,3,"[8, 3]",1,12.566322071870166,12.0,0.5663220718701663,0.0,True,0.05,1500,4.689014821976592,0.5310985178023409
46,1,dynamic_dijkstra,4,6,"[4, 5, 6]",2,10.738370570033311,9.75,0.988370570033311,0.0,True,0.05,1500,4.409304028806746,0.5590695971193254
47,1,dynamic_dijkstra,3,2,"[3, 0, 2]",2,15.774275242682082,15.0,0.7742752426820818,0.0,True,0.05,1500,5.323889325987624,0.4676110674012376
48,1,dynamic_dijkstra,11,12,"[11, 12]",1,2.1826908545756902,1.75,0.43269085457569023,0.0,True,0.05,1500,5.3608330943425555,0.46391669056574447
49,1,dynamic_dijkstra,11,3,"[11, 10, 5, 4, 3]",4,18.549953423182085,16.25,2.2999534231820853,0.0,True,0.05,1500,3.4482297720467185,0.6551770227953282
50,2,dynamic_dijkstra,11,3,"[11, 10, 5, 4, 3]",4,17.9593382673593,16.25,1.7093382673592998,0.0,True,0.05,1500,4.586555754465777,0.5413444245534224
51,2,dynamic_dijkstra,3,6,"[3, 4, 5, 6]",3,13.826009718834907,12.75,1.0760097188349071,0.0,True,0.05,1500,5.521453666897242,0.44785463331027586
52,2,dynamic_dijkstra,1,7,"[1, 7]",1,15.274731059512481,15.0,0.2747310595124812,0.0,True,0.05,1500,6.453852519023025,0.35461474809769755
53,2,dynamic_dijkstra,10,13,"[10, 13]",1,2.221601927196081,1.75,0.47160192719608096,0.0,True,0.05,1500,5.146140471776709,0.4853859528223291
54,2,dynamic_dijkstra,13,5,"[13, 10, 5]",2,10.157828403555673,9.25,0.9078284035556727,0.0,True,0.05,1500,5.096140471776709,0.49038595282232905
55,2,dynamic_dijkstra,4,10,"[4, 5, 10]",2,12.09919562023151,11.25,0.8491956202315105,0.0,True,0.05,1500,5.345525741700329,0.4654474258299671
56,2,dynamic_dijkstra,0,4,"[0, 3, 4]",2,9.37113646566591,8.5,0.8711364656659093,0.0,True,0.05,1500,4.741889671684222,0.5258110328315778
57,2,dynamic_dijkstra,1,10,"[1, 2, 5, 10]",3,22.876439567642993,21.75,1.1264395676429935,0.0,True,0.05,1500,5.295525741700329,0.47044742582996707
58,2,dynamic_dijkstra,9,6,"[9, 13, 10, 5, 6]",4,21.42974623666731,19.75,1.6797462366673095,0.0,True,0.05,1500,5.0461404717767095,0.49538595282232906
59,2,dynamic_dijkstra,2,12,"[2, 5, 10, 11, 12]",4,23.443566196194737,21.75,1.6935661961947375,0.0,True,0.05,1500,4.536555754465777,0.5463444245534224
60,2,dynamic_dijkstra,2,12,"[2, 5, 10, 11, 12]",4,23.478605976866742,21.75,1.7286059768667421,0.0,True,0.05,1500,4.486555754465777,0.5513444245534223
61,2,dynamic_dijkstra,6,9,"[6, 5, 10, 13, 9]",4,21.48291725255145,19.75,1.7329172525514487,0.0,True,0.05,1500,4.99614047177671,0.500385952822329
62,2,dynamic_dijkstra,5,2,"[5, 2]",1,10.86592066236382,10.5,0.3659206623638198,0.0,True,0.05,1500,5.774201052496918,0.4225798947503082
63,2,dynamic_dijkstra,3,9,"[3, 4, 9]",2,14.721408219556416,14.0,0.721408219556416,0.0,True,0.05,1500,5.56806065440488,0.44319393455951206
64,2,dynamic_dijkstra,7,5,"[7, 12, 11, 10, 5]",4,18.80184192880055,17.0,1.801841928800549,0.0,True,0.05,1500,4.436555754465777,0.5563444245534223
65,2,dynamic_dijkstra,4,1,"[4, 3, 0, 1]",3,16.342558029756976,15.0,1.342558029756976,0.0,True,0.05,1500,4.691889671684222,0.5308110328315778
66,2,dynamic_dijkstra,13,4,"[13, 10, 5, 4]",3,14.434046726812163,13.0,1.4340467268121628,0.0,True,0.05,1500,4.94614047177671,0.505385952822329
67,2,dynamic_dijkstra,11,6,"[11, 6]",1,12.021727437256388,11.5,0.5217274372563878,0.0,True,0.05,1500,4.893673026366347,0.5106326973633653
68,2,dynamic_dijkstra,5,3,"[5, 4, 3]",2,7.518063998851347,6.75,0.7680639988513471,0.0,True,0.05,1500,5.371453666897242,0.46285463331027576
69,2,dynamic_dijkstra,12,3,"[12, 8, 3]",2,17.412838049401696,16.5,0.9128380494016959,0.0,True,0.05,1500,4.339142183507802,0.5660857816492199
70,2,dynamic_dijkstra,3,10,"[3, 4, 5, 10]",3,15.54489353180514,14.25,1.2948935318051404,0.0,True,0.05,1500,4.94552574170033,0.5054474258299669
71,2,dynamic_dijkstra,10,5,"[10, 5]",1,8.02134076375286,7.5,0.5213407637528604,0.0,True,0.05,1500,4.895525741700331,0.5104474258299669
72,2,dynamic_dijkstra,13,1,"[13, 10, 5, 2, 1]",4,25.271913275580864,23.5,1.7719132755808644,0.0,True,0.05,1500,4.845525741700331,0.5154474258299669
73,2,dynamic_dijkstra,1,11,"[1, 7, 12, 11]",3,23.478996919321446,22.5,0.9789969193214461,0.0,True,0.05,1500,5.544658850651174,0.44553411493488265
74,2,dynamic_dijkstra,9,2,"[9, 13, 10, 5, 2]",4,26.088766284557124,24.25,1.8387662845571242,0.0,True,0.05,1500,4.795525741700331,0.520447425829967
75,2,dynamic_dijkstra,3,11,"[3, 4, 5, 10, 11]",4,18.243450127929655,16.25,1.9934501279296555,0.0,True,0.05,1500,4.386555754465777,0.5613444245534223
76,2,dynamic_dijkstra,2,7,"[2, 1, 7]",2,19.389467642526892,18.75,0.6394676425268919,0.0,True,0.05,1500,5.864803438784436,0.41351965612155644
77,2,dynamic_dijkstra,11,0,"[11, 10, 5, 4, 3, 0]",5,24.361354528669708,21.75,2.6113545286697075,0.0,True,0.05,1500,4.336555754465778,0.5663444245534223
78,2,dynamic_dijkstra,6,10,"[6, 5, 10]",2,14.459462130776478,13.5,0.9594621307764779,0.0,True,0.05,1500,4.6455257417003315,0.5354474258299668
79,2,dynamic_dijkstra,5,4,"[5, 4]",1,4.216846136900592,3.75,0.4668461369005916,0.0,True,0.05,1500,5.171453666897243,0.4828546333102757
80,2,dynamic_dijkstra,8,1,"[8, 7, 1]",2,17.81813837793623,16.9,0.9181383779362307,0.0,True,0.05,1500,4.444552639314776,0.5555447360685224
81,2,dynamic_dijkstra,13,8,"[13, 9, 8]",2,10.143985887982861,9.5,0.6439858879828613,0.0,True,0.05,1500,5.611247704267986,0.4388752295732014
82,2,dynamic_dijkstra,9,5,"[9, 13, 10, 5]",3,15.27959852312849,13.75,1.5295985231284899,0.0,True,0.05,1500,4.595525741700332,0.5404474258299669
83,2,dynamic_dijkstra,2,0,"[2, 1, 0]",2,11.065544055593257,10.25,0.8155440555932572,0.0,True,0.05,1500,5.2319328280915816,0.47680671719084183
84,2,dynamic_dijkstra,2,4,"[2, 5, 4]",2,15.115300473998072,14.25,0.8653004739980723,0.0,True,0.05,1500,5.121453666897243,0.4878546333102757
85,2,dynamic_dijkstra,9,1,"[9, 8, 7, 1]",3,23.095909759854745,21.9,1.1959097598547466,0.0,True,0.05,1500,4.394552639314776,0.5605447360685224
86,2,dynamic_dijkstra,2,8,"[2, 1, 7, 8]",3,21.974149556123717,20.65,1.324149556123718,0.0,True,0.05,1500,4.344552639314776,0.5655447360685224
87,2,dynamic_dijkstra,2,4,"[2, 5, 4]",2,15.132900147467858,14.25,0.8829001474678577,0.0,True,0.05,1500,5.071453666897243,0.4928546333102757
88,2,dynamic_dijkstra,8,12,"[8, 12]",1,4.766365046543572,4.5,0.26636504654357207,0.0,True,0.05,1500,6.524305906892273,0.3475694093107727
89,2,dynamic_dijkstra,4,8,"[4, 3, 8]",2,16.031960323662105,15.0,1.0319603236621049,0.0,True,0.05,1500,4.289142183507802,0.5710857816492199
90,2,dynamic_dijkstra,0,3,"[0, 3]",1,6.088876335777922,5.5,0.5888763357779219,0.0,True,0.05,1500,4.591889671684222,0.5408110328315778
91,2,dynamic_dijkstra,5,12,"[5, 10, 11, 12]",3,12.819262818819729,11.25,1.5692628188197286,0.0,True,0.05,1500,4.286555754465778,0.5713444245534223
92,2,dynamic_dijkstra,10,6,"[10, 5, 6]",2,14.503243824859739,13.5,1.003243824859739,0.0,True,0.05,1500,4.495525741700332,0.5504474258299668
93,2,dynamic_dijkstra,3,1,"[3, 0, 1]",2,13.065754309335277,12.0,1.0657543093352775,0.0,True,0.05,1500,4.541889671684222,0.5458110328315777
94,2,dynamic_dijkstra,6,8,"[6, 11, 12, 8]",3,18.863898155159724,17.75,1.113898155159724,0.0,True,0.05,1500,4.843673026366347,0.5156326973633653
95,2,dynamic_dijkstra,12,2,"[12, 11, 10, 5, 2]",4,23.77598250147101,21.75,2.0259825014710096,0.0,True,0.05,1500,4.236555754465778,0.5763444245534222
96,2,dynamic_dijkstra,7,6,"[7, 12, 11, 6]",3,20.27567242571778,19.0,1.2756724257177794,0.0,True,0.05,1500,4.793673026366347,0.5206326973633653
97,2,dynamic_dijkstra,13,3,"[13, 10, 5, 4, 3]",4,18.060530626527846,16.0,2.0605306265278465,0.0,True,0.05,1500,4.395525741700332,0.5604474258299668
98,2,dynamic_dijkstra,7,13,"[7, 8, 9, 13]",3,12.735930733600345,11.4,1.3359307336003443,0.0,True,0.05,1500,4.294552639314777,0.5705447360685223
99,2,dynamic_dijkstra,3,5,"[3, 4, 5]",2,7.637239634301846,6.75,0.8872396343018458,0.0,True,0.05,1500,4.9714536668972436,0.5028546333102757
100,3,dynamic_dijkstra,11,4,"[11, 10, 5, 4]",3,14.646676842503506,13.25,1.3966768425035063,0.0,True,0.05,1500,4.524136749143215,0.5475863250856785
101,3,dynamic_dijkstra,7,11,"[7, 12, 11]",2,8.095109404584793,7.5,0.5951094045847931,0.0,True,0.05,1500,6.231926072525093,0.37680739274749064
102,3,dynamic_dijkstra,7,3,"[7, 12, 8, 3]",3,23.76265539623953,22.25,1.5126553962395306,0.0,True,0.05,1500,3.8980285605322926,0.6101971439467707
103,3,dynamic_dijkstra,1,9,"[1, 0, 3, 4, 9]",4,28.0477527394097,26.0,2.047752739409699,0.0,True,0.05,1500,4.507267442095432,0.5492732557904568
104,3,dynamic_dijkstra,3,1,"[3, 0, 1]",2,12.95930460490798,12.0,0.9593046049079792,0.0,True,0.05,1500,4.457267442095432,0.5542732557904568
105,3,dynamic_dijkstra,8,10,"[8, 12, 11, 10]",3,9.975710082482042,8.25,1.725710082482042,0.0,True,0.05,1500,3.848028560532293,0.6151971439467707
106,3,dynamic_dijkstra,10,12,"[10, 11, 12]",2,4.695568462335093,3.75,0.9455684623350926,0.0,True,0.05,1500,4.424136749143216,0.5575863250856784
107,3,dynamic_dijkstra,1,8,"[1, 0, 3, 8]",3,25.418681877699143,24.0,1.418681877699143,0.0,True,0.05,1500,4.407267442095432,0.5592732557904567
108,3,dynamic_dijkstra,3,12,"[3, 8, 12]",2,17.764961223130104,16.5,1.2649612231301042,0.0,True,0.05,1500,3.798028560532293,0.6201971439467707
109,3,dynamic_dijkstra,0,1,"[0, 1]",1,6.851809599143928,6.5,0.3518095991439276,0.0,True,0.05,1500,5.8698563681661025,0.41301436318338974
110,3,dynamic_dijkstra,5,7,"[5, 10, 11, 12, 7]",4,18.62628210942133,17.0,1.6262821094213287,0.0,True,0.05,1500,4.374136749143216,0.5625863250856784
111,3,dynamic_dijkstra,10,6,"[10, 5, 6]",2,14.477397588196297,13.5,0.9773975881962969,0.0,True,0.05,1500,4.48637413039994,0.551362586960006
112,3,dynamic_dijkstra,4,12,"[4, 5, 10, 11, 12]",4,16.807848454818775,15.0,1.8078484548187745,0.0,True,0.05,1500,4.324136749143216,0.5675863250856784
113,3,dynamic_dijkstra,8,12,"[8, 12]",1,5.334034658287103,4.5,0.834034658287103,0.0,True,0.05,1500,3.748028560532293,0.6251971439467707
114,3,dynamic_dijkstra,8,7,"[8, 12, 7]",2,11.414175817012135,10.25,1.1641758170121346,0.0,True,0.05,1500,3.6980285605322933,0.6301971439467706
115,3,dynamic_dijkstra,3,13,"[3, 4, 5, 10, 13]",4,17.8291998705777,16.0,1.8291998705776997,0.0,True,0.05,1500,4.633589954495766,0.5366410045504234
116,3,dynamic_dijkstra,2,13,"[2, 5, 10, 13]",3,20.954939677431714,19.75,1.2049396774317138,0.0,True,0.05,1500,5.4402802651452316,0.45597197348547686
117,3,dynamic_dijkstra,4,0,"[4, 3, 0]",2,9.738356186848517,8.5,1.2383561868485167,0.0,True,0.05,1500,4.3572674420954325,0.5642732557904567
118,3,dynamic_dijkstra,13,12,"[13, 10, 11, 12]",3,6.933273604435687,5.5,1.433273604435687,0.0,True,0.05,1500,4.274136749143216,0.5725863250856784
119,3,dynamic_dijkstra,11,1,"[11, 12, 7, 1]",3,23.483872786764923,22.5,0.9838727867649233,0.0,True,0.05,1500,5.931926072525094,0.40680739274749056
120,3,dynamic_dijkstra,12,10,"[12, 11, 10]",2,4.783735487569977,3.75,1.0337354875699774,0.0,True,0.05,1500,4.2241367491432165,0.5775863250856783
121,3,dynamic_dijkstra,11,1,"[11, 12, 7, 1]",3,23.511901389945443,22.5,1.011901389945443,0.0,True,0.05,1500,5.8319260725250945,0.41680739274749057
122,3,dynamic_dijkstra,4,6,"[4, 5, 6]",2,10.847735209048073,9.75,1.0977352090480732,0.0,True,0.05,1500,4.43637413039994,0.556362586960006
123,3,dynamic_dijkstra,10,4,"[10, 5, 4]",2,12.12396475483103,11.25,0.8739647548310305,0.0,True,0.05,1500,5.100982006164472,0.4899017993835528
124,3,dynamic_dijkstra,5,13,"[5, 10, 13]",2,10.088101916133308,9.25,0.8381019161333079,0.0,True,0.05,1500,5.340280265145232,0.4659719734854768
125,3,dynamic_dijkstra,1,10,"[1, 2, 5, 10]",3,22.868571955983413,21.75,1.1185719559834126,0.0,True,0.05,1500,5.494334635643998,0.4505665364356002
126,3,dynamic_dijkstra,3,4,"[3, 4]",1,3.6028787451414117,3.0,0.6028787451414117,0.0,True,0.05,1500,4.533589954495766,0.5466410045504234
127,3,dynamic_dijkstra,13,12,"[13, 10, 11, 12]",3,7.007745714804544,5.5,1.5077457148045443,0.0,True,0.05,1500,4.174136749143217,0.5825863250856783
128,3,dynamic_dijkstra,1,0,"[1, 0]",1,6.859127731630867,6.5,0.359127731630867,0.0,True,0.05,1500,5.819856368166103,0.41801436318338975
129,3,dynamic_dijkstra,12,10,"[12, 11, 10]",2,4.834682062574226,3.75,1.0846820625742257,0.0,True,0.05,1500,4.124136749143217,0.5875863250856783
130,3,dynamic_dijkstra,2,9,"[2, 5, 10, 13, 9]",4,25.81897152771902,24.25,1.5689715277190217,0.0,True,0.05,1500,5.240280265145232,0.47597197348547676
131,3,dynamic_dijkstra,7,10,"[7, 12, 11, 10]",3,10.939620651080281,9.5,1.439620651080281,0.0,True,0.05,1500,4.074136749143217,0.5925863250856783
132,3,dynamic_dijkstra,2,0,"[2, 1, 0]",2,10.923374144322807,10.25,0.673374144322807,0.0,True,0.05,1500,5.769856368166103,0.4230143631833897
133,3,dynamic_dijkstra,4,13,"[4, 5, 10, 13]",3,14.380144005034095,13.0,1.3801440050340954,0.0,True,0.05,1500,5.050982006164472,0.49490179938355283
134,3,dynamic_dijkstra,13,4,"[13, 10, 5, 4]",3,14.40808340309681,13.0,1.4080834030968106,0.0,True,0.05,1500,5.000982006164472,0.4999017993835528
135,3,dynamic_dijkstra,13,6,"[13, 10, 5, 6]",3,16.81656356806153,15.25,1.5665635680615289,0.0,True,0.05,1500,4.386374130399941,0.561362586960006
136,3,dynamic_dijkstra,0,12,"[0, 3, 8, 12]",3,23.98900330133502,22.0,1.9890033013350212,0.0,True,0.05,1500,3.6480285605322935,0.6351971439467706
137,3,dynamic_dijkstra,3,2,"[3, 0, 1, 2]",3,17.11197377436152,15.75,1.3619737743615197,0.0,True,0.05,1500,4.257267442095433,0.5742732557904567
138,3,dynamic_dijkstra,0,9,"[0, 3, 4, 9]",3,21.35482484876173,19.5,1.85482484876173,0.0,True,0.05,1500,4.207267442095433,0.5792732557904567
139,3,dynamic_dijkstra,1,4,"[1, 0, 3, 4]",3,16.71232392059269,15.0,1.7123239205926915,0.0,True,0.05,1500,4.157267442095433,0.5842732557904566
140,3,dynamic_dijkstra,12,9,"[12, 8, 9]",2,10.781152778870016,9.5,1.281152778870016,0.0,True,0.05,1500,3.5980285605322937,0.6401971439467706
141,3,dynamic_dijkstra,5,7,"[5, 10, 11, 12, 7]",4,18.923078338161034,17.0,1.9230783381610337,0.0,True,0.05,1500,4.024136749143217,0.5975863250856783
142,3,dynamic_dijkstra,13,11,"[13, 10, 11]",2,5.000143192704369,3.75,1.2501431927043694,0.0,True,0.05,1500,3.9741367491432174,0.6025863250856782
143,3,dynamic_dijkstra,9,1,"[9, 4, 3, 0, 1]",4,28.310069883004296,26.0,2.310069883004296,0.0,True,0.05,1500,4.107267442095433,0.5892732557904566
144,3,dynamic_dijkstra,1,10,"[1, 2, 5, 10]",3,22.957621834019864,21.75,1.2076218340198643,0.0,True,0.05,1500,5.194334635643999,0.4805665364356001
145,3,dynamic_dijkstra,1,7,"[1, 7]",1,15.335970138324459,15.0,0.3359701383244591,0.0,True,0.05,1500,5.981074886265125,0.4018925113734875
146,3,dynamic_dijkstra,1,5,"[1, 2, 5]",2,15.010450944802834,14.25,0.7604509448028338,0.0,True,0.05,1500,5.3553989234578765,0.46446010765421236
147,3,dynamic_dijkstra,1,3,"[1, 0, 3]",2,13.130045740188283,12.0,1.130045740188283,0.0,True,0.05,1500,4.0572674420954336,0.5942732557904566
148,3,dynamic_dijkstra,9,6,"[9, 13, 10, 5, 6]",4,21.662973212610872,19.75,1.912973212610872,0.0,True,0.05,1500,4.336374130399941,0.566362586960006
149,3,dynamic_dijkstra,7,12,"[7, 12]",1,6.096475356150989,5.75,0.34647535615098857,0.0,True,0.05,1500,5.906846506123366,0.4093153493876634
150,4,dynamic_dijkstra,13,12,"[13, 10, 11, 12]",3,6.81855945352974,5.5,1.3185594535297396,0.0,True,0.05,1500,4.3259086497637655,0.5674091350236234
151,4,dynamic_dijkstra,0,8,"[0, 3, 8]",2,18.879255680700513,17.5,1.3792556807005134,0.0,True,0.05,1500,3.6016932539004847,0.6398306746099516
152,4,dynamic_dijkstra,1,8,"[1, 7, 8]",2,19.142841518807437,16.9,2.242841518807438,0.017635259191641328,True,0.05,1500,2.1091651872407207,0.789083481275928
153,4,dynamic_dijkstra,10,1,"[10, 5, 2, 1]",3,22.781283146883638,21.75,1.0312831468836379,0.0,True,0.05,1500,5.73674556022554,0.42632544397744604
154,4,dynamic_dijkstra,5,9,"[5, 10, 13, 9]",3,14.80212131521067,13.75,1.0521213152106696,0.0,True,0.05,1500,5.1969338877570435,0.48030661122429563
155,4,dynamic_dijkstra,12,2,"[12, 11, 10, 5, 2]",4,23.314442669173253,21.75,1.5644426691732534,0.0,True,0.05,1500,4.275908649763766,0.5724091350236234
156,4,dynamic_dijkstra,2,13,"[2, 5, 10, 13]",3,20.915929670343864,19.75,1.1659296703438642,0.0,True,0.05,1500,5.146933887757044,0.48530661122429564
157,4,dynamic_dijkstra,6,10,"[6, 5, 10]",2,14.37962996720741,13.5,0.8796299672074106,0.0,True,0.05,1500,4.765902154602073,0.5234097845397927
158,4,dynamic_dijkstra,8,10,"[8, 12, 11, 10]",3,10.238215754190483,8.25,1.9882157541904828,0.0,True,0.05,1500,3.154531265709405,0.6845468734290595
159,4,dynamic_dijkstra,9,0,"[9, 4, 3, 0]",3,21.109221864296494,19.5,1.6092218642964937,0.0,True,0.05,1500,4.135312026306962,0.5864687973693038
160,4,dynamic_dijkstra,11,3,"[11, 10, 5, 4, 3]",4,18.283675577823352,16.25,2.0336755778233524,0.0,True,0.05,1500,4.175908649763766,0.5824091350236233
161,4,dynamic_dijkstra,6,10,"[6, 5, 10]",2,14.404781142702529,13.5,0.9047811427025287,0.0,True,0.05,1500,4.715902154602073,0.5284097845397927
162,4,dynamic_dijkstra,4,7,"[4, 3, 8, 7]",3,20.1515984890122,16.9,3.2515984890122027,0.019670447664439705,True,0.05,1500,2.059165187240721,0.7940834812759279
163,4,dynamic_dijkstra,7,13,"[7, 12, 11, 10, 13]",4,13.222332524370465,11.25,1.972332524370465,0.0,True,0.05,1500,4.125908649763766,0.5874091350236234
164,4,dynamic_dijkstra,8,9,"[8, 9]",1,5.396522961832492,5.0,0.3965229618324919,0.0,True,0.05,1500,5.577101996116203,0.44228980038837973
165,4,dynamic_dijkstra,1,5,"[1, 2, 5]",2,15.00769471298722,14.25,0.7576947129872202,0.0,True,0.05,1500,5.68674556022554,0.431325443977446
166,4,dynamic_dijkstra,5,12,"[5, 10, 11, 12]",3,12.558988848538318,11.25,1.308988848538318,0.0,True,0.05,1500,4.075908649763766,0.5924091350236234
167,4,dynamic_dijkstra,8,13,"[8, 9, 13]",2,10.19045453070127,9.5,0.6904545307012704,0.0,True,0.05,1500,5.527101996116203,0.44728980038837973
168,4,dynamic_dijkstra,3,6,"[3, 4, 5, 6]",3,14.349285042254191,12.75,1.5992850422541913,0.0,True,0.05,1500,4.530756380309923,0.5469243619690076
169,4,dynamic_dijkstra,13,3,"[13, 10, 5, 4, 3]",4,17.89836407001247,16.0,1.8983640700124695,0.0,True,0.05,1500,4.4807563803099235,0.5519243619690076
170,4,dynamic_dijkstra,12,10,"[12, 11, 10]",2,4.727868460519531,3.75,0.9778684605195309,0.0,True,0.05,1500,4.025908649763767,0.5974091350236234
171,4,dynamic_dijkstra,13,10,"[13, 10]",1,2.2506135987211016,1.75,0.5006135987211016,0.0,True,0.05,1500,4.996933887757044,0.5003066112242955
172,4,dynamic_dijkstra,0,11,"[0, 3, 4, 5, 10, 11]",5,24.45511491659865,21.75,2.7051149165986494,0.0,True,0.05,1500,3.975908649763767,0.6024091350236234
173,4,dynamic_dijkstra,5,7,"[5, 10, 11, 12, 7]",4,18.954515855928094,17.0,1.9545158559280935,0.0,True,0.05,1500,3.925908649763767,0.6074091350236233
174,4,dynamic_dijkstra,11,2,"[11, 10, 5, 2]",3,21.558035743642286,20.0,1.5580357436422858,0.0,True,0.05,1500,3.875908649763767,0.6124091350236233
175,4,dynamic_dijkstra,12,4,"[12, 11, 10, 5, 4]",4,17.08475806457043,15.0,2.08475806457043,0.0,True,0.05,1500,3.8259086497637673,0.6174091350236233
176,4,dynamic_dijkstra,11,12,"[11, 12]",1,2.0025266285715517,1.75,0.2525266285715517,0.0,True,0.05,1500,6.6442831524659995,0.33557168475340005
177,4,dynamic_dijkstra,13,2,"[13, 10, 5, 2]",3,21.052496861068054,19.75,1.3024968610680538,0.0,True,0.05,1500,4.946933887757044,0.5053066112242955
178,4,dynamic_dijkstra,2,7,"[2, 1, 7]",2,19.516946908011533,18.75,0.7669469080115334,0.0,True,0.05,1500,5.63674556022554,0.436325443977446
179,4,dynamic_dijkstra,7,1,"[7, 1]",1,15.387721391456752,15.0,0.38772139145675233,0.0,True,0.05,1500,5.63239778619618,0.43676022138038195
180,4,dynamic_dijkstra,0,9,"[0, 3, 4, 9]",3,21.195745330394942,19.5,1.6957453303949421,0.0,True,0.05,1500,4.085312026306962,0.5914687973693038
181,4,dynamic_dijkstra,11,2,"[11, 10, 5, 2]",3,21.632151732049977,20.0,1.6321517320499765,0.0,True,0.05,1500,3.7759086497637675,0.6224091350236233
182,4,dynamic_dijkstra,5,8,"[5, 10, 11, 12, 8]",4,18.37474737011844,15.75,2.6247473701184383,0.0,True,0.05,1500,3.1045312657094053,0.6895468734290595
183,4,dynamic_dijkstra,11,8,"[11, 12, 8]",2,7.650937986682689,6.25,1.4009379866826892,0.0,True,0.05,1500,3.0545312657094055,0.6945468734290594
184,4,dynamic_dijkstra,10,4,"[10, 5, 4]",2,12.326975179493719,11.25,1.0769751794937186,0.0,True,0.05,1500,4.330756380309924,0.5669243619690076
185,4,dynamic_dijkstra,6,10,"[6, 5, 10]",2,14.514242537502122,13.5,1.0142425375021222,0.0,True,0.05,1500,4.6159021546020735,0.5384097845397926
186,4,dynamic_dijkstra,10,11,"[10, 11]",1,2.8602079040569532,2.0,0.8602079040569532,0.0,True,0.05,1500,3.675908649763768,0.6324091350236232
187,4,dynamic_dijkstra,6,0,"[6, 5, 4, 3, 0]",4,20.50460075419415,18.25,2.2546007541941506,0.0,True,0.05,1500,4.280756380309924,0.5719243619690075
188,4,dynamic_dijkstra,3,11,"[3, 4, 5, 10, 11]",4,18.719446903072367,16.25,2.4694469030723667,0.0,True,0.05,1500,3.625908649763768,0.6374091350236232
189,4,dynamic_dijkstra,3,8,"[3, 8]",1,12.927880638725442,12.0,0.9278806387254424,0.0,True,0.05,1500,3.501693253900485,0.6498306746099515
190,4,dynamic_dijkstra,5,12,"[5, 10, 11, 12]",3,12.866849893686073,11.25,1.616849893686073,0.0,True,0.05,1500,3.575908649763768,0.6424091350236232
191,4,dynamic_dijkstra,13,0,"[13, 10, 5, 4, 3, 0]",5,24.19583043873377,21.5,2.6958304387337684,0.0,True,0.05,1500,4.180756380309925,0.5819243619690075
192,4,dynamic_dijkstra,12,7,"[12, 7]",1,6.326965764798056,5.75,0.5769657647980564,0.0,True,0.05,1500,4.642673113139821,0.5357326886860179
193,4,dynamic_dijkstra,1,13,"[1, 2, 5, 10, 13]",4,25.30404882838741,23.5,1.8040488283874083,0.0,True,0.05,1500,4.846933887757045,0.5153066112242956
194,4,dynamic_dijkstra,0,1,"[0, 1]",1,6.8826024589903145,6.5,0.38260245899031453,0.0,True,0.05,1500,5.665064660843946,0.4334935339156054
195,4,dynamic_dijkstra,9,12,"[9, 8, 12]",2,11.077044619513483,9.5,1.577044619513483,0.0,True,0.05,1500,3.0045312657094057,0.6995468734290594
196,4,dynamic_dijkstra,10,11,"[10, 11]",1,2.918074175102351,2.0,0.9180741751023511,0.0,True,0.05,1500,3.5259086497637684,0.6474091350236232
197,4,dynamic_dijkstra,11,3,"[11, 10, 5, 4, 3]",4,18.86341822266328,16.25,2.613418222663281,0.0,True,0.05,1500,3.4759086497637686,0.6524091350236232
198,4,dynamic_dijkstra,4,11,"[4, 5, 10, 11]",3,15.420846844476529,13.25,2.1708468444765288,0.0,True,0.05,1500,3.4259086497637687,0.6574091350236231
199,4,dynamic_dijkstra,10,8,"[10, 11, 12, 8]",3,10.699280037451892,8.25,2.449280037451892,4.5942351066363685e-05,True,0.05,1500,2.954531265709406,0.7045468734290594
200,5,dynamic_dijkstra,8,10,"[8, 12, 11, 10]",3,9.887189676420881,8.25,1.6371896764208813,0.0,True,0.05,1500,3.8006612334612235,0.6199338766538777
201,5,dynamic_dijkstra,1,11,"[1, 7, 12, 11]",3,23.73761913752361,22.5,1.237619137523609,0.0,True,0.05,1500,4.382188215926495,0.5617811784073505
202,5,dynamic_dijkstra,4,7,"[4, 3, 8, 7]",3,18.840329214401354,16.9,1.9403292144013555,0.0,True,0.05,1500,3.099688096594879,0.6900311903405121
203,5,dynamic_dijkstra,13,11,"[13, 10, 11]",2,5.466011094714498,3.75,1.7160110947144984,0.0,True,0.05,1500,3.1768969164654166,0.6823103083534583
204,5,dynamic_dijkstra,10,5,"[10, 5]",1,7.847965714461656,7.5,0.34796571446165636,0.0,True,0.05,1500,5.896464815413353,0.41035351845866475
205,5,dynamic_dijkstra,3,8,"[3, 8]",1,12.401374593238247,12.0,0.40137459323824665,0.0,True,0.05,1500,5.547083351924952,0.4452916648075048
206,5,dynamic_dijkstra,1,0,"[1, 0]",1,7.211962070577206,6.5,0.7119620705772061,0.0,True,0.05,1500,4.125541649681092,0.5874458350318907
207,5,dynamic_dijkstra,2,6,"[2, 5, 6]",2,17.651917340634217,16.5,1.151917340634217,0.0,True,0.05,1500,4.097380312741515,0.5902619687258486
208,5,dynamic_dijkstra,3,7,"[3, 8, 7]",2,15.44908517984763,13.9,1.54908517984763,0.0,True,0.05,1500,3.0496880965948794,0.6950311903405121
209,5,dynamic_dijkstra,7,4,"[7, 8, 3, 4]",3,18.92750837021966,16.9,2.0275083702196603,2.1618608014861707e-09,True,0.05,1500,2.9996880965948796,0.7000311903405121
210,5,dynamic_dijkstra,4,9,"[4, 9]",1,11.488204466575604,11.0,0.48820446657560446,0.0,True,0.05,1500,5.059681643947992,0.4940318356052008
211,5,dynamic_dijkstra,4,2,"[4, 5, 2]",2,15.122209091495886,14.25,0.8722090914958862,0.0,True,0.05,1500,5.316963774210904,0.4683036225789096
212,5,dynamic_dijkstra,3,4,"[3, 4]",1,3.4517182590102573,3.0,0.4517182590102573,0.0,True,0.05,1500,5.2536556409034,0.47463443590966004
213,5,dynamic_dijkstra,12,9,"[12, 8, 9]",2,10.732038222650246,9.5,1.232038222650246,0.0,True,0.05,1500,3.7506612334612237,0.6249338766538777
214,5,dynamic_dijkstra,11,6,"[11, 6]",1,11.987168880007937,11.5,0.48716888000793723,0.0,True,0.05,1500,5.0649894878774955,0.49350105121225046
215,5,dynamic_dijkstra,4,6,"[4, 5, 6]",2,10.925954359858494,9.75,1.175954359858494,0.0,True,0.05,1500,4.047380312741515,0.5952619687258485
216,5,dynamic_dijkstra,11,12,"[11, 12]",1,1.952100974985379,1.75,0.20210097498537904,0.0,True,0.05,1500,7.121482775471325,0.2878517224528675
217,5,dynamic_dijkstra,8,2,"[8, 7, 1, 2]",3,22.744049019378934,20.65,2.094049019378936,5.625083609439585e-05,True,0.05,1500,2.9496880965948797,0.705031190340512
218,5,dynamic_dijkstra,7,13,"[7, 8, 9, 13]",3,13.375442704815871,11.4,1.9754427048158707,0.00022361062143905208,True,0.05,1500,2.89968809659488,0.710031190340512
219,5,dynamic_dijkstra,1,8,"[1, 7, 8]",2,18.570484645083127,16.9,1.6704846450831283,0.0005020815178948812,True,0.05,1500,2.84968809659488,0.715031190340512
220,5,dynamic_dijkstra,10,2,"[10, 5, 2]",2,18.804531202211766,18.0,0.8045312022117663,0.0,True,0.05,1500,5.266963774210904,0.4733036225789096
221,5,dynamic_dijkstra,2,8,"[2, 1, 7, 8]",3,22.861573240866246,20.65,2.2115732408662474,0.0008916635254618832,True,0.05,1500,2.7996880965948803,0.720031190340512
222,5,dynamic_dijkstra,6,12,"[6, 11, 12]",2,13.954076350212654,13.25,0.7040763502126541,0.0,True,0.05,1500,5.014989487877496,0.4985010512122504
223,5,dynamic_dijkstra,1,13,"[1, 2, 5, 10, 13]",4,25.931450085099236,23.5,2.431450085099236,0.0,True,0.05,1500,3.126896916465417,0.6873103083534583
224,5,dynamic_dijkstra,8,1,"[8, 7, 1]",2,18.65138548942555,16.9,1.7513854894255516,0.001392356644139836,True,0.05,1500,2.7496880965948804,0.725031190340512
225,5,dynamic_dijkstra,8,9,"[8, 9]",1,5.415397704489847,5.0,0.41539770448984736,0.0,True,0.05,1500,5.462106771161842,0.4537893228838158
226,5,dynamic_dijkstra,6,13,"[6, 5, 10, 13]",3,17.495933172656294,15.25,2.2459331726562937,0.0,True,0.05,1500,3.076896916465417,0.6923103083534583
227,5,dynamic_dijkstra,1,13,"[1, 2, 5, 10, 13]",4,26.019028591606336,23.5,2.519028591606336,0.0,True,0.05,1500,3.026896916465417,0.6973103083534583
228,5,dynamic_dijkstra,11,2,"[11, 10, 5, 2]",3,21.517995767314495,20.0,1.5179957673144955,0.0,True,0.05,1500,4.327715392695295,0.5672284607304705
229,5,dynamic_dijkstra,7,6,"[7, 12, 11, 6]",3,20.37330292625693,19.0,1.3733029262569296,0.0,True,0.05,1500,4.332188215926495,0.5667811784073505
230,5,dynamic_dijkstra,12,11,"[12, 11]",1,1.9672075383435144,1.75,0.21720753834351436,0.0,True,0.05,1500,6.971482775471325,0.30285172245286746
231,5,dynamic_dijkstra,1,12,"[1, 7, 12]",2,21.85941158522061,20.75,1.1094115852206095,0.0,True,0.05,1500,4.282188215926495,0.5717811784073505
232,5,dynamic_dijkstra,8,9,"[8, 9]",1,5.42385464873721,5.0,0.4238546487372101,0.0,True,0.05,1500,5.4121067711618425,0.45878932288381574
233,5,dynamic_dijkstra,1,7,"[1, 7]",1,15.450738155858865,15.0,0.4507381558588648,0.0,True,0.05,1500,5.2590715636979635,0.47409284363020365
234,5,dynamic_dijkstra,13,2,"[13, 10, 5, 2]",3,21.80980670821223,19.75,2.0598067082122284,1.1861165973514609e-05,True,0.05,1500,2.9768969164654173,0.7023103083534583
235,5,dynamic_dijkstra,7,0,"[7, 8, 3, 0]",3,21.52233218169554,19.4,2.1223321816955405,0.002004160873928962,True,0.05,1500,2.6996880965948806,0.7300311903405119
236,5,dynamic_dijkstra,6,13,"[6, 5, 10, 13]",3,17.626431813770782,15.25,2.3764318137707825,0.0001187569071614547,True,0.05,1500,2.9268969164654175,0.7073103083534582
237,5,dynamic_dijkstra,6,10,"[6, 11, 10]",2,14.686144388501251,13.5,1.1861443885012513,0.0,True,0.05,1500,4.2777153926952955,0.5722284607304704
238,5,dynamic_dijkstra,11,13,"[11, 10, 13]",2,5.670655571891153,3.75,1.920655571891153,0.00033676375946045667,True,0.05,1500,2.8768969164654177,0.7123103083534582
239,5,dynamic_dijkstra,6,3,"[6, 5, 4, 3]",3,14.443294429724363,12.75,1.6932944297243626,0.0,True,0.05,1500,3.8973803127415154,0.6102619687258485
240,5,dynamic_dijkstra,1,13,"[1, 2, 5, 10, 13]",4,26.20731386828039,23.5,2.707313868280391,0.0006658817228706315,True,0.05,1500,2.826896916465418,0.7173103083534582
241,5,dynamic_dijkstra,11,1,"[11, 12, 7, 1]",3,23.863674449286023,22.5,1.363674449286023,0.0,True,0.05,1500,4.232188215926495,0.5767811784073504
242,5,dynamic_dijkstra,1,9,"[1, 7, 8, 9]",3,24.18865049285584,21.9,2.28865049285584,0.0027270762148292604,True,0.05,1500,2.649688096594881,0.7350311903405119
243,5,dynamic_dijkstra,10,8,"[10, 11, 12, 8]",3,10.025581262263081,8.25,1.7755812622630813,0.0,True,0.05,1500,3.700661233461224,0.6299338766538776
244,5,dynamic_dijkstra,10,11,"[10, 11]",1,2.7113238254866996,2.0,0.7113238254866996,0.0,True,0.05,1500,4.127715392695296,0.5872284607304704
245,5,dynamic_dijkstra,10,8,"[10, 11, 12, 8]",3,10.078770160482401,8.25,1.8287701604824012,0.0,True,0.05,1500,3.650661233461224,0.6349338766538776
246,5,dynamic_dijkstra,9,12,"[9, 8, 12]",2,10.829879971435304,9.5,1.3298799714353038,0.0,True,0.05,1500,3.6006612334612242,0.6399338766538776
247,5,dynamic_dijkstra,8,9,"[8, 9]",1,5.4501897657040566,5.0,0.45018976570405655,0.0,True,0.05,1500,5.262106771161843,0.4737893228838157
248,5,dynamic_dijkstra,10,5,"[10, 5]",1,7.918026677754372,7.5,0.41802667775437197,0.0,True,0.05,1500,5.446464815413354,0.45535351845866456
249,5,dynamic_dijkstra,13,4,"[13, 10, 5, 4]",3,15.18572418154864,13.0,2.1857241815486397,0.0011061107973919793,True,0.05,1500,2.776896916465418,0.7223103083534582
250,6,dynamic_dijkstra,2,12,"[2, 5, 10, 11, 12]",4,24.058617869610835,21.75,2.308617869610835,0.0,True,0.05,1500,3.4948676443836675,0.6505132355616332
251,6,dynamic_dijkstra,7,12,"[7, 12]",1,6.286045171658834,5.75,0.5360451716588344,0.0,True,0.05,1500,4.826044401128178,0.5173955598871822
252,6,dynamic_dijkstra,5,9,"[5, 10, 13, 9]",3,15.593975583061836,13.75,1.8439755830618356,0.0,True,0.05,1500,3.6210835550751588,0.6378916444924841
253,6,dynamic_dijkstra,9,2,"[9, 13, 10, 5, 2]",4,27.084245940650078,24.25,2.834245940650078,0.0,True,0.05,1500,3.4448676443836677,0.6555132355616332
254,6,dynamic_dijkstra,13,12,"[13, 10, 11, 12]",3,7.38987750794194,5.5,1.8898775079419403,0.0,True,0.05,1500,3.521083555075159,0.647891644492484
255,6,dynamic_dijkstra,8,10,"[8, 9, 13, 10]",3,13.270654286642928,11.25,2.0206542866429285,0.0,True,0.05,1500,3.4710835550751593,0.652891644492484
256,6,dynamic_dijkstra,1,5,"[1, 2, 5]",2,15.464762445968633,14.25,1.214762445968633,0.0,True,0.05,1500,3.394867644383668,0.6605132355616332
257,6,dynamic_dijkstra,12,0,"[12, 11, 10, 5, 4, 3, 0]",6,26.4872045503769,23.5,2.9872045503769016,0.0,True,0.05,1500,3.5594511166827205,0.644054888331728
258,6,dynamic_dijkstra,13,11,"[13, 10, 11]",2,5.422806699599708,3.75,1.6728066995997084,0.0,True,0.05,1500,3.4210835550751595,0.657891644492484
259,6,dynamic_dijkstra,1,3,"[1, 0, 3]",2,12.712943839847709,12.0,0.7129438398477088,0.0,True,0.05,1500,5.503388220929649,0.4496611779070351
260,6,dynamic_dijkstra,8,11,"[8, 7, 12, 11]",3,11.446598520835362,9.4,2.046598520835362,7.637692672857188e-05,True,0.05,1500,2.941374393795992,0.7058625606204008
261,6,dynamic_dijkstra,1,6,"[1, 7, 12, 11, 6]",4,35.52136903459184,34.0,1.5213690345918423,0.0,True,0.05,1500,4.726044401128179,0.5273955598871821
262,6,dynamic_dijkstra,0,9,"[0, 3, 4, 9]",3,20.50357407698251,19.5,1.0035740769825097,0.0,True,0.05,1500,5.905208735410849,0.40947912645891515
263,6,dynamic_dijkstra,1,0,"[1, 0]",1,6.916861187474315,6.5,0.4168611874743151,0.0,True,0.05,1500,5.453388220929649,0.4546611779070351
264,6,dynamic_dijkstra,11,9,"[11, 10, 13, 9]",3,10.518366047530257,8.25,2.2683660475302574,0.0,True,0.05,1500,3.3710835550751597,0.6628916444924841
265,6,dynamic_dijkstra,13,3,"[13, 10, 5, 4, 3]",4,18.748037555885126,16.0,2.7480375558851264,0.0,True,0.05,1500,3.32108355507516,0.6678916444924841
266,6,dynamic_dijkstra,6,4,"[6, 11, 10, 5, 4]",4,27.275435537988823,24.75,2.525435537988823,0.0,True,0.05,1500,3.459451116682721,0.6540548883317279
267,6,dynamic_dijkstra,3,7,"[3, 8, 7]",2,15.360011305746108,13.9,1.4600113057461073,0.00026221160718198355,True,0.05,1500,2.891374393795992,0.7108625606204008
268,6,dynamic_dijkstra,9,10,"[9, 13, 10]",2,7.8489110186397095,6.25,1.5989110186397095,0.0,True,0.05,1500,3.27108355507516,0.672891644492484
269,6,dynamic_dijkstra,1,5,"[1, 2, 5]",2,15.492324497800109,14.25,1.2423244978001087,0.0,True,0.05,1500,3.344867644383668,0.6655132355616332
270,6,dynamic_dijkstra,0,12,"[0, 3, 4, 5, 10, 11, 12]",6,26.697939121814194,23.5,3.197939121814194,0.0,True,0.05,1500,3.409451116682721,0.6590548883317279
271,6,dynamic_dijkstra,3,10,"[3, 4, 5, 10]",3,16.099656155946903,14.25,1.849656155946903,0.0,True,0.05,1500,3.3594511166827212,0.6640548883317279
272,6,dynamic_dijkstra,0,1,"[0, 1]",1,6.925345319559466,6.5,0.4253453195594661,0.0,True,0.05,1500,5.403388220929649,0.4596611779070351
273,6,dynamic_dijkstra,12,0,"[12, 11, 10, 5, 4, 3, 0]",6,26.80645398814018,23.5,3.3064539881401807,0.0,True,0.05,1500,3.3094511166827214,0.6690548883317279
274,6,dynamic_dijkstra,1,9,"[1, 7, 8, 9]",3,24.00817762697764,21.9,2.1081776269776427,0.0005591573987464571,True,0.05,1500,2.8413743937959923,0.7158625606204008
275,6,dynamic_dijkstra,1,9,"[1, 7, 8, 9]",3,24.05723181441831,21.9,2.15723181441831,0.0009672143014219925,True,0.05,1500,2.7913743937959925,0.7208625606204008
276,6,dynamic_dijkstra,0,11,"[0, 3, 4, 5, 10, 11]",5,24.80130990572968,21.75,3.0513099057296813,0.0,True,0.05,1500,3.2594511166827216,0.6740548883317279
277,6,dynamic_dijkstra,6,3,"[6, 11, 10, 5, 4, 3]",5,30.902242033554614,27.75,3.1522420335546144,0.0,True,0.05,1500,3.2094511166827218,0.6790548883317278
278,6,dynamic_dijkstra,11,10,"[11, 10]",1,2.8235006762289667,2.0,0.8235006762289667,0.0,True,0.05,1500,3.7778598000013384,0.6222140199998661
279,6,dynamic_dijkstra,2,0,"[2, 0]",1,10.148133559496125,9.5,0.6481335594961255,0.0,True,0.05,1500,4.354894044029445,0.5645105955970555
280,6,dynamic_dijkstra,3,9,"[3, 4, 9]",2,14.753201245132525,14.0,0.7532012451325247,0.0,True,0.05,1500,5.55520873541085,0.444479126458915
281,6,dynamic_dijkstra,13,0,"[13, 10, 5, 4, 3, 0]",5,24.91475334997235,21.5,3.414753349972351,0.0,True,0.05,1500,3.159451116682722,0.6840548883317278
282,6,dynamic_dijkstra,2,0,"[2, 0]",1,10.161468772253434,9.5,0.6614687722534338,0.0,True,0.05,1500,4.304894044029445,0.5695105955970555
283,6,dynamic_dijkstra,7,13,"[7, 8, 9, 13]",3,13.871086470506246,11.4,2.471086470506245,0.0014863823152087008,True,0.05,1500,2.7413743937959927,0.7258625606204008
284,6,dynamic_dijkstra,3,12,"[3, 4, 5, 10, 11, 12]",5,21.23643237855177,18.0,3.2364323785517684,0.0,True,0.05,1500,3.109451116682722,0.6890548883317278
285,6,dynamic_dijkstra,3,11,"[3, 4, 5, 10, 11]",4,19.224190608465104,16.25,2.974190608465104,0.0,True,0.05,1500,3.0594511166827223,0.6940548883317278
286,6,dynamic_dijkstra,8,11,"[8, 7, 12, 11]",3,11.660206324763744,9.4,2.260206324763743,0.002116661440106471,True,0.05,1500,2.691374393795993,0.7308625606204007
287,6,dynamic_dijkstra,12,1,"[12, 7, 1]",2,21.649473956976927,20.75,0.8994739569769266,0.0,True,0.05,1500,4.626044401128179,0.5373955598871821
288,6,dynamic_dijkstra,10,9,"[10, 13, 9]",2,7.920528540203699,6.25,1.6705285402036987,0.0,True,0.05,1500,3.1710835550751604,0.682891644492484
289,6,dynamic_dijkstra,6,10,"[6, 11, 10]",2,14.759015513203908,13.5,1.2590155132039076,0.0,True,0.05,1500,3.627859800001339,0.6372140199998662
290,6,dynamic_dijkstra,2,5,"[2, 5]",1,11.517511639207374,10.5,1.017511639207374,0.0,True,0.05,1500,3.294867644383668,0.6705132355616332
291,6,dynamic_dijkstra,1,9,"[1, 7, 8, 9]",3,24.19505484285395,21.9,2.2950548428539506,0.002858051676115414,True,0.05,1500,2.641374393795993,0.7358625606204007
292,6,dynamic_dijkstra,7,10,"[7, 12, 11, 10]",3,11.33026938361005,9.5,1.8302693836100499,0.0,True,0.05,1500,3.577859800001339,0.642214019999866
293,6,dynamic_dijkstra,8,1,"[8, 7, 1]",2,18.661741422997448,16.9,1.7617414229974493,0.003710553023235419,True,0.05,1500,2.591374393795993,0.7408625606204007
294,6,dynamic_dijkstra,5,2,"[5, 2]",1,11.540894898642222,10.5,1.0408948986422217,0.0,True,0.05,1500,3.2448676443836684,0.6755132355616331
295,6,dynamic_dijkstra,0,9,"[0, 3, 4, 9]",3,20.639362974144436,19.5,1.1393629741444364,0.0,True,0.05,1500,5.355208735410851,0.4644791264589149
296,6,dynamic_dijkstra,3,0,"[3, 0]",1,5.852410930313489,5.5,0.35241093031348925,0.0,True,0.05,1500,5.865715492598346,0.41342845074016543
297,6,dynamic_dijkstra,9,7,"[9, 8, 7]",2,8.955865517850128,6.9,2.055865517850128,0.004674165481466486,True,0.05,1500,2.5413743937959934,0.7458625606204007
298,6,dynamic_dijkstra,9,8,"[9, 8]",1,5.600403238860186,5.0,0.6004032388601859,0.0,True,0.05,1500,4.543788879773815,0.5456211120226185
299,6,dynamic_dijkstra,0,13,"[0, 3, 4, 5, 10, 13]",5,25.132297582184002,21.5,3.632297582184002,0.0,True,0.05,1500,3.0094511166827225,0.6990548883317278
300,7,dynamic_dijkstra,13,0,"[13, 10, 5, 4, 3, 0]",5,24.642083049438927,21.5,3.142083049438927,0.004408350835606867,True,0.05,1500,2.5546060310216268,0.7445393968978373
301,7,dynamic_dijkstra,11,6,"[11, 6]",1,11.916848727482096,11.5,0.4168487274820958,0.0,True,0.05,1500,5.453462332582709,0.4546537667417291
302,7,dynamic_dijkstra,2,5,"[2, 5]",1,10.953932287596322,10.5,0.45393228759632187,0.0,True,0.05,1500,5.241462171910318,0.4758537828089682
303,7,dynamic_dijkstra,10,1,"[10, 5, 2, 1]",3,22.724733672693777,21.75,0.9747336726937768,0.0,True,0.05,1500,5.1914621719103184,0.4808537828089682
304,7,dynamic_dijkstra,4,13,"[4, 5, 10, 13]",3,15.503979871779183,13.0,2.5039798717791832,0.005453670766669916,True,0.05,1500,2.504606031021627,0.7495393968978373
305,7,dynamic_dijkstra,5,7,"[5, 10, 11, 12, 7]",4,19.143528577802904,17.0,2.143528577802904,0.0,True,0.05,1500,3.393001823285049,0.6606998176714951
306,7,dynamic_dijkstra,3,8,"[3, 8]",1,12.24253187040661,12.0,0.2425318704066104,0.0,True,0.05,1500,6.733717701924357,0.3266282298075643
307,7,dynamic_dijkstra,6,7,"[6, 11, 12, 7]",3,20.417632576275754,19.0,1.4176325762757536,0.0,True,0.05,1500,4.531779562918059,0.5468220437081941
308,7,dynamic_dijkstra,3,13,"[3, 4, 5, 10, 13]",4,19.019313606002495,16.0,3.0193136060024948,0.006610101808844027,True,0.05,1500,2.454606031021627,0.7545393968978373
309,7,dynamic_dijkstra,3,5,"[3, 4, 5]",2,8.057005116927577,6.75,1.3070051169275771,0.0,True,0.05,1500,3.7022575478702597,0.629774245212974
310,7,dynamic_dijkstra,9,6,"[9, 13, 10, 11, 6]",4,23.13303848862455,19.75,3.3830384886245497,0.00787764396212931,True,0.05,1500,2.4046060310216273,0.7595393968978372
311,7,dynamic_dijkstra,8,6,"[8, 12, 11, 6]",3,20.64099196405758,17.75,2.89099196405758,0.024043966979917508,True,0.05,1500,1.9598180379874464,0.8040181962012554
312,7,dynamic_dijkstra,13,2,"[13, 10, 5, 2]",3,22.053331507897997,19.75,2.3033315078979975,0.009256297226525656,True,0.05,1500,2.3546060310216275,0.7645393968978372
313,7,dynamic_dijkstra,9,6,"[9, 13, 10, 11, 6]",4,23.271459139072803,19.75,3.521459139072803,0.010746061602033175,True,0.05,1500,2.3046060310216276,0.7695393968978372
314,7,dynamic_dijkstra,6,11,"[6, 11]",1,11.960898663317176,11.5,0.46089866331717566,0.0,True,0.05,1500,5.20346233258271,0.479653766741729
315,7,dynamic_dijkstra,13,1,"[13, 10, 5, 2, 1]",4,26.24267606075557,23.5,2.7426760607555707,0.012346937088651755,True,0.05,1500,2.254606031021628,0.7745393968978372
316,7,dynamic_dijkstra,3,12,"[3, 8, 12]",2,18.866137115951275,16.5,2.3661371159512754,0.026411038006612042,True,0.05,1500,1.9098180379874456,0.8090181962012555
317,7,dynamic_dijkstra,8,3,"[8, 3]",1,12.25372516960581,12.0,0.2537251696058096,0.0,True,0.05,1500,6.633717701924358,0.33662822980756424
318,7,dynamic_dijkstra,8,10,"[8, 12, 11, 10]",3,11.885288937299208,8.25,3.635288937299208,0.02888922014441775,True,0.05,1500,1.859818037987445,0.8140181962012555
319,7,dynamic_dijkstra,13,8,"[13, 9, 8]",2,10.211360755040577,9.5,0.7113607550405767,0.0,True,0.05,1500,5.620437497365981,0.4379562502634019
320,7,dynamic_dijkstra,1,5,"[1, 2, 5]",2,15.079302488926533,14.25,0.8293024889265332,0.0,True,0.05,1500,5.041462171910319,0.4958537828089681
321,7,dynamic_dijkstra,2,13,"[2, 5, 10, 13]",3,22.237187838830607,19.75,2.4871878388306072,0.014058923686381508,True,0.05,1500,2.204606031021628,0.7795393968978372
322,7,dynamic_dijkstra,7,4,"[7, 8, 3, 4]",3,18.466291893256283,16.9,1.5662918932562846,0.0,True,0.05,1500,3.728205109447239,0.6271794890552761
323,7,dynamic_dijkstra,4,0,"[4, 3, 0]",2,9.246215954983246,8.5,0.7462159549832457,0.0,True,0.05,1500,5.12751293002986,0.48724870699701406
324,7,dynamic_dijkstra,13,6,"[13, 10, 11, 6]",3,18.606755936589575,15.25,3.3567559365895754,0.015882021395222323,True,0.05,1500,2.154606031021628,0.7845393968978371
325,7,dynamic_dijkstra,2,1,"[2, 1]",1,4.09460047910248,3.75,0.34460047910248015,0.0,True,0.05,1500,5.919958754123939,0.40800412458760615
326,7,dynamic_dijkstra,4,7,"[4, 3, 8, 7]",3,18.509353844455124,16.9,1.609353844455125,0.0,True,0.05,1500,3.678205109447239,0.6321794890552761
327,7,dynamic_dijkstra,9,7,"[9, 8, 7]",2,8.106650858553925,6.9,1.2066508585539246,0.0,True,0.05,1500,3.628205109447239,0.6371794890552761
328,7,dynamic_dijkstra,7,9,"[7, 8, 9]",2,8.132830062974246,6.9,1.2328300629742461,0.0,True,0.05,1500,3.5782051094472394,0.6421794890552761
329,7,dynamic_dijkstra,4,3,"[4, 3]",1,3.494527526748758,3.0,0.4945275267487581,0.0,True,0.05,1500,5.02751293002986,0.497248706997014
330,7,dynamic_dijkstra,7,4,"[7, 8, 3, 4]",3,18.592831409785987,16.9,1.6928314097859882,0.0,True,0.05,1500,3.5282051094472395,0.647179489055276
331,7,dynamic_dijkstra,5,7,"[5, 10, 11, 12, 7]",4,19.342486642531455,17.0,2.3424866425314548,0.0,True,0.05,1500,3.14300182328505,0.685699817671495
332,7,dynamic_dijkstra,6,5,"[6, 5]",1,19.680670387952684,6.0,13.680670387952684,0.1557503496258732,True,0.05,1500,0.3525926393612391,0.9647407360638761
333,7,dynamic_dijkstra,6,11,"[6, 11]",1,11.97972703121131,11.5,0.47972703121130955,0.0,True,0.05,1500,5.10346233258271,0.489653766741729
334,7,dynamic_dijkstra,12,7,"[12, 7]",1,6.378214959479574,5.75,0.6282149594795738,0.0,True,0.05,1500,4.431779562918059,0.5568220437081941
335,7,dynamic_dijkstra,11,13,"[11, 10, 13]",2,6.742294107701957,3.75,2.992294107701957,0.0178162302151742,True,0.05,1500,2.1046060310216284,0.7895393968978371
336,7,dynamic_dijkstra,7,9,"[7, 8, 9]",2,8.180043582743334,6.9,1.2800435827433336,0.0,True,0.05,1500,3.4782051094472397,0.652179489055276
337,7,dynamic_dijkstra,3,10,"[3, 4, 5, 10]",3,15.861671363773693,14.25,1.6116713637736932,0.0,True,0.05,1500,3.65225754787026,0.634774245212974
338,7,dynamic_dijkstra,11,6,"[11, 6]",1,11.98942065279917,11.5,0.48942065279917024,0.0,True,0.05,1500,5.05346233258271,0.49465376674172895
339,7,dynamic_dijkstra,0,6,"[0, 3, 4, 5, 6]",4,35.964072576494175,18.25,17.714072576494175,0.16168903264951484,True,0.05,1500,0.30259263936123837,0.9697407360638761
340,7,dynamic_dijkstra,0,1,"[0, 1]",1,7.612426403164706,6.5,1.1124264031647062,0.0,True,0.05,1500,3.1009167241286226,0.6899083275871377
341,7,dynamic_dijkstra,11,10,"[11, 10]",1,3.1431143621867066,2.0,1.1431143621867066,0.0,True,0.05,1500,3.04300182328505,0.695699817671495
342,7,dynamic_dijkstra,1,3,"[1, 0, 3]",2,13.422013692563393,12.0,1.422013692563393,0.0,True,0.05,1500,3.050916724128623,0.6949083275871377
343,7,dynamic_dijkstra,6,4,"[6, 11, 10, 5, 4]",4,27.560709546616792,24.75,2.810709546616792,1.088321718523133e-06,True,0.05,1500,2.9930018232850504,0.7006998176714949
344,7,dynamic_dijkstra,4,9,"[4, 9]",1,11.371014233346575,11.0,0.3710142333465747,0.0,True,0.05,1500,5.740434321938932,0.4259565678061068
345,7,dynamic_dijkstra,12,9,"[12, 8, 9]",2,12.112387938503831,9.5,2.612387938503831,0.03147851339333463,True,0.05,1500,1.8098180379874442,0.8190181962012556
346,7,dynamic_dijkstra,5,11,"[5, 10, 11]",2,10.937644651880715,9.5,1.4376446518807153,7.219538108504953e-05,True,0.05,1500,2.9430018232850506,0.7056998176714949
347,7,dynamic_dijkstra,5,11,"[5, 10, 11]",2,10.972505047128072,9.5,1.472505047128072,0.0002544135515627488,True,0.05,1500,2.8930018232850507,0.7106998176714949
348,7,dynamic_dijkstra,2,9,"[2, 5, 4, 9]",3,27.06816438366242,25.25,1.8181643836624204,0.0,True,0.05,1500,3.5022575478702604,0.649774245212974
349,7,dynamic_dijkstra,9,7,"[9, 8, 7]",2,8.215449839978678,6.9,1.3154498399786778,0.0,True,0.05,1500,3.42820510944724,0.657179489055276
350,8,dynamic_dijkstra,6,5,"[6, 5]",1,7.683475159456841,6.0,1.6834751594568411,0.011204507417001519,True,0.05,1500,2.2899275855484404,0.771007241445156
351,8,dynamic_dijkstra,12,1,"[12, 7, 1]",2,23.537134733534955,20.75,2.7871347335349554,0.02763237823382858,True,0.05,1500,1.8848959597767188,0.8115104040223281
352,8,dynamic_dijkstra,10,5,"[10, 5]",1,7.651317325717884,7.5,0.15131732571788437,0.0,True,0.05,1500,7.676749569787628,0.2323250430212372
353,8,dynamic_dijkstra,4,10,"[4, 5, 10]",2,12.012191744253013,11.25,0.7621917442530126,0.0,True,0.05,1500,4.518326247670907,0.5481673752329093
354,8,dynamic_dijkstra,1,9,"[1, 7, 8, 9]",3,25.461897361959494,21.9,3.5618973619594954,0.03016594276765816,True,0.05,1500,1.834895959776718,0.8165104040223282
355,8,dynamic_dijkstra,5,12,"[5, 10, 11, 12]",3,13.38651674862227,11.25,2.1365167486222703,0.003948024861851751,True,0.05,1500,2.578501341896173,0.7421498658103827
356,8,dynamic_dijkstra,4,0,"[4, 3, 0]",2,9.330220976474703,8.5,0.8302209764747026,0.0,True,0.05,1500,4.625524157486671,0.5374475842513329
357,8,dynamic_dijkstra,2,10,"[2, 5, 10]",2,18.76442901571119,18.0,0.7644290157111904,0.0,True,0.05,1500,4.544910650822923,0.5455089349177077
358,8,dynamic_dijkstra,6,2,"[6, 5, 2]",2,18.844584183274982,16.5,2.344584183274982,0.012838001671338306,True,0.05,1500,2.2399275855484406,0.776007241445156
359,8,dynamic_dijkstra,2,5,"[2, 5]",1,11.12488200388782,10.5,0.6248820038878193,0.0,True,0.05,1500,4.444910650822924,0.5555089349177076
360,8,dynamic_dijkstra,11,13,"[11, 10, 13]",2,6.765613056790383,3.75,3.015613056790383,0.011551731041631763,True,0.05,1500,2.45319654746669,0.754680345253331
361,8,dynamic_dijkstra,7,2,"[7, 1, 2]",2,21.296482277507653,18.75,2.5464822775076534,0.0328106184125988,True,0.05,1500,1.7848959597767173,0.8215104040223282
362,8,dynamic_dijkstra,10,13,"[10, 13]",1,3.3305622433465576,1.75,1.5805622433465576,0.007914985799015062,True,0.05,1500,2.40319654746669,0.759680345253331
363,8,dynamic_dijkstra,7,1,"[7, 1]",1,17.382017202140183,15.0,2.382017202140183,0.03556640516865062,True,0.05,1500,1.7348959597767166,0.8265104040223283
364,8,dynamic_dijkstra,5,10,"[5, 10]",1,7.66873979840173,7.5,0.16873979840173003,0.0,True,0.05,1500,7.4767495697876285,0.2523250430212371
365,8,dynamic_dijkstra,1,11,"[1, 7, 12, 11]",3,26.16339760997381,22.5,3.66339760997381,0.03843330303581349,True,0.05,1500,1.684895959776716,0.8315104040223285
366,8,dynamic_dijkstra,6,0,"[6, 5, 4, 3, 0]",4,21.499857446215863,18.25,3.249857446215863,0.014582607036786155,True,0.05,1500,2.189927585548441,0.7810072414451559
367,8,dynamic_dijkstra,12,6,"[12, 11, 6]",2,14.29859625036553,13.25,1.0485962503655308,0.0,True,0.05,1500,4.719312958462931,0.5280687041537069
368,8,dynamic_dijkstra,2,3,"[2, 0, 3]",2,16.05069640077574,15.0,1.0506964007757382,0.0,True,0.05,1500,3.875862920766786,0.6124137079233214
369,8,dynamic_dijkstra,13,11,"[13, 10, 11]",2,6.892117504022802,3.75,3.142117504022802,0.015284159973293132,True,0.05,1500,2.3531965474666903,0.764680345253331
370,8,dynamic_dijkstra,3,8,"[3, 8]",1,12.291344585957367,12.0,0.2913445859573667,0.0,True,0.05,1500,6.318360027637022,0.36816399723629784
371,8,dynamic_dijkstra,2,3,"[2, 0, 3]",2,16.073386206526198,15.0,1.073386206526198,0.0,True,0.05,1500,3.8258629207667862,0.6174137079233214
372,8,dynamic_dijkstra,12,8,"[12, 8]",1,5.1534122855329985,4.5,0.6534122855329985,0.0,True,0.05,1500,4.334963362809572,0.5665036637190428
373,8,dynamic_dijkstra,0,6,"[0, 3, 4, 5, 6]",4,21.595434279058978,18.25,3.3454342790589777,0.016438323513345177,True,0.05,1500,2.139927585548441,0.7860072414451559
374,8,dynamic_dijkstra,3,13,"[3, 4, 5, 10, 13]",4,19.105928694318052,16.0,3.1059286943180524,0.01078966781027424,True,0.05,1500,2.3031965474666904,0.769680345253331
375,8,dynamic_dijkstra,10,11,"[10, 11]",1,3.558882947166091,2.0,1.558882947166091,0.0072580159158772695,True,0.05,1500,2.4285013418961734,0.7571498658103827
376,8,dynamic_dijkstra,9,7,"[9, 8, 7]",2,8.265876815764944,6.9,1.3658768157649437,0.0,True,0.05,1500,3.4736538671810706,0.652634613281893
377,8,dynamic_dijkstra,8,11,"[8, 12, 11]",2,7.487692469159683,6.25,1.2376924691596827,0.0,True,0.05,1500,4.284963362809572,0.5715036637190428
378,8,dynamic_dijkstra,7,0,"[7, 8, 3, 0]",3,20.936509425427488,19.4,1.5365094254274894,0.0,True,0.05,1500,3.423653867181071,0.6576346132818929
379,8,dynamic_dijkstra,4,10,"[4, 5, 10]",2,12.08566131630662,11.25,0.83566131630662,0.0,True,0.05,1500,4.318326247670908,0.5681673752329093
380,8,dynamic_dijkstra,11,4,"[11, 10, 5, 4]",3,15.706014262531461,13.25,2.456014262531461,0.008583568489441307,True,0.05,1500,2.3785013418961736,0.7621498658103827
381,8,dynamic_dijkstra,4,10,"[4, 5, 10]",2,12.12242422047429,11.25,0.87242422047429,0.0,True,0.05,1500,4.218326247670908,0.5781673752329092
382,8,dynamic_dijkstra,6,10,"[6, 5, 10]",2,15.584301372338144,13.5,2.0843013723381443,0.01840515110101537,True,0.05,1500,2.089927585548441,0.7910072414451559
383,8,dynamic_dijkstra,11,5,"[11, 10, 5]",2,11.343998122435533,9.5,1.8439981224355328,0.010020232174116406,True,0.05,1500,2.3285013418961737,0.7671498658103826
384,8,dynamic_dijkstra,12,5,"[12, 11, 10, 5]",3,13.728419023152668,11.25,2.478419023152668,0.011568006969902678,True,0.05,1500,2.278501341896174,0.7721498658103826
385,8,dynamic_dijkstra,7,1,"[7, 1]",1,17.558298584750844,15.0,2.558298584750844,0.04141131201408743,True,0.05,1500,1.6348959597767152,0.8365104040223285
386,8,dynamic_dijkstra,4,13,"[4, 5, 10, 13]",3,15.625130909707321,13.0,2.6251309097073214,0.012393675482570532,True,0.05,1500,2.2531965474666906,0.774680345253331
387,8,dynamic_dijkstra,6,11,"[6, 11]",1,11.999001321341852,11.5,0.4990013213418525,0.0,True,0.05,1500,5.0049983850712305,0.49950016149287696
388,8,dynamic_dijkstra,1,6,"[1, 2, 5, 6]",3,23.089540410998666,20.25,2.8395404109986657,0.020483089799796628,True,0.05,1500,2.0399275855484413,0.7960072414451559
389,8,dynamic_dijkstra,5,13,"[5, 10, 13]",2,11.230996402598672,9.25,1.980996402598672,0.014108794265977886,True,0.05,1500,2.203196547466691,0.779680345253331
390,8,dynamic_dijkstra,13,8,"[13, 9, 8]",2,10.4287525712305,9.5,0.9287525712305005,0.0,True,0.05,1500,5.032112277664995,0.49678877223350054
391,8,dynamic_dijkstra,0,2,"[0, 2]",1,10.324200614513998,9.5,0.8242006145139982,0.0,True,0.05,1500,3.7758629207667864,0.6224137079233214
392,8,dynamic_dijkstra,2,4,"[2, 5, 4]",2,15.614857106200189,14.25,1.3648571062001889,0.0,True,0.05,1500,4.118326247670908,0.5881673752329092
393,8,dynamic_dijkstra,0,8,"[0, 3, 8]",2,18.088602126981513,17.5,0.5886021269815132,0.0,True,0.05,1500,6.218360027637022,0.3781639972362978
394,8,dynamic_dijkstra,6,8,"[6, 11, 12, 8]",3,19.53398623390707,17.75,1.7839862339070685,0.0,True,0.05,1500,4.234963362809572,0.5765036637190428
395,8,dynamic_dijkstra,3,1,"[3, 0, 1]",2,13.358623695923367,12.0,1.3586236959233666,0.0,True,0.05,1500,3.189002228981021,0.6810997771018978
396,8,dynamic_dijkstra,0,7,"[0, 3, 8, 7]",3,20.989698464450512,19.4,1.5896984644505139,0.0,True,0.05,1500,3.373653867181071,0.6626346132818929
397,8,dynamic_dijkstra,3,2,"[3, 0, 2]",2,16.145412360818888,15.0,1.145412360818888,0.0,True,0.05,1500,3.7258629207667866,0.6274137079233213
398,8,dynamic_dijkstra,6,8,"[6, 11, 12, 8]",3,19.570484774844722,17.75,1.8204847748447222,0.0,True,0.05,1500,4.184963362809572,0.5815036637190427
399,8,dynamic_dijkstra,12,11,"[12, 11]",1,2.3687401836633923,1.75,0.6187401836633923,0.0,True,0.05,1500,4.469312958462932,0.5530687041537068
400,9,dynamic_dijkstra,11,6,"[11, 6]",1,12.99777684151227,11.5,1.4977768415122696,0.005493904426255747,True,0.05,1500,2.5027820405682144,0.7497217959431786
401,9,dynamic_dijkstra,9,13,"[9, 13]",1,4.732011417817741,4.5,0.23201141781774126,0.0,True,0.05,1500,6.8304945500794325,0.31695054499205677
402,9,dynamic_dijkstra,10,6,"[10, 11, 6]",2,15.9591076736105,13.5,2.4591076736105,0.006654388780548581,True,0.05,1500,2.4527820405682146,0.7547217959431786
403,9,dynamic_dijkstra,12,8,"[12, 8]",1,5.179654052298196,4.5,0.6796540522981962,0.0,True,0.05,1500,4.238530771168906,0.5761469228831093
404,9,dynamic_dijkstra,12,5,"[12, 11, 10, 5]",3,12.708702611363812,11.25,1.4587026113638117,0.0,True,0.05,1500,3.4696244258573694,0.6530375574142631
405,9,dynamic_dijkstra,1,7,"[1, 7]",1,15.941408851394112,15.0,0.9414088513941117,0.0,True,0.05,1500,3.4688284279398367,0.6531171572060164
406,9,dynamic_dijkstra,10,6,"[10, 11, 6]",2,16.043070036607176,13.5,2.543070036607176,0.007925984245952589,True,0.05,1500,2.4027820405682148,0.7597217959431786
407,9,dynamic_dijkstra,7,13,"[7, 8, 9, 13]",3,12.623311823959067,11.4,1.223311823959067,0.0,True,0.05,1500,4.941738602097402,0.5058261397902598
408,9,dynamic_dijkstra,13,5,"[13, 10, 5]",2,10.84767104486895,9.25,1.5976710448689495,0.0058559066082566336,True,0.05,1500,2.486662102147572,0.7513337897852428
409,9,dynamic_dijkstra,2,12,"[2, 5, 10, 11, 12]",4,24.224109215729865,21.75,2.4741092157298645,0.0,True,0.05,1500,3.3696244258573698,0.6630375574142631
410,9,dynamic_dijkstra,10,13,"[10, 13]",1,3.3019874280447867,1.75,1.5519874280447867,0.00705221304792869,True,0.05,1500,2.4366621021475723,0.7563337897852428
411,9,dynamic_dijkstra,8,9,"[8, 9]",1,5.522131476497166,5.0,0.5221314764971661,0.0,True,0.05,1500,4.891738602097402,0.5108261397902598
412,9,dynamic_dijkstra,1,0,"[1, 0]",1,7.464653438817692,6.5,0.9646534388176917,0.0,True,0.05,1500,3.4137768481506017,0.6586223151849399
413,9,dynamic_dijkstra,0,7,"[0, 3, 8, 7]",3,20.621906300280916,19.4,1.2219063002809172,0.0,True,0.05,1500,5.082875625757514,0.49171243742424864
414,9,dynamic_dijkstra,12,6,"[12, 11, 6]",2,15.327032912437168,13.25,2.0770329124371685,0.009308690822467658,True,0.05,1500,2.352782040568215,0.7647217959431785
415,9,dynamic_dijkstra,13,12,"[13, 10, 11, 12]",3,8.562207750127737,5.5,3.0622077501277367,0.00835963059871192,True,0.05,1500,2.3866621021475725,0.7613337897852428
416,9,dynamic_dijkstra,13,4,"[13, 10, 5, 4]",3,15.648585757268282,13.0,2.6485857572682825,0.009778159260606212,True,0.05,1500,2.3366621021475726,0.7663337897852427
417,9,dynamic_dijkstra,5,1,"[5, 2, 1]",2,15.571108723934417,14.25,1.321108723934417,0.0,True,0.05,1500,3.3818461425145845,0.6618153857485416
418,9,dynamic_dijkstra,1,8,"[1, 7, 8]",2,18.355957126357104,16.9,1.4559571263571058,0.0,True,0.05,1500,3.418828427939837,0.6581171572060163
419,9,dynamic_dijkstra,7,13,"[7, 8, 9, 13]",3,12.679010999098072,11.4,1.2790109990980714,0.0,True,0.05,1500,4.8417386020974025,0.5158261397902597
420,9,dynamic_dijkstra,12,3,"[12, 8, 3]",2,17.651298841076393,16.5,1.1512988410763931,0.0,True,0.05,1500,4.188530771168907,0.5811469228831093
421,9,dynamic_dijkstra,3,10,"[3, 4, 5, 10]",3,15.719795042624513,14.25,1.4697950426245132,0.0,True,0.05,1500,3.4839038059281595,0.6516096194071841
422,9,dynamic_dijkstra,0,5,"[0, 3, 4, 5]",3,13.948111101016915,12.25,1.6981111010169148,0.0,True,0.05,1500,3.4339038059281597,0.656609619407184
423,9,dynamic_dijkstra,5,0,"[5, 4, 3, 0]",3,13.985048119274447,12.25,1.7350481192744471,0.0,True,0.05,1500,3.38390380592816,0.661609619407184
424,9,dynamic_dijkstra,12,9,"[12, 8, 9]",2,10.751620823041401,9.5,1.2516208230414012,0.0,True,0.05,1500,4.138530771168907,0.5861469228831093
425,9,dynamic_dijkstra,9,13,"[9, 13]",1,4.748447583112024,4.5,0.24844758311202408,0.0,True,0.05,1500,6.680494550079433,0.3319505449920567
426,9,dynamic_dijkstra,0,12,"[0, 3, 8, 12]",3,23.49864885133301,22.0,1.4986488513330087,0.0,True,0.05,1500,4.088530771168907,0.5911469228831093
427,9,dynamic_dijkstra,9,5,"[9, 13, 10, 5]",3,15.791739753227622,13.75,2.0417397532276222,0.011307799033611565,True,0.05,1500,2.286662102147573,0.7713337897852427
428,9,dynamic_dijkstra,4,0,"[4, 3, 0]",2,9.27976118133909,8.5,0.7797611813390901,0.0,True,0.05,1500,5.18527072447183,0.481472927552817
429,9,dynamic_dijkstra,3,1,"[3, 0, 1]",2,13.308620719486472,12.0,1.3086207194864716,0.0,True,0.05,1500,3.363776848150602,0.6636223151849399
430,9,dynamic_dijkstra,12,3,"[12, 8, 3]",2,17.714333441860514,16.5,1.2143334418605143,0.0,True,0.05,1500,4.038530771168907,0.5961469228831093
431,9,dynamic_dijkstra,0,13,"[0, 3, 4, 5, 10, 13]",5,25.14257768725114,21.5,3.6425776872511406,0.012948549917728092,True,0.05,1500,2.236662102147573,0.7763337897852427
432,9,dynamic_dijkstra,3,9,"[3, 4, 9]",2,15.148128146158072,14.0,1.1481281461580721,0.0,True,0.05,1500,4.292227468220947,0.5707772531779053
433,9,dynamic_dijkstra,10,0,"[10, 5, 4, 3, 0]",4,21.709884010698183,19.75,1.9598840106981825,0.0,True,0.05,1500,3.2839038059281602,0.671609619407184
434,9,dynamic_dijkstra,9,12,"[9, 8, 12]",2,10.808059989738272,9.5,1.3080599897382719,0.0,True,0.05,1500,3.9885307711689073,0.6011469228831092
435,9,dynamic_dijkstra,3,8,"[3, 8]",1,12.485884216099013,12.0,0.4858842160990129,0.0,True,0.05,1500,5.0715894608640815,0.49284105391359184
436,9,dynamic_dijkstra,5,11,"[5, 10, 11]",2,10.641319556084568,9.5,1.141319556084568,0.0,True,0.05,1500,3.26962442585737,0.673037557414263
437,9,dynamic_dijkstra,4,10,"[4, 5, 10]",2,12.411980531987474,11.25,1.1619805319874743,0.0,True,0.05,1500,3.2339038059281604,0.676609619407184
438,9,dynamic_dijkstra,11,4,"[11, 10, 5, 4]",3,15.493053297054916,13.25,2.2430532970549155,0.0,True,0.05,1500,3.1839038059281606,0.6816096194071839
439,9,dynamic_dijkstra,6,7,"[6, 11, 12, 7]",3,21.50448262626184,19.0,2.50448262626184,0.010802508510093789,True,0.05,1500,2.302782040568215,0.7697217959431785
440,9,dynamic_dijkstra,1,3,"[1, 0, 3]",2,13.35184175240142,12.0,1.3518417524014197,0.0,True,0.05,1500,3.313776848150602,0.6686223151849398
441,9,dynamic_dijkstra,12,11,"[12, 11]",1,2.2298710424900343,1.75,0.4798710424900343,0.0,True,0.05,1500,5.102712278642373,0.4897287721357627
442,9,dynamic_dijkstra,8,1,"[8, 7, 1]",2,18.397803056637358,16.9,1.497803056637359,0.0,True,0.05,1500,3.368828427939837,0.6631171572060163
443,9,dynamic_dijkstra,4,6,"[4, 5, 6]",2,15.046245095769926,9.75,5.296245095769926,0.08332107153075285,True,0.05,1500,1.0636508014090325,0.8936349198590967
444,9,dynamic_dijkstra,5,11,"[5, 10, 11]",2,10.701015839870687,9.5,1.2010158398706867,0.0,True,0.05,1500,3.1696244258573705,0.683037557414263
445,9,dynamic_dijkstra,8,12,"[8, 12]",1,5.269508933788541,4.5,0.7695089337885408,0.0,True,0.05,1500,3.9385307711689075,0.6061469228831092
446,9,dynamic_dijkstra,10,5,"[10, 5]",1,7.627454318664208,7.5,0.1274543186642081,0.0,True,0.05,1500,7.968707603518503,0.20312923964814975
447,9,dynamic_dijkstra,1,13,"[1, 2, 5, 10, 13]",4,26.768462692222442,23.5,3.2684626922224425,0.01470041191295568,True,0.05,1500,2.186662102147573,0.7813337897852427
448,9,dynamic_dijkstra,2,13,"[2, 5, 10, 13]",3,22.74905969299561,19.75,2.9990596929956084,0.01656338501929444,True,0.05,1500,2.1366621021475733,0.7863337897852427
449,9,dynamic_dijkstra,9,10,"[9, 13, 10]",2,8.405992687333683,6.25,2.1559926873336828,0.018537469236744153,True,0.05,1500,2.0866621021475735,0.7913337897852426
450,10,dynamic_dijkstra,5,0,"[5, 4, 3, 0]",3,13.594658352874122,12.25,1.3446583528741218,0.0,True,0.05,1500,4.084585107552179,0.5915414892447821
451,10,dynamic_dijkstra,3,11,"[3, 4, 5, 10, 11]",4,17.886302986183114,16.25,1.6363029861831144,0.0,True,0.05,1500,4.0345851075521795,0.596541489244782
452,10,dynamic_dijkstra,1,4,"[1, 0, 3, 4]",3,16.72339305421012,15.0,1.7233930542101206,0.0,True,0.05,1500,3.1584761678122684,0.6841523832187731
453,10,dynamic_dijkstra,1,4,"[1, 0, 3, 4]",3,16.76242224512001,15.0,1.7624222451200104,0.0,True,0.05,1500,3.1084761678122685,0.6891523832187731
454,10,dynamic_dijkstra,4,2,"[4, 5, 2]",2,16.109189686178595,14.25,1.8591896861785955,0.0,True,0.05,1500,3.11651937326668,0.688348062673332
455,10,dynamic_dijkstra,4,0,"[4, 3, 0]",2,9.167709219838825,8.5,0.6677092198388248,0.0,True,0.05,1500,5.948393654747263,0.40516063452527373
456,10,dynamic_dijkstra,12,8,"[12, 8]",1,6.334303677497091,4.5,1.8343036774970907,0.01636048203362661,True,0.05,1500,2.141966380895714,0.7858033619104285
457,10,dynamic_dijkstra,6,4,"[6, 5, 4]",2,12.448793363936165,9.75,2.698793363936165,0.019664875741315146,True,0.05,1500,2.059298448837686,0.7940701551162314
458,10,dynamic_dijkstra,11,13,"[11, 10, 13]",2,5.1068171141952625,3.75,1.3568171141952625,0.0,True,0.05,1500,3.5552471468576643,0.6444752853142336
459,10,dynamic_dijkstra,9,7,"[9, 8, 7]",2,7.974972195755359,6.9,1.0749721957553584,0.0,True,0.05,1500,4.26968593607017,0.573031406392983
460,10,dynamic_dijkstra,3,12,"[3, 8, 12]",2,19.49063691746942,16.5,2.99063691746942,0.018322778964969477,True,0.05,1500,2.0919663808957143,0.7908033619104285
461,10,dynamic_dijkstra,5,11,"[5, 10, 11]",2,10.112200427316038,9.5,0.6122004273160382,0.0,True,0.05,1500,5.210692980071052,0.47893070199289484
462,10,dynamic_dijkstra,7,4,"[7, 8, 3, 4]",3,18.772791305046663,16.9,1.8727913050466647,0.0,True,0.05,1500,3.073943430601677,0.6926056569398323
463,10,dynamic_dijkstra,11,4,"[11, 10, 5, 4]",3,14.662923343765465,13.25,1.4129233437654651,0.0,True,0.05,1500,3.88458510755218,0.611541489244782
464,10,dynamic_dijkstra,10,12,"[10, 11, 12]",2,4.551171338408942,3.75,0.8011713384089418,0.0,True,0.05,1500,5.110692980071052,0.4889307019928948
465,10,dynamic_dijkstra,7,8,"[7, 8]",1,2.320568388198614,1.9,0.420568388198614,0.0,True,0.05,1500,5.4314270010771235,0.4568572998922876
466,10,dynamic_dijkstra,0,4,"[0, 3, 4]",2,9.188748162239326,8.5,0.6887481622393263,0.0,True,0.05,1500,5.898393654747263,0.4101606345252737
467,10,dynamic_dijkstra,4,3,"[4, 3]",1,3.348193556390405,3.0,0.34819355639040506,0.0,True,0.05,1500,5.894880905813682,0.41051190941863175
468,10,dynamic_dijkstra,13,2,"[13, 10, 5, 2]",3,21.96821251435277,19.75,2.2182125143527713,0.0,True,0.05,1500,3.0665193732666802,0.6933480626733319
469,10,dynamic_dijkstra,0,11,"[0, 3, 4, 5, 10, 11]",5,23.917982363739462,21.75,2.167982363739462,0.0,True,0.05,1500,3.83458510755218,0.616541489244782
470,10,dynamic_dijkstra,7,0,"[7, 8, 3, 0]",3,21.34489945931657,19.4,1.94489945931657,0.0,True,0.05,1500,3.023943430601677,0.6976056569398323
471,10,dynamic_dijkstra,10,8,"[10, 11, 12, 8]",3,11.026143208765772,8.25,2.776143208765772,0.020396187007423516,True,0.05,1500,2.0419663808957145,0.7958033619104286
472,10,dynamic_dijkstra,8,6,"[8, 12, 11, 6]",3,21.25801143456131,17.75,3.508011434561311,0.022580706160988506,True,0.05,1500,1.9919663808957147,0.8008033619104286
473,10,dynamic_dijkstra,6,13,"[6, 11, 10, 13]",3,17.8943955784309,15.25,2.644395578430899,3.620703960105498e-05,True,0.05,1500,2.9596352036788733,0.7040364796321127
474,10,dynamic_dijkstra,9,7,"[9, 8, 7]",2,8.02275752566444,6.9,1.12275752566444,0.0,True,0.05,1500,4.21968593607017,0.578031406392983
475,10,dynamic_dijkstra,10,9,"[10, 13, 9]",2,7.558748280550445,6.25,1.3087482805504447,0.0,True,0.05,1500,3.405247146857665,0.6594752853142335
476,10,dynamic_dijkstra,11,3,"[11, 10, 5, 4, 3]",4,18.122294672511543,16.25,1.8722946725115435,0.0,True,0.05,1500,3.7845851075521804,0.6215414892447819
477,10,dynamic_dijkstra,2,13,"[2, 5, 10, 13]",3,22.072392866946426,19.75,2.3223928669464264,0.0,True,0.05,1500,3.0165193732666804,0.6983480626733319
478,10,dynamic_dijkstra,1,4,"[1, 0, 3, 4]",3,16.874949305656198,15.0,1.874949305656198,0.0,True,0.05,1500,3.0584761678122687,0.6941523832187732
479,10,dynamic_dijkstra,8,4,"[8, 3, 4]",2,16.559250856629067,15.0,1.5592508566290668,1.5087662417978542e-05,True,0.05,1500,2.973943430601677,0.7026056569398322
480,10,dynamic_dijkstra,10,7,"[10, 11, 12, 7]",3,10.670667582975057,9.5,1.1706675829750566,0.0,True,0.05,1500,4.860692980071053,0.5139307019928947
481,10,dynamic_dijkstra,1,5,"[1, 2, 5]",2,15.935437241526742,14.25,1.685437241526742,2.4910052587867604e-05,True,0.05,1500,2.9665193732666806,0.7033480626733319
482,10,dynamic_dijkstra,12,13,"[12, 11, 10, 13]",3,7.4029316016260935,5.5,1.9029316016260935,0.0,True,0.05,1500,3.305247146857665,0.6694752853142335
483,10,dynamic_dijkstra,4,1,"[4, 3, 0, 1]",3,16.925169489672292,15.0,1.9251694896722924,0.0,True,0.05,1500,3.008476167812269,0.6991523832187732
484,10,dynamic_dijkstra,0,3,"[0, 3]",1,5.885207424556482,5.5,0.3852074245564818,0.0,True,0.05,1500,5.648393654747264,0.4351606345252736
485,10,dynamic_dijkstra,13,0,"[13, 10, 5, 4, 3, 0]",5,24.340838520352403,21.5,2.8408385203524027,0.0,True,0.05,1500,3.2552471468576654,0.6744752853142335
486,10,dynamic_dijkstra,3,7,"[3, 8, 7]",2,15.556733236154734,13.9,1.656733236154734,0.00012854670552542302,True,0.05,1500,2.9239434306016774,0.7076056569398322
487,10,dynamic_dijkstra,0,4,"[0, 3, 4]",2,9.30289434794318,8.5,0.8028943479431803,0.0,True,0.05,1500,5.544880905813684,0.4455119094186316
488,10,dynamic_dijkstra,11,1,"[11, 12, 7, 1]",3,25.330079406390645,22.5,2.830079406390645,0.02814260205404917,True,0.05,1500,1.8746480139830854,0.8125351986016914
489,10,dynamic_dijkstra,10,4,"[10, 5, 4]",2,12.29088263453346,11.25,1.0408826345334603,0.0,True,0.05,1500,3.6845851075521807,0.6315414892447819
490,10,dynamic_dijkstra,9,11,"[9, 13, 10, 11]",3,10.207758475693584,8.25,1.9577584756935842,0.0,True,0.05,1500,3.2052471468576655,0.6794752853142334
491,10,dynamic_dijkstra,13,2,"[13, 10, 5, 2]",3,22.2376210495494,19.75,2.4876210495494,0.0001548670008841846,True,0.05,1500,2.9165193732666808,0.708348062673332
492,10,dynamic_dijkstra,5,6,"[5, 6]",1,7.988430727098972,6.0,1.9884307270989723,0.02181087918834257,True,0.05,1500,2.0092984488376864,0.7990701551162314
493,10,dynamic_dijkstra,2,5,"[2, 5]",1,11.744275669869975,10.5,1.2442756698699746,0.00039593506029156345,True,0.05,1500,2.866519373266681,0.713348062673332
494,10,dynamic_dijkstra,1,3,"[1, 0, 3]",2,13.599415743770788,12.0,1.5994157437707877,3.83161919901287e-05,True,0.05,1500,2.958476167812269,0.704152383218773
495,10,dynamic_dijkstra,2,11,"[2, 5, 10, 11]",3,22.03001695557569,20.0,2.0300169555756895,0.0007481142308100042,True,0.05,1500,2.816519373266681,0.7183480626733318
496,10,dynamic_dijkstra,7,1,"[7, 1]",1,17.2402545376877,15.0,2.2402545376877008,0.030698939800753555,True,0.05,1500,1.8246480139830847,0.8175351986016915
497,10,dynamic_dijkstra,0,6,"[0, 3, 4, 5, 6]",4,22.005246174758632,18.25,3.755246174758632,0.024067993746481053,True,0.05,1500,1.9592984488376857,0.8040701551162315
498,10,dynamic_dijkstra,5,6,"[5, 6]",1,8.118762929935771,6.0,2.1187629299357713,0.02643621941573071,True,0.05,1500,1.909298448837685,0.8090701551162315
499,10,dynamic_dijkstra,10,6,"[10, 11, 6]",2,15.291230318850843,13.5,1.7912303188508432,0.0001814621425368923,True,0.05,1500,2.9096352036788735,0.7090364796321127
500,11,dynamic_dijkstra,3,6,"[3, 4, 5, 6]",3,15.15025217316002,12.75,2.4002521731600197,0.0011401334792011664,True,0.05,1500,2.7734917075159196,0.7226508292484081
501,11,dynamic_dijkstra,8,4,"[8, 9, 4]",2,17.064008183041686,16.0,1.064008183041686,0.0,True,0.05,1500,4.550391371586255,0.5449608628413745
502,11,dynamic_dijkstra,11,6,"[11, 6]",1,11.975811440789975,11.5,0.4758114407899754,0.0,True,0.05,1500,5.123940744076759,0.48760592559232413
503,11,dynamic_dijkstra,4,8,"[4, 9, 8]",2,17.085623020521048,16.0,1.085623020521048,0.0,True,0.05,1500,4.500391371586256,0.5499608628413745
504,11,dynamic_dijkstra,4,9,"[4, 9]",1,11.623496695576652,11.0,0.6234966955766517,0.0,True,0.05,1500,4.450391371586256,0.5549608628413745
505,11,dynamic_dijkstra,6,12,"[6, 11, 12]",2,14.591312412773018,13.25,1.3413124127730178,0.0,True,0.05,1500,3.6876282147580532,0.6312371785241947
506,11,dynamic_dijkstra,6,13,"[6, 11, 10, 13]",3,16.70473287888076,15.25,1.4547328788807583,0.0,True,0.05,1500,4.788313533581742,0.5211686466418258
507,11,dynamic_dijkstra,2,9,"[2, 5, 10, 13, 9]",4,26.407233959050803,24.25,2.157233959050803,0.0,True,0.05,1500,3.239015431928604,0.6760984568071395
508,11,dynamic_dijkstra,0,7,"[0, 3, 8, 7]",3,22.477529484196584,19.4,3.0775294841965852,0.027394765373296437,True,0.05,1500,1.8897007422328258,0.8110299257767174
509,11,dynamic_dijkstra,1,0,"[1, 0]",1,7.545656036639469,6.5,1.0456560366394694,0.0,True,0.05,1500,3.2348723658278384,0.6765127634172161
510,11,dynamic_dijkstra,1,0,"[1, 0]",1,7.569921625006897,6.5,1.0699216250068968,0.0,True,0.05,1500,3.1848723658278386,0.6815127634172161
511,11,dynamic_dijkstra,11,2,"[11, 10, 5, 2]",3,21.648789502900126,20.0,1.6487895029001258,0.0,True,0.05,1500,3.1890154319286044,0.6810984568071395
512,11,dynamic_dijkstra,1,13,"[1, 2, 5, 10, 13]",4,25.635185418817734,23.5,2.135185418817734,0.0,True,0.05,1500,3.1390154319286045,0.6860984568071395
513,11,dynamic_dijkstra,6,8,"[6, 11, 12, 8]",3,20.221882083035307,17.75,2.4718820830353074,0.0,True,0.05,1500,3.1404649672766167,0.6859535032723383
514,11,dynamic_dijkstra,7,1,"[7, 1]",1,16.236410074688212,15.0,1.2364100746882123,0.0003226500469095672,True,0.05,1500,2.879504140689689,0.7120495859310311
515,11,dynamic_dijkstra,7,9,"[7, 8, 9]",2,7.765438337273988,6.9,0.8654383372739876,0.0,True,0.05,1500,5.080264937650501,0.4919735062349499
516,11,dynamic_dijkstra,0,6,"[0, 3, 4, 5, 6]",4,21.27547699567198,18.25,3.02547699567198,0.001699040795832496,True,0.05,1500,2.7234917075159197,0.7276508292484081
517,11,dynamic_dijkstra,11,7,"[11, 12, 7]",2,9.041594044347967,7.5,1.541594044347967,0.0,True,0.05,1500,3.5876282147580536,0.6412371785241946
518,11,dynamic_dijkstra,5,2,"[5, 2]",1,11.61863872492158,10.5,1.1186387249215795,0.0,True,0.05,1500,3.0890154319286047,0.6910984568071395
519,11,dynamic_dijkstra,10,13,"[10, 13]",1,2.3279780115767554,1.75,0.5779780115767554,0.0,True,0.05,1500,4.6383135335817425,0.5361686466418257
520,11,dynamic_dijkstra,13,3,"[13, 10, 5, 4, 3]",4,17.899110822528,16.0,1.8991108225280016,0.0,True,0.05,1500,4.043613948535045,0.5956386051464955
521,11,dynamic_dijkstra,7,11,"[7, 12, 11]",2,9.074622086727487,7.5,1.5746220867274872,0.0,True,0.05,1500,3.537628214758054,0.6462371785241946
522,11,dynamic_dijkstra,12,8,"[12, 8]",1,5.617879527172283,4.5,1.117879527172283,0.0,True,0.05,1500,3.090464967276617,0.6909535032723383
523,11,dynamic_dijkstra,1,12,"[1, 7, 12]",2,22.691983175950497,20.75,1.9419831759504973,0.0006459741787102624,True,0.05,1500,2.8295041406896893,0.7170495859310311
524,11,dynamic_dijkstra,11,9,"[11, 10, 13, 9]",3,9.697815338959192,8.25,1.4478153389591917,0.0,True,0.05,1500,4.538313533581743,0.5461686466418257
525,11,dynamic_dijkstra,4,7,"[4, 9, 8, 7]",3,19.4193185389215,17.9,1.5193185389215031,0.0,True,0.05,1500,4.400391371586256,0.5599608628413744
526,11,dynamic_dijkstra,8,1,"[8, 7, 1]",2,18.595929958875633,16.9,1.6959299588756345,0.0010804094216220195,True,0.05,1500,2.7795041406896894,0.7220495859310311
527,11,dynamic_dijkstra,7,2,"[7, 1, 2]",2,20.402857641333128,18.75,1.652857641333128,0.0016259557756449494,True,0.05,1500,2.7295041406896896,0.7270495859310311
528,11,dynamic_dijkstra,8,4,"[8, 9, 4]",2,17.1532845354265,16.0,1.1532845354265007,0.0,True,0.05,1500,4.350391371586256,0.5649608628413744
529,11,dynamic_dijkstra,12,1,"[12, 7, 1]",2,22.804873747522585,20.75,2.054873747522585,0.0022826132407789412,True,0.05,1500,2.67950414068969,0.732049585931031
530,11,dynamic_dijkstra,4,9,"[4, 9]",1,11.662684873994547,11.0,0.6626848739945466,0.0,True,0.05,1500,4.300391371586256,0.5699608628413744
531,11,dynamic_dijkstra,9,0,"[9, 4, 3, 0]",3,21.172558095467988,19.5,1.6725580954679877,0.0,True,0.05,1500,4.2503913715862565,0.5749608628413744
532,11,dynamic_dijkstra,8,10,"[8, 12, 11, 10]",3,10.769255821422561,8.25,2.5192558214225613,0.0,True,0.05,1500,3.040464967276617,0.6959535032723383
533,11,dynamic_dijkstra,9,4,"[9, 4]",1,11.690365267823074,11.0,0.6903652678230738,0.0,True,0.05,1500,4.200391371586257,0.5799608628413744
534,11,dynamic_dijkstra,4,10,"[4, 5, 10]",2,12.17237861213063,11.25,0.9223786121306308,0.0,True,0.05,1500,3.993613948535045,0.6006386051464955
535,11,dynamic_dijkstra,11,2,"[11, 10, 5, 2]",3,21.77024678644861,20.0,1.7702467864486096,0.0,True,0.05,1500,3.039015431928605,0.6960984568071396
536,11,dynamic_dijkstra,3,1,"[3, 0, 1]",2,13.687715680013554,12.0,1.6877156800135538,0.0,True,0.05,1500,3.134872365827839,0.6865127634172161
537,11,dynamic_dijkstra,1,9,"[1, 7, 8, 9]",3,24.220811211202182,21.9,2.3208112112021837,0.003050381817024106,True,0.05,1500,2.62950414068969,0.737049585931031
538,11,dynamic_dijkstra,0,2,"[0, 2]",1,10.34220759830772,9.5,0.84220759830772,0.0,True,0.05,1500,3.725206150154488,0.6274793849845512
539,11,dynamic_dijkstra,6,1,"[6, 5, 2, 1]",3,23.120824703212833,20.25,2.8708247032128327,0.0023717342209812475,True,0.05,1500,2.67349170751592,0.732650829248408
540,11,dynamic_dijkstra,3,0,"[3, 0]",1,6.104827464039144,5.5,0.6048274640391442,0.0,True,0.05,1500,4.525593509162484,0.5474406490837516
541,11,dynamic_dijkstra,0,7,"[0, 3, 8, 7]",3,22.648439463519228,19.4,3.2484394635192295,0.029917652612779122,True,0.05,1500,1.839700742232825,0.8160299257767175
542,11,dynamic_dijkstra,8,7,"[8, 7]",1,2.321856429761821,1.9,0.42185642976182125,0.0,True,0.05,1500,5.42383807128388,0.457616192871612
543,11,dynamic_dijkstra,1,8,"[1, 7, 8]",2,18.768790728388883,16.9,1.868790728388884,0.0039292615043803325,True,0.05,1500,2.57950414068969,0.742049585931031
544,11,dynamic_dijkstra,12,1,"[12, 7, 1]",2,22.9298327063675,20.75,2.179832706367499,0.004919252302847732,True,0.05,1500,2.5295041406896903,0.747049585931031
545,11,dynamic_dijkstra,6,2,"[6, 5, 2]",2,19.107106985364315,16.5,2.6071069853643145,0.003232575465107579,True,0.05,1500,2.62349170751592,0.737650829248408
546,11,dynamic_dijkstra,2,3,"[2, 0, 3]",2,16.490259869794677,15.0,1.4902598697946772,0.0,True,0.05,1500,3.675206150154488,0.6324793849845511
547,11,dynamic_dijkstra,0,6,"[0, 3, 4, 5, 6]",4,21.527168049344603,18.25,3.2771680493446027,0.004042429412392967,True,0.05,1500,2.5734917075159203,0.742650829248408
548,11,dynamic_dijkstra,4,1,"[4, 3, 0, 1]",3,17.209042984788383,15.0,2.2090429847883826,0.0,True,0.05,1500,3.084872365827839,0.6915127634172161
549,11,dynamic_dijkstra,8,13,"[8, 9, 13]",2,10.446688260223457,9.5,0.946688260223457,0.0,True,0.05,1500,4.880264937650502,0.5119735062349499
550,12,dynamic_dijkstra,0,2,"[0, 2]",1,10.410917962863687,9.5,0.910917962863687,0.0,True,0.05,1500,3.5437921492272215,0.6456207850772778
551,12,dynamic_dijkstra,2,7,"[2, 1, 7]",2,20.42273121682195,18.75,1.6727312168219513,0.0005570814356313791,True,0.05,1500,2.8416691293417164,0.7158330870658284
552,12,dynamic_dijkstra,11,12,"[11, 12]",1,2.3160101412066068,1.75,0.5660101412066068,0.0,True,0.05,1500,4.6903868985153805,0.5309613101484619
553,12,dynamic_dijkstra,3,8,"[3, 8]",1,14.154847893852672,12.0,2.154847893852672,0.027709194842534424,True,0.05,1500,1.8833470691776917,0.8116652930822308
554,12,dynamic_dijkstra,2,7,"[2, 1, 7]",2,20.462661381278668,18.75,1.712661381278668,0.000964483370427538,True,0.05,1500,2.7916691293417166,0.7208330870658284
555,12,dynamic_dijkstra,5,10,"[5, 10]",1,7.61271835822938,7.5,0.11271835822937959,0.0,True,0.05,1500,8.160356112796908,0.18396438872030926
556,12,dynamic_dijkstra,6,10,"[6, 11, 10]",2,14.263283400449836,13.5,0.7632834004498363,0.0,True,0.05,1500,5.492261177278869,0.4507738822721131
557,12,dynamic_dijkstra,7,3,"[7, 8, 3]",2,16.59634213664064,13.9,2.6963421366406397,0.030246201355472957,True,0.05,1500,1.833347069177691,0.8166652930822309
558,12,dynamic_dijkstra,13,9,"[13, 9]",1,4.984182192284827,4.5,0.48418219228482684,0.0,True,0.05,1500,5.08036016013687,0.491963983986313
559,12,dynamic_dijkstra,5,12,"[5, 10, 11, 12]",3,12.30424080776552,11.25,1.0542408077655203,0.0,True,0.05,1500,4.640386898515381,0.5359613101484619
560,12,dynamic_dijkstra,0,12,"[0, 3, 8, 12]",3,25.69926344256656,22.0,3.6992634425665614,0.03289431897952266,True,0.05,1500,1.7833470691776903,0.821665293082231
561,12,dynamic_dijkstra,10,5,"[10, 5]",1,7.620319987110969,7.5,0.12031998711096925,0.0,True,0.05,1500,8.060356112796907,0.19396438872030927
562,12,dynamic_dijkstra,5,13,"[5, 10, 13]",2,10.30170508380239,9.25,1.0517050838023891,0.0,True,0.05,1500,3.502594804962307,0.6497405195037693
563,12,dynamic_dijkstra,1,10,"[1, 2, 5, 10]",3,23.30059784038393,21.75,1.5505978403839293,0.0,True,0.05,1500,3.3505456610318625,0.6649454338968137
564,12,dynamic_dijkstra,5,8,"[5, 10, 11, 12, 8]",4,17.732276049957704,15.75,1.9822760499577043,0.0,True,0.05,1500,3.588738459789494,0.6411261540210507
565,12,dynamic_dijkstra,6,8,"[6, 11, 12, 8]",3,19.682896408511546,17.75,1.9328964085115459,0.0,True,0.05,1500,3.538738459789494,0.6461261540210506
566,12,dynamic_dijkstra,13,4,"[13, 10, 5, 4]",3,14.673446846862143,13.0,1.6734468468621433,0.0,True,0.05,1500,3.452594804962307,0.6547405195037693
567,12,dynamic_dijkstra,9,2,"[9, 13, 10, 5, 2]",4,26.868508084655623,24.25,2.6185080846556232,0.0,True,0.05,1500,3.3005456610318626,0.6699454338968137
568,12,dynamic_dijkstra,11,12,"[11, 12]",1,2.3634897978731204,1.75,0.6134897978731204,0.0,True,0.05,1500,4.490386898515381,0.5509613101484618
569,12,dynamic_dijkstra,3,11,"[3, 4, 5, 10, 11]",4,17.858694008652872,16.25,1.608694008652872,0.0,True,0.05,1500,4.5407055687713935,0.5459294431228606
570,12,dynamic_dijkstra,4,6,"[4, 5, 6]",2,11.802537703734746,9.75,2.052537703734746,0.003948424526903582,True,0.05,1500,2.5784800079347834,0.7421519992065216
571,12,dynamic_dijkstra,9,13,"[9, 13]",1,5.003943457748363,4.5,0.5039434577483632,0.0,True,0.05,1500,4.98036016013687,0.501963983986313
572,12,dynamic_dijkstra,5,8,"[5, 10, 11, 12, 8]",4,17.840726961857744,15.75,2.0907269618577438,0.0,True,0.05,1500,3.488738459789494,0.6511261540210506
573,12,dynamic_dijkstra,6,1,"[6, 5, 2, 1]",3,23.20460069463467,20.25,2.954600694634671,0.004940691175937428,True,0.05,1500,2.5284800079347836,0.7471519992065216
574,12,dynamic_dijkstra,8,10,"[8, 12, 11, 10]",3,10.233778085249373,8.25,1.983778085249373,0.0,True,0.05,1500,3.4387384597894943,0.6561261540210506
575,12,dynamic_dijkstra,10,13,"[10, 13]",1,2.7413821355921995,1.75,0.9913821355921995,0.0,True,0.05,1500,3.3525948049623073,0.6647405195037692
576,12,dynamic_dijkstra,5,1,"[5, 2, 1]",2,15.760057753532955,14.25,1.510057753532955,0.0,True,0.05,1500,3.200545661031863,0.6799454338968137
577,12,dynamic_dijkstra,11,9,"[11, 10, 13, 9]",3,10.176998925864206,8.25,1.926998925864206,0.0,True,0.05,1500,3.3025948049623075,0.6697405195037692
578,12,dynamic_dijkstra,11,13,"[11, 10, 13]",2,5.194301100772487,3.75,1.4443011007724866,0.0,True,0.05,1500,3.2525948049623077,0.6747405195037692
579,12,dynamic_dijkstra,0,1,"[0, 1]",1,8.004737690765603,6.5,1.5047376907656034,0.005687622753280608,True,0.05,1500,2.4940918819611335,0.7505908118038866
580,12,dynamic_dijkstra,10,5,"[10, 5]",1,7.6527111698694155,7.5,0.15271116986941546,0.0,True,0.05,1500,7.660356112796908,0.23396438872030917
581,12,dynamic_dijkstra,0,2,"[0, 2]",1,10.431109747357446,9.5,0.9311097473574463,0.0,True,0.05,1500,3.4937921492272217,0.6506207850772778
582,12,dynamic_dijkstra,12,5,"[12, 11, 10, 5]",3,12.474340426514239,11.25,1.2243404265142388,0.0,True,0.05,1500,4.340386898515382,0.5659613101484618
583,12,dynamic_dijkstra,9,13,"[9, 13]",1,5.024514551372736,4.5,0.5245145513727358,0.0,True,0.05,1500,4.8803601601368705,0.5119639839863129
584,12,dynamic_dijkstra,8,5,"[8, 12, 11, 10, 5]",4,17.97604224074431,15.75,2.2260422407443095,0.0,True,0.05,1500,3.3887384597894945,0.6611261540210506
585,12,dynamic_dijkstra,4,13,"[4, 5, 10, 13]",3,14.85292862432134,13.0,1.8529286243213399,0.0,True,0.05,1500,3.202594804962308,0.6797405195037692
586,12,dynamic_dijkstra,8,7,"[8, 7]",1,2.3785730951710127,1.9,0.47857309517101276,0.0,True,0.05,1500,5.1094803491671845,0.4890519650832815
587,12,dynamic_dijkstra,5,0,"[5, 4, 3, 0]",3,13.918546806661704,12.25,1.6685468066617037,0.0,True,0.05,1500,4.390705568771394,0.5609294431228606
588,12,dynamic_dijkstra,7,13,"[7, 8, 9, 13]",3,12.860119744400858,11.4,1.460119744400858,0.0,True,0.05,1500,4.830360160136871,0.5169639839863129
589,12,dynamic_dijkstra,0,6,"[0, 3, 4, 5, 6]",4,21.46984683470937,18.25,3.2198468347093687,0.006044068936082336,True,0.05,1500,2.4784800079347837,0.7521519992065216
590,12,dynamic_dijkstra,5,4,"[5, 4]",1,4.41530950909123,3.75,0.6653095090912302,0.0,True,0.05,1500,4.290705568771394,0.5709294431228605
591,12,dynamic_dijkstra,10,5,"[10, 5]",1,7.670209293551469,7.5,0.1702092935514692,0.0,True,0.05,1500,7.460356112796909,0.2539643887203091
592,12,dynamic_dijkstra,2,4,"[2, 5, 4]",2,16.016075753595373,14.25,1.7660757535953735,0.0,True,0.05,1500,3.150545661031863,0.6849454338968137
593,12,dynamic_dijkstra,0,8,"[0, 3, 8]",2,20.438326552202874,17.5,2.9383265522028736,0.03565354771468332,True,0.05,1500,1.7333470691776895,0.826665293082231
594,12,dynamic_dijkstra,0,13,"[0, 3, 4, 5, 10, 13]",5,24.536908513846917,21.5,3.0369085138469174,0.0,True,0.05,1500,3.152594804962308,0.6847405195037692
595,12,dynamic_dijkstra,2,3,"[2, 0, 3]",2,16.52830707373278,15.0,1.5283070737327797,0.0,True,0.05,1500,3.443792149227222,0.6556207850772778
596,12,dynamic_dijkstra,6,10,"[6, 11, 10]",2,14.359695257771332,13.5,0.8596952577713317,0.0,True,0.05,1500,5.362272624673605,0.4637727375326395
597,12,dynamic_dijkstra,4,11,"[4, 5, 10, 11]",3,14.578055385902765,13.25,1.3280553859027648,0.0,True,0.05,1500,4.140705568771395,0.5859294431228605
598,12,dynamic_dijkstra,6,2,"[6, 5, 2]",2,19.171520407301173,16.5,2.6715204073011733,0.007258557807338306,True,0.05,1500,2.428480007934784,0.7571519992065217
599,12,dynamic_dijkstra,2,6,"[2, 5, 6]",2,19.24123392716816,16.5,2.7412339271681603,0.008584157789705449,True,0.05,1500,2.378480007934784,0.7621519992065215
600,13,dynamic_dijkstra,6,0,"[6, 5, 4, 3, 0]",4,20.860447691954775,18.25,2.610447691954775,0.0,True,0.05,1500,3.3018839553541053,0.6698116044645894
601,13,dynamic_dijkstra,1,3,"[1, 0, 3]",2,13.59396357300442,12.0,1.5939635730044195,0.0,True,0.05,1500,3.248286749870111,0.6751713250129889
602,13,dynamic_dijkstra,6,0,"[6, 5, 4, 3, 0]",4,20.92740226982516,18.25,2.6774022698251585,0.0,True,0.05,1500,3.2518839553541055,0.6748116044645894
603,13,dynamic_dijkstra,12,3,"[12, 8, 3]",2,19.506161281137963,16.5,3.006161281137963,0.03647133285798587,True,0.05,1500,1.718902822339631,0.8281097177660369
604,13,dynamic_dijkstra,8,6,"[8, 12, 11, 6]",3,19.46937433006691,17.75,1.719374330066909,0.0,True,0.05,1500,4.506518558171236,0.5493481441828764
605,13,dynamic_dijkstra,3,1,"[3, 0, 1]",2,13.640754437828901,12.0,1.6407544378289014,0.0,True,0.05,1500,3.1982867498701113,0.6801713250129888
606,13,dynamic_dijkstra,4,1,"[4, 3, 0, 1]",3,17.310985422705013,15.0,2.310985422705013,0.0,True,0.05,1500,3.1482867498701115,0.6851713250129888
607,13,dynamic_dijkstra,9,4,"[9, 4]",1,11.299598310409603,11.0,0.2995983104096034,0.0,True,0.05,1500,6.253139776444361,0.37468602235556386
608,13,dynamic_dijkstra,12,10,"[12, 11, 10]",2,4.653780092976911,3.75,0.9037800929769109,0.0,True,0.05,1500,4.651519176088019,0.5348480823911981
609,13,dynamic_dijkstra,12,8,"[12, 8]",1,5.121952020334857,4.5,0.6219520203348567,0.0,True,0.05,1500,4.456518558171236,0.5543481441828764
610,13,dynamic_dijkstra,4,13,"[4, 5, 10, 13]",3,14.767672245787839,13.0,1.767672245787839,0.0,True,0.05,1500,3.9081330580866007,0.60918669419134
611,13,dynamic_dijkstra,5,0,"[5, 4, 3, 0]",3,13.969266530449831,12.25,1.719266530449831,0.0,True,0.05,1500,4.360462739607878,0.5639537260392122
612,13,dynamic_dijkstra,4,12,"[4, 5, 10, 11, 12]",4,16.94019256448364,15.0,1.9401925644836417,0.0,True,0.05,1500,4.601519176088019,0.5398480823911981
613,13,dynamic_dijkstra,5,7,"[5, 10, 11, 12, 7]",4,19.217724202774935,17.0,2.217724202774935,0.0,True,0.05,1500,4.069434988136827,0.5930565011863174
614,13,dynamic_dijkstra,10,11,"[10, 11]",1,2.3499984093197965,2.0,0.34999840931979653,0.0,True,0.05,1500,5.882363949364568,0.4117636050635432
615,13,dynamic_dijkstra,8,5,"[8, 12, 11, 10, 5]",4,17.911480456377426,15.75,2.1614804563774257,0.0,True,0.05,1500,4.4065185581712365,0.5593481441828764
616,13,dynamic_dijkstra,2,6,"[2, 5, 6]",2,18.542761614393108,16.5,2.0427616143931075,0.0,True,0.05,1500,3.2018839553541056,0.6798116044645894
617,13,dynamic_dijkstra,6,3,"[6, 5, 4, 3]",3,14.987023456206396,12.75,2.237023456206396,0.0,True,0.05,1500,3.151883955354106,0.6848116044645894
618,13,dynamic_dijkstra,11,1,"[11, 12, 7, 1]",3,24.584070617141272,22.5,2.084070617141272,0.0,True,0.05,1500,4.019434988136827,0.5980565011863173
619,13,dynamic_dijkstra,7,13,"[7, 8, 9, 13]",3,12.717627855690264,11.4,1.3176278556902634,0.0,True,0.05,1500,4.78622256079372,0.521377743920628
620,13,dynamic_dijkstra,9,4,"[9, 4]",1,11.306043419976907,11.0,0.3060434199769073,0.0,True,0.05,1500,6.203139776444361,0.37968602235556387
621,13,dynamic_dijkstra,11,4,"[11, 10, 5, 4]",3,14.685420163790834,13.25,1.435420163790834,0.0,True,0.05,1500,4.672432475947105,0.5327567524052894
622,13,dynamic_dijkstra,10,1,"[10, 5, 2, 1]",3,24.06083233220413,21.75,2.3108323322041286,0.0,True,0.05,1500,3.325684734302599,0.6674315265697401
623,13,dynamic_dijkstra,0,10,"[0, 3, 4, 5, 10]",4,22.141225819349746,19.75,2.3912258193497458,0.0,True,0.05,1500,4.2604627396078785,0.5739537260392121
624,13,dynamic_dijkstra,13,7,"[13, 9, 8, 7]",3,12.74458146518424,11.4,1.3445814651842394,0.0,True,0.05,1500,4.7362225607937205,0.526377743920628
625,13,dynamic_dijkstra,1,3,"[1, 0, 3]",2,13.739736923787483,12.0,1.7397369237874827,0.0,True,0.05,1500,3.0982867498701117,0.6901713250129888
626,13,dynamic_dijkstra,1,9,"[1, 7, 8, 9]",3,23.660853277938173,21.9,1.7608532779381747,0.0,True,0.05,1500,4.058792172789468,0.5941207827210533
627,13,dynamic_dijkstra,3,2,"[3, 0, 2]",2,16.318978881766313,15.0,1.3189788817663128,0.0,True,0.05,1500,4.236515330477376,0.5763484669522624
628,13,dynamic_dijkstra,8,2,"[8, 7, 1, 2]",3,22.716633497108916,20.65,2.066633497108917,0.0,True,0.05,1500,4.008792172789468,0.5991207827210532
629,13,dynamic_dijkstra,0,5,"[0, 3, 4, 5]",3,14.110447801607588,12.25,1.860447801607588,0.0,True,0.05,1500,4.210462739607879,0.5789537260392121
630,13,dynamic_dijkstra,2,3,"[2, 0, 3]",2,16.35961442905591,15.0,1.3596144290559096,0.0,True,0.05,1500,4.186515330477376,0.5813484669522624
631,13,dynamic_dijkstra,9,1,"[9, 8, 7, 1]",3,23.724579975442047,21.9,1.8245799754420489,0.0,True,0.05,1500,3.958792172789468,0.6041207827210532
632,13,dynamic_dijkstra,7,12,"[7, 12]",1,6.509625114139204,5.75,0.7596251141392036,0.0,True,0.05,1500,3.969434988136827,0.6030565011863173
633,13,dynamic_dijkstra,4,7,"[4, 9, 8, 7]",3,19.29570629708144,17.9,1.3957062970814427,0.0,True,0.05,1500,4.536222560793721,0.5463777439206279
634,13,dynamic_dijkstra,3,9,"[3, 4, 9]",2,15.02103984394542,14.0,1.0210398439454202,0.0,True,0.05,1500,4.160462739607879,0.5839537260392121
635,13,dynamic_dijkstra,4,3,"[4, 3]",1,3.716408058348433,3.0,0.7164080583484331,0.0,True,0.05,1500,4.110462739607879,0.5889537260392121
636,13,dynamic_dijkstra,13,0,"[13, 10, 5, 4, 3, 0]",5,24.84357522021502,21.5,3.343575220215019,0.0,True,0.05,1500,3.858133058086601,0.6141866941913399
637,13,dynamic_dijkstra,11,0,"[11, 10, 5, 4, 3, 0]",5,24.72238428423853,21.75,2.9723842842385295,0.0,True,0.05,1500,4.010462739607879,0.598953726039212
638,13,dynamic_dijkstra,7,4,"[7, 8, 9, 4]",3,19.33113178286421,17.9,1.4311317828642132,0.0,True,0.05,1500,4.486222560793721,0.5513777439206279
639,13,dynamic_dijkstra,6,13,"[6, 11, 10, 13]",3,17.000344170418906,15.25,1.7503441704189058,0.0,True,0.05,1500,3.808133058086601,0.6191866941913399
640,13,dynamic_dijkstra,5,7,"[5, 10, 11, 12, 7]",4,19.429991736397156,17.0,2.429991736397156,0.0,True,0.05,1500,3.9194349881368273,0.6080565011863173
641,13,dynamic_dijkstra,13,5,"[13, 10, 5]",2,10.72397607431304,9.25,1.4739760743130397,0.0,True,0.05,1500,3.7581330580866013,0.6241866941913399
642,13,dynamic_dijkstra,1,4,"[1, 0, 3, 4]",3,17.61026185353905,15.0,2.6102618535390505,0.0,True,0.05,1500,3.048286749870112,0.6951713250129888
643,13,dynamic_dijkstra,1,12,"[1, 7, 12]",2,22.32134584199397,20.75,1.5713458419939705,0.0,True,0.05,1500,3.8694349881368275,0.6130565011863173
644,13,dynamic_dijkstra,13,10,"[13, 10]",1,2.598387428842697,1.75,0.8483874288426971,0.0,True,0.05,1500,3.7081330580866014,0.6291866941913399
645,13,dynamic_dijkstra,2,5,"[2, 5]",1,11.52639841912763,10.5,1.0263984191276307,0.0,True,0.05,1500,3.275684734302599,0.67243152656974
646,13,dynamic_dijkstra,2,12,"[2, 5, 10, 11, 12]",4,24.501516460018156,21.75,2.7515164600181556,0.0,True,0.05,1500,3.2256847343025994,0.67743152656974
647,13,dynamic_dijkstra,12,3,"[12, 8, 3]",2,19.643685741803527,16.5,3.1436857418035267,0.0393737710305645,True,0.05,1500,1.6689028223396303,0.8331097177660369
648,13,dynamic_dijkstra,1,4,"[1, 0, 3, 4]",3,17.668516758805303,15.0,2.6685167588053034,6.522724460555906e-08,True,0.05,1500,2.998286749870112,0.7001713250129888
649,13,dynamic_dijkstra,0,11,"[0, 3, 4, 5, 10, 11]",5,24.909962555904727,21.75,3.159962555904727,0.0,True,0.05,1500,3.86046273960788,0.613953726039212
650,14,dynamic_dijkstra,8,11,"[8, 12, 11]",2,9.625287295617476,6.25,3.3752872956174755,0.04761776829432185,True,0.05,1500,1.5361695544754905,0.846383044552451
651,14,dynamic_dijkstra,13,6,"[13, 10, 11, 6]",3,17.287861926080254,15.25,2.0378619260802537,0.0,True,0.05,1500,3.533354577861874,0.6466645422138126
652,14,dynamic_dijkstra,6,7,"[6, 11, 12, 8, 7]",4,24.663052350234672,19.65,5.013052350234673,0.05092628039548752,True,0.05,1500,1.4861695544754898,0.8513830445524511
653,14,dynamic_dijkstra,2,11,"[2, 5, 10, 11]",3,21.477560899802278,20.0,1.4775608998022776,0.0,True,0.05,1500,4.693193570669663,0.5306806429330337
654,14,dynamic_dijkstra,1,11,"[1, 2, 5, 10, 11]",4,26.35889825920206,23.75,2.6088982592020606,0.0,True,0.05,1500,3.122387639712117,0.6877612360287884
655,14,dynamic_dijkstra,5,9,"[5, 10, 13, 9]",3,15.180214193468295,13.75,1.430214193468295,0.0,True,0.05,1500,4.628870402245966,0.5371129597754034
656,14,dynamic_dijkstra,10,2,"[10, 5, 2]",2,18.95805956871804,18.0,0.9580595687180384,0.0,True,0.05,1500,4.834099921132409,0.5165900078867591
657,14,dynamic_dijkstra,9,11,"[9, 13, 10, 11]",3,9.874110713049962,8.25,1.6241107130499621,0.0,True,0.05,1500,4.5788704022459665,0.5421129597754033
658,14,dynamic_dijkstra,7,0,"[7, 8, 3, 0]",3,22.365436710059292,19.4,2.9654367100592935,0.012940750575289206,True,0.05,1500,2.2368920286826928,0.7763107971317307
659,14,dynamic_dijkstra,4,0,"[4, 3, 0]",2,10.031420861639425,8.5,1.5314208616394254,0.0,True,0.05,1500,3.62296544885759,0.637703455114241
660,14,dynamic_dijkstra,13,8,"[13, 9, 8]",2,10.340963383363881,9.5,0.8409633833638814,0.0,True,0.05,1500,5.249017709298624,0.47509822907013766
661,14,dynamic_dijkstra,9,8,"[9, 8]",1,5.396367571502991,5.0,0.3963675715029913,0.0,True,0.05,1500,5.578068817925009,0.4421931182074991
662,14,dynamic_dijkstra,2,10,"[2, 5, 10]",2,18.9774820593042,18.0,0.9774820593042008,0.0,True,0.05,1500,4.784099921132409,0.5215900078867591
663,14,dynamic_dijkstra,7,12,"[7, 8, 12]",2,7.6501382659622585,6.4,1.2501382659622582,0.0,True,0.05,1500,4.362539524970985,0.5637460475029015
664,14,dynamic_dijkstra,3,8,"[3, 8]",1,13.786349730311937,12.0,1.7863497303119367,0.014692101622660991,True,0.05,1500,2.186892028682693,0.7813107971317307
665,14,dynamic_dijkstra,0,7,"[0, 3, 8, 7]",3,22.52093433072831,19.4,3.1209343307283106,0.01655456378114395,True,0.05,1500,2.136892028682693,0.7863107971317307
666,14,dynamic_dijkstra,3,13,"[3, 4, 5, 10, 13]",4,18.259383812905043,16.0,2.2593838129050425,0.0,True,0.05,1500,3.57296544885759,0.642703455114241
667,14,dynamic_dijkstra,5,0,"[5, 4, 3, 0]",3,14.16925511508322,12.25,1.9192551150832209,0.0,True,0.05,1500,3.5229654488575903,0.647703455114241
668,14,dynamic_dijkstra,1,10,"[1, 2, 5, 10]",3,23.883635185237996,21.75,2.1336351852379956,0.0,True,0.05,1500,3.072387639712117,0.6927612360287883
669,14,dynamic_dijkstra,1,11,"[1, 2, 5, 10, 11]",4,26.531491873357457,23.75,2.7814918733574565,0.0,True,0.05,1500,3.022387639712117,0.6977612360287883
670,14,dynamic_dijkstra,5,6,"[5, 6]",1,7.86177240016801,6.0,1.86177240016801,0.01732429821644088,True,0.05,1500,2.117054124116411,0.7882945875883589
671,14,dynamic_dijkstra,9,11,"[9, 13, 10, 11]",3,9.940867297644981,8.25,1.6908672976449814,0.0,True,0.05,1500,4.478870402245967,0.5521129597754033
672,14,dynamic_dijkstra,5,10,"[5, 10]",1,7.968471701574298,7.5,0.4684717015742983,0.0,True,0.05,1500,5.162773462427712,0.48372265375722884
673,14,dynamic_dijkstra,5,4,"[5, 4]",1,4.078328867864568,3.75,0.3283288678645677,0.0,True,0.05,1500,6.036249844690314,0.39637501553096866
674,14,dynamic_dijkstra,13,8,"[13, 9, 8]",2,10.375533994398317,9.5,0.8755339943983174,0.0,True,0.05,1500,5.149017709298624,0.4850982290701376
675,14,dynamic_dijkstra,6,8,"[6, 11, 12, 8]",3,22.34719440930833,17.75,4.5971944093083295,0.05434590360776426,True,0.05,1500,1.436169554475489,0.8563830445524511
676,14,dynamic_dijkstra,6,4,"[6, 5, 4]",2,12.004148808234646,9.75,2.254148808234646,0.019341955718404358,True,0.05,1500,2.067054124116411,0.7932945875883589
677,14,dynamic_dijkstra,2,1,"[2, 1]",1,4.93214937150131,3.75,1.1821493715013096,1.6943165348171085e-05,True,0.05,1500,2.9723876397121174,0.7027612360287883
678,14,dynamic_dijkstra,12,11,"[12, 11]",1,4.857062342306275,1.75,3.107062342306275,0.057876637931152164,True,0.05,1500,1.3861695544754884,0.8613830445524512
679,14,dynamic_dijkstra,13,0,"[13, 10, 5, 4, 3, 0]",5,24.58139915912197,21.5,3.0813991591219683,0.0,True,0.05,1500,3.4729654488575905,0.652703455114241
680,14,dynamic_dijkstra,3,12,"[3, 8, 12]",2,19.068917024742767,16.5,2.568917024742767,0.01852813705073797,True,0.05,1500,2.0868920286826933,0.7913107971317307
681,14,dynamic_dijkstra,9,3,"[9, 4, 3]",2,15.197528504971462,14.0,1.1975285049714621,0.0,True,0.05,1500,3.4229654488575907,0.6577034551142409
682,14,dynamic_dijkstra,5,7,"[5, 4, 9, 8, 7]",4,23.283387914057425,21.65,1.6333879140574261,0.0,True,0.05,1500,4.428916404948965,0.5571083595051035
683,14,dynamic_dijkstra,2,8,"[2, 1, 7, 8]",3,22.99486204501019,20.65,2.344862045010192,0.0001338595215434335,True,0.05,1500,2.9223876397121176,0.7077612360287883
684,14,dynamic_dijkstra,4,13,"[4, 5, 10, 13]",3,14.486162488818689,13.0,1.4861624888186888,0.0,True,0.05,1500,4.378870402245967,0.5621129597754033
685,14,dynamic_dijkstra,4,10,"[4, 5, 10]",2,12.111569360514196,11.25,0.8615693605141956,0.0,True,0.05,1500,5.012773462427712,0.4987226537572288
686,14,dynamic_dijkstra,5,13,"[5, 10, 13]",2,10.412536889361302,9.25,1.1625368893613022,0.0,True,0.05,1500,4.328870402245967,0.5671129597754032
687,14,dynamic_dijkstra,7,2,"[7, 1, 2]",2,20.492750606479795,18.75,1.7427506064797953,0.0003618869888498688,True,0.05,1500,2.8723876397121177,0.7127612360287883
688,14,dynamic_dijkstra,7,13,"[7, 8, 9, 13]",3,12.956742397936969,11.4,1.5567423979369686,0.0,True,0.05,1500,4.3289164049489655,0.5671083595051034
689,14,dynamic_dijkstra,4,11,"[4, 5, 10, 11]",3,14.7647213868436,13.25,1.5147213868436005,0.0,True,0.05,1500,4.4431935706696635,0.5556806429330337
690,14,dynamic_dijkstra,9,2,"[9, 4, 5, 2]",3,26.45609919182869,25.25,1.2060991918286916,0.0,True,0.05,1500,4.634099921132409,0.536590007886759
691,14,dynamic_dijkstra,9,4,"[9, 4]",1,11.253461443499354,11.0,0.2534614434993543,0.0,True,0.05,1500,6.636039631673986,0.33639603683260133
692,14,dynamic_dijkstra,13,6,"[13, 10, 11, 6]",3,17.534480155180333,15.25,2.284480155180333,0.0,True,0.05,1500,3.3833545778618745,0.6616645422138125
693,14,dynamic_dijkstra,11,1,"[11, 10, 5, 2, 1]",4,26.791722785538937,23.75,3.041722785538937,0.000701025567267366,True,0.05,1500,2.822387639712118,0.7177612360287882
694,14,dynamic_dijkstra,9,4,"[9, 4]",1,11.2591815840211,11.0,0.2591815840210998,0.0,True,0.05,1500,6.586039631673987,0.34139603683260134
695,14,dynamic_dijkstra,8,10,"[8, 12, 11, 10]",3,12.843606729711183,8.25,4.593606729711183,0.06151848336565102,True,0.05,1500,1.3361695544754877,0.8663830445524512
696,14,dynamic_dijkstra,3,0,"[3, 0]",1,6.206918691034812,5.5,0.7069186910348124,0.0,True,0.05,1500,4.1427811476786385,0.5857218852321362
697,14,dynamic_dijkstra,11,4,"[11, 10, 5, 4]",3,14.854374432296105,13.25,1.6043744322961047,0.0,True,0.05,1500,4.243193570669664,0.5756806429330336
698,14,dynamic_dijkstra,2,10,"[2, 5, 10]",2,19.15256318684724,18.0,1.1525631868472388,0.0,True,0.05,1500,4.53409992113241,0.546590007886759
699,14,dynamic_dijkstra,10,11,"[10, 11]",1,2.692408582082579,2.0,0.6924085820825789,0.0,True,0.05,1500,4.193193570669664,0.5806806429330336
700,15,dynamic_dijkstra,9,11,"[9, 13, 10, 11]",3,9.674977179318773,8.25,1.4249771793187733,0.0,True,0.05,1500,4.320865495102168,0.5679134504897833
701,15,dynamic_dijkstra,12,1,"[12, 7, 1]",2,23.13333679315824,20.75,2.3833367931582394,0.016937122050438402,True,0.05,1500,2.1269762361368816,0.7873023763863118
702,15,dynamic_dijkstra,1,9,"[1, 7, 8, 9]",3,23.21746420680503,21.9,1.317464206805031,0.0,True,0.05,1500,4.792231369069517,0.5207768630930483
703,15,dynamic_dijkstra,3,13,"[3, 4, 5, 10, 13]",4,17.81648590082971,16.0,1.8164859008297114,0.0,True,0.05,1500,3.947213678141215,0.6052786321858785
704,15,dynamic_dijkstra,11,12,"[11, 12]",1,3.4465563553069645,1.75,1.6965563553069645,0.01163901512100829,True,0.05,1500,2.2762903341495466,0.7723709665850453
705,15,dynamic_dijkstra,2,13,"[2, 5, 10, 13]",3,21.32436238047171,19.75,1.5743623804717117,0.0,True,0.05,1500,3.795307592307225,0.6204692407692776
706,15,dynamic_dijkstra,7,9,"[7, 8, 9]",2,7.690376466052237,6.9,0.790376466052237,0.0,True,0.05,1500,4.829302107204299,0.5170697892795701
707,15,dynamic_dijkstra,12,8,"[12, 8]",1,5.688942473011025,4.5,1.188942473011025,3.479101894243719e-05,True,0.05,1500,2.9604323888462956,0.7039567611153704
708,15,dynamic_dijkstra,3,9,"[3, 4, 9]",2,14.979572357680992,14.0,0.9795723576809916,0.0,True,0.05,1500,3.897213678141215,0.6102786321858785
709,15,dynamic_dijkstra,0,8,"[0, 3, 8]",2,24.588854387947876,17.5,7.088854387947876,0.11501279417873156,True,0.05,1500,0.7250108268295161,0.9274989173170484
710,15,dynamic_dijkstra,9,13,"[9, 13]",1,4.911195083470704,4.5,0.4111950834707043,0.0,True,0.05,1500,5.487299142303542,0.4512700857696458
711,15,dynamic_dijkstra,5,6,"[5, 6]",1,8.71601994160557,6.0,2.7160199416055697,0.04641874971196136,True,0.05,1500,1.554716727752563,0.8445283272247437
712,15,dynamic_dijkstra,7,0,"[7, 1, 0]",2,23.1984668027047,21.5,1.6984668027047007,0.0,True,0.05,1500,3.04115752377155,0.6958842476228451
713,15,dynamic_dijkstra,5,9,"[5, 10, 13, 9]",3,14.942091438706921,13.75,1.192091438706921,0.0,True,0.05,1500,5.437299142303543,0.45627008576964573
714,15,dynamic_dijkstra,8,12,"[8, 12]",1,5.71795779182557,4.5,1.2179577918255697,0.0001782745992839896,True,0.05,1500,2.9104323888462957,0.7089567611153704
715,15,dynamic_dijkstra,5,2,"[5, 2]",1,11.335003835271069,10.5,0.8350038352710687,0.0,True,0.05,1500,3.745307592307225,0.6254692407692775
716,15,dynamic_dijkstra,13,11,"[13, 10, 11]",2,4.816546778315411,3.75,1.066546778315411,0.0,True,0.05,1500,4.270865495102168,0.5729134504897833
717,15,dynamic_dijkstra,4,11,"[4, 5, 10, 11]",3,14.641841387960177,13.25,1.3918413879601772,0.0,True,0.05,1500,4.220865495102168,0.5779134504897832
718,15,dynamic_dijkstra,6,9,"[6, 11, 10, 13, 9]",4,21.984458512042785,19.75,2.234458512042785,0.0,True,0.05,1500,4.1540788450279305,0.5845921154972069
719,15,dynamic_dijkstra,11,8,"[11, 12, 8]",2,9.24387604219654,6.25,2.99387604219654,0.013729925289365785,True,0.05,1500,2.226290334149547,0.7773709665850453
720,15,dynamic_dijkstra,3,10,"[3, 4, 5, 10]",3,15.771622164263466,14.25,1.5216221642634657,0.0,True,0.05,1500,3.847213678141215,0.6152786321858785
721,15,dynamic_dijkstra,11,13,"[11, 10, 13]",2,4.8755040468658155,3.75,1.1255040468658155,0.0,True,0.05,1500,4.120865495102168,0.5879134504897832
722,15,dynamic_dijkstra,4,11,"[4, 5, 10, 11]",3,14.715207342077965,13.25,1.4652073420779654,0.0,True,0.05,1500,4.0708654951021686,0.5929134504897832
723,15,dynamic_dijkstra,12,0,"[12, 11, 10, 5, 4, 3, 0]",6,28.316769520827787,23.5,4.816769520827787,0.015077724747010413,True,0.05,1500,2.176290334149547,0.7823709665850453
724,15,dynamic_dijkstra,10,12,"[10, 11, 12]",2,6.36068463314988,3.75,2.61068463314988,0.016963746226677956,True,0.05,1500,2.126290334149547,0.7873709665850452
725,15,dynamic_dijkstra,1,9,"[1, 7, 8, 9]",3,23.272543207769857,21.9,1.3725432077698585,0.0,True,0.05,1500,4.692231369069518,0.5307768630930483
726,15,dynamic_dijkstra,8,6,"[8, 12, 11, 6]",3,21.655526911839946,17.75,3.905526911839946,0.019744312225186578,True,0.05,1500,2.0762903341495473,0.7923709665850452
727,15,dynamic_dijkstra,3,8,"[3, 8]",1,18.90728859636918,12.0,6.907288596369181,0.12012388123022166,False,0.05,1500,0.6750108268295154,0.9324989173170485
728,15,dynamic_dijkstra,4,8,"[4, 9, 8]",2,16.468097487954008,16.0,0.4680974879540081,0.0,True,0.05,1500,6.522251839973972,0.3477748160026028
729,15,dynamic_dijkstra,3,6,"[3, 4, 5, 6]",3,16.749360868333646,12.75,3.999360868333646,0.04968604587251124,True,0.05,1500,1.5047167277525624,0.8495283272247438
730,15,dynamic_dijkstra,5,4,"[5, 4]",1,4.099303960384155,3.75,0.34930396038415523,0.0,True,0.05,1500,5.8871737719654735,0.4112826228034526
731,15,dynamic_dijkstra,2,9,"[2, 5, 10, 13, 9]",4,26.38602256225737,24.25,2.13602256225737,0.0,True,0.05,1500,3.695307592307225,0.6304692407692775
732,15,dynamic_dijkstra,3,12,"[3, 4, 5, 10, 11, 12]",5,22.385976013454748,18.0,4.385976013454748,0.021069122519346672,True,0.05,1500,2.0262903341495475,0.7973709665850452
733,15,dynamic_dijkstra,5,2,"[5, 2]",1,11.37162636441205,10.5,0.8716263644120499,0.0,True,0.05,1500,3.6453075923072253,0.6354692407692775
734,15,dynamic_dijkstra,4,0,"[4, 3, 0]",2,10.092446537841408,8.5,1.5924465378414077,0.0,True,0.05,1500,3.647213678141216,0.6352786321858784
735,15,dynamic_dijkstra,10,1,"[10, 5, 2, 1]",3,23.66516153692843,21.75,1.91516153692843,0.0,True,0.05,1500,3.5953075923072255,0.6404692407692775
736,15,dynamic_dijkstra,3,1,"[3, 0, 1]",2,13.908236733256743,12.0,1.908236733256743,1.737541907798068e-06,True,0.05,1500,2.99115752377155,0.700884247622845
737,15,dynamic_dijkstra,8,10,"[8, 12, 11, 10]",3,12.383003863647609,8.25,4.133003863647609,0.024534167401478735,True,0.05,1500,1.9762903341495477,0.8023709665850453
738,15,dynamic_dijkstra,5,1,"[5, 2, 1]",2,15.753551752501,14.25,1.503551752501,0.0,True,0.05,1500,3.5453075923072257,0.6454692407692775
739,15,dynamic_dijkstra,4,12,"[4, 5, 10, 11, 12]",4,18.720269827782914,15.0,3.7202698277829143,0.025618943256459747,True,0.05,1500,1.926290334149547,0.8073709665850453
740,15,dynamic_dijkstra,2,12,"[2, 5, 10, 11, 12]",4,26.132451691933632,21.75,4.382451691933632,0.028060520291683044,False,0.05,1500,1.8762903341495463,0.8123709665850454
741,15,dynamic_dijkstra,5,13,"[5, 10, 13]",2,10.1496192034814,9.25,0.8996192034814001,0.0,True,0.05,1500,5.15197123985502,0.484802876014498
742,15,dynamic_dijkstra,13,11,"[13, 10, 11]",2,5.031603811597159,3.75,1.2816038115971589,0.0,True,0.05,1500,3.72086549510217,0.627913450489783
743,15,dynamic_dijkstra,8,12,"[8, 12]",1,5.844724118769944,4.5,1.3447241187699444,0.001863320031761373,False,0.05,1500,2.7104323888462964,0.7289567611153703
744,15,dynamic_dijkstra,12,1,"[12, 7, 1]",2,23.23441403735136,20.75,2.4844140373513603,0.018932730414578658,True,0.05,1500,2.0769762361368818,0.7923023763863118
745,15,dynamic_dijkstra,3,10,"[3, 4, 5, 10]",3,15.991487303881335,14.25,1.7414873038813354,0.0,True,0.05,1500,3.597213678141216,0.6402786321858784
746,15,dynamic_dijkstra,12,6,"[12, 11, 6]",2,16.221116112320942,13.25,2.971116112320942,0.030613208438017514,True,0.05,1500,1.8262903341495456,0.8173709665850455
747,15,dynamic_dijkstra,6,8,"[6, 11, 12, 8]",3,22.192975560732716,17.75,4.442975560732716,0.03575409921738071,True,0.05,1500,1.7762903341495448,0.8223709665850455
748,15,dynamic_dijkstra,9,11,"[9, 13, 10, 11]",3,10.004447959760512,8.25,1.7544479597605118,0.0,True,0.05,1500,3.67086549510217,0.632913450489783
749,15,dynamic_dijkstra,13,2,"[13, 10, 5, 2]",3,21.646719109805375,19.75,1.8967191098053746,0.0,True,0.05,1500,3.445307592307226,0.6554692407692774
750,16,dynamic_dijkstra,7,6,"[7, 12, 11, 6]",3,22.498756041911857,19.0,3.4987560419118573,0.005877024653713092,True,0.05,1500,2.5608809027686945,0.7439119097231306
751,16,dynamic_dijkstra,6,4,"[6, 5, 4]",2,11.902320132190374,9.75,2.1523201321903738,0.013383310596239206,True,0.05,1500,2.223952980270676,0.7776047019729324
752,16,dynamic_dijkstra,9,10,"[9, 13, 10]",2,6.951748250510274,6.25,0.7017482505102741,0.0,True,0.05,1500,5.777111573758472,0.4222888426241528
753,16,dynamic_dijkstra,12,0,"[12, 8, 3, 0]",3,25.274935512427504,22.0,3.274935512427504,0.005672710690577509,True,0.05,1500,2.4947555234582106,0.7505244476541789
754,16,dynamic_dijkstra,7,0,"[7, 8, 3, 0]",3,21.790934248333926,19.4,2.3909342483339273,0.0,True,0.05,1500,3.1340911316101963,0.6865908868389804
755,16,dynamic_dijkstra,1,9,"[1, 7, 8, 9]",3,23.348778740220975,21.9,1.4487787402209769,0.0,True,0.05,1500,4.577205323560677,0.5422794676439323
756,16,dynamic_dijkstra,13,1,"[13, 10, 5, 2, 1]",4,25.39134137911034,23.5,1.8913413791103402,0.0,True,0.05,1500,4.136342194088021,0.5863657805911979
757,16,dynamic_dijkstra,13,4,"[13, 10, 5, 4]",3,14.021158574677651,13.0,1.021158574677651,0.0,True,0.05,1500,5.48053809922933,0.45194619007706704
758,16,dynamic_dijkstra,5,2,"[5, 2]",1,11.223588178012557,10.5,0.723588178012557,0.0,True,0.05,1500,4.086342194088021,0.5913657805911978
759,16,dynamic_dijkstra,0,5,"[0, 3, 4, 5]",3,14.009296976260302,12.25,1.759296976260302,0.0,True,0.05,1500,4.065193932692136,0.5934806067307864
760,16,dynamic_dijkstra,4,9,"[4, 9]",1,11.073995977736809,11.0,0.07399597773680888,0.0,True,0.05,1500,8.710862434462253,0.12891375655377463
761,16,dynamic_dijkstra,10,9,"[10, 13, 9]",2,6.980824287889803,6.25,0.7308242878898028,0.0,True,0.05,1500,5.727111573758473,0.42728884262415273
762,16,dynamic_dijkstra,11,13,"[11, 10, 13]",2,4.902598088604824,3.75,1.1525980886048242,0.0,True,0.05,1500,3.8838189830590792,0.611618101694092
763,16,dynamic_dijkstra,13,5,"[13, 10, 5]",2,9.886902388744447,9.25,0.6369023887444474,0.0,True,0.05,1500,5.728974285153271,0.4271025714846729
764,16,dynamic_dijkstra,3,10,"[3, 4, 5, 10]",3,15.570357589445914,14.25,1.3203575894459139,0.0,True,0.05,1500,4.460094248212663,0.5539905751787337
765,16,dynamic_dijkstra,2,10,"[2, 5, 10]",2,19.014750754773548,18.0,1.014750754773548,0.0,True,0.05,1500,4.0363421940880215,0.5963657805911978
766,16,dynamic_dijkstra,12,2,"[12, 11, 10, 5, 2]",4,24.95498187603851,21.75,3.2049818760385094,0.0022504913002000526,True,0.05,1500,2.6817672101919667,0.7318232789808033
767,16,dynamic_dijkstra,1,7,"[1, 7]",1,15.47722706614704,15.0,0.4772270661470408,0.0,True,0.05,1500,5.116518128907064,0.4883481871092936
768,16,dynamic_dijkstra,1,11,"[1, 7, 12, 11]",3,25.87806812069374,22.5,3.37806812069374,0.008313600021800482,True,0.05,1500,2.5108809027686947,0.7489119097231305
769,16,dynamic_dijkstra,1,4,"[1, 0, 3, 4]",3,18.284706749623766,15.0,3.2847067496237656,0.01887357456646599,True,0.05,1500,2.0784193711394714,0.7921580628860528
770,16,dynamic_dijkstra,3,0,"[3, 0]",1,6.260972372316047,5.5,0.7609723723160471,0.0,True,0.05,1500,3.965193932692136,0.6034806067307864
771,16,dynamic_dijkstra,3,0,"[3, 0]",1,6.277075947183525,5.5,0.7770759471835254,0.0,True,0.05,1500,3.9151939326921363,0.6084806067307864
772,16,dynamic_dijkstra,1,6,"[1, 2, 5, 6]",3,23.41869336491341,20.25,3.168693364913409,0.015163415084526677,True,0.05,1500,2.173952980270676,0.7826047019729324
773,16,dynamic_dijkstra,1,10,"[1, 2, 5, 10]",3,23.43551815884482,21.75,1.6855181588448183,0.0,True,0.05,1500,3.886342194088022,0.6113657805911978
774,16,dynamic_dijkstra,4,9,"[4, 9]",1,11.07730971226429,11.0,0.07730971226428984,0.0,True,0.05,1500,8.660862434462254,0.13391375655377463
775,16,dynamic_dijkstra,4,10,"[4, 5, 10]",2,11.982493168781698,11.25,0.7324931687816978,0.0,True,0.05,1500,5.33053809922933,0.46694619007706695
776,16,dynamic_dijkstra,2,0,"[2, 1, 0]",2,12.83817147528649,10.25,2.58817147528649,0.020977087075044865,True,0.05,1500,2.0284193711394716,0.7971580628860528
777,16,dynamic_dijkstra,11,3,"[11, 10, 5, 4, 3]",4,18.465918120872338,16.25,2.215918120872338,0.0,True,0.05,1500,3.7838189830590796,0.621618101694092
778,16,dynamic_dijkstra,13,7,"[13, 9, 8, 7]",3,12.781770651092172,11.4,1.3817706510921717,0.0,True,0.05,1500,4.527205323560677,0.5472794676439323
779,16,dynamic_dijkstra,0,10,"[0, 3, 4, 5, 10]",4,21.966918245906257,19.75,2.216918245906257,0.0,True,0.05,1500,3.8651939326921365,0.6134806067307863
780,16,dynamic_dijkstra,5,13,"[5, 10, 13]",2,9.944341611417352,9.25,0.694341611417352,0.0,True,0.05,1500,5.678974285153271,0.4321025714846729
781,16,dynamic_dijkstra,8,9,"[8, 9]",1,5.404718744740478,5.0,0.4047187447404781,0.0,True,0.05,1500,5.526579424895491,0.44734205751045086
782,16,dynamic_dijkstra,10,4,"[10, 5, 4]",2,12.035730338621828,11.25,0.7857303386218284,0.0,True,0.05,1500,5.180538099229331,0.4819461900770669
783,16,dynamic_dijkstra,6,7,"[6, 11, 12, 7]",3,22.699404813563486,19.0,3.6994048135634863,0.010320850879269927,True,0.05,1500,2.460880902768695,0.7539119097231305
784,16,dynamic_dijkstra,6,9,"[6, 11, 10, 13, 9]",4,22.112223572715862,19.75,2.3622235727158625,0.0,True,0.05,1500,3.7338189830590798,0.626618101694092
785,16,dynamic_dijkstra,5,4,"[5, 4]",1,4.224556645578962,3.75,0.4745566455789616,0.0,True,0.05,1500,5.130538099229331,0.4869461900770669
786,16,dynamic_dijkstra,8,2,"[8, 7, 1, 2]",3,22.399432353709308,20.65,1.7494323537093095,0.0,True,0.05,1500,4.401574982466549,0.559842501753345
787,16,dynamic_dijkstra,13,9,"[13, 9]",1,4.8965214222225875,4.5,0.39652142222258746,0.0,True,0.05,1500,5.577111573758473,0.4422888426241527
788,16,dynamic_dijkstra,1,9,"[1, 7, 8, 9]",3,23.44910079564522,21.9,1.54910079564522,0.0,True,0.05,1500,4.427205323560678,0.5572794676439322
789,16,dynamic_dijkstra,13,2,"[13, 10, 5, 2]",3,21.27691576489355,19.75,1.5269157648935483,0.0,True,0.05,1500,3.8363421940880222,0.6163657805911977
790,16,dynamic_dijkstra,11,0,"[11, 10, 5, 4, 3, 0]",5,24.90993850421399,21.75,3.15993850421399,0.0,True,0.05,1500,3.68381898305908,0.631618101694092
791,16,dynamic_dijkstra,5,9,"[5, 10, 13, 9]",3,14.900248503405635,13.75,1.150248503405635,0.0,True,0.05,1500,5.527111573758473,0.4472888426241527
792,16,dynamic_dijkstra,11,1,"[11, 12, 7, 1]",3,26.06581572019045,22.5,3.56581572019045,0.012546941299199088,True,0.05,1500,2.410880902768695,0.7589119097231305
793,16,dynamic_dijkstra,2,8,"[2, 1, 7, 8]",3,22.468719238860267,20.65,1.8187192388602682,0.0,True,0.05,1500,4.351574982466549,0.564842501753345
794,16,dynamic_dijkstra,5,11,"[5, 10, 11]",2,10.72439060497014,9.5,1.2243906049701394,0.0,True,0.05,1500,3.63381898305908,0.6366181016940919
795,16,dynamic_dijkstra,11,13,"[11, 10, 13]",2,5.0577393215041315,3.75,1.3077393215041315,0.0,True,0.05,1500,3.5838189830590803,0.641618101694092
796,16,dynamic_dijkstra,13,12,"[13, 10, 11, 12]",3,8.350577541822283,5.5,2.8505775418222825,0.005968116098493681,True,0.05,1500,2.4817672101919674,0.7518232789808033
797,16,dynamic_dijkstra,8,2,"[8, 7, 1, 2]",3,22.5059394324469,20.65,1.8559394324469025,0.0,True,0.05,1500,4.3015749824665495,0.569842501753345
798,16,dynamic_dijkstra,6,9,"[6, 11, 10, 13, 9]",4,22.289665754105354,19.75,2.5396657541053536,0.0,True,0.05,1500,3.4838189830590807,0.651618101694092
799,16,dynamic_dijkstra,3,13,"[3, 4, 5, 10, 13]",4,17.975505816775343,16.0,1.9755058167753425,0.0,True,0.05,1500,4.2100942482126635,0.5789905751787336
800,17,dynamic_dijkstra,0,7,"[0, 3, 8, 7]",3,21.450099269578946,19.4,2.050099269578947,0.0,True,0.05,1500,3.8636863444612395,0.6136313655538761
801,17,dynamic_dijkstra,7,5,"[7, 12, 11, 10, 5]",4,20.18062901232169,17.0,3.1806290123216883,0.001978618980902014,True,0.05,1500,2.7016078852573493,0.7298392114742651
802,17,dynamic_dijkstra,9,4,"[9, 4]",1,11.387296274447396,11.0,0.38729627444739556,0.0,True,0.05,1500,5.635096352809529,0.4364903647190471
803,17,dynamic_dijkstra,7,0,"[7, 8, 3, 0]",3,21.49336849548459,19.4,2.09336849548459,0.0,True,0.05,1500,3.8136863444612397,0.618631365553876
804,17,dynamic_dijkstra,8,12,"[8, 7, 12]",2,9.122653759822242,7.65,1.4726537598222418,0.0,True,0.05,1500,3.766378009960018,0.6233621990039981
805,17,dynamic_dijkstra,8,6,"[8, 7, 12, 11, 6]",4,24.250941852082804,20.9,3.350941852082805,0.0026972681247745545,True,0.05,1500,2.6516078852573495,0.734839211474265
806,17,dynamic_dijkstra,5,3,"[5, 4, 3]",2,7.5905326392185355,6.75,0.8405326392185355,0.0,True,0.05,1500,5.409419696465608,0.45905803035343923
807,17,dynamic_dijkstra,9,1,"[9, 8, 7, 1]",3,23.84454824469803,21.9,1.94454824469803,0.0,True,0.05,1500,3.6663780099600185,0.6333621990039981
808,17,dynamic_dijkstra,7,4,"[7, 8, 3, 4]",3,19.044020427626037,16.9,2.144020427626039,0.0,True,0.05,1500,3.6163780099600187,0.6383621990039982
809,17,dynamic_dijkstra,10,5,"[10, 5]",1,7.879936183042207,7.5,0.379936183042207,0.0,True,0.05,1500,5.682230253009348,0.4317769746990652
810,17,dynamic_dijkstra,7,1,"[7, 1]",1,15.439968671304074,15.0,0.439968671304074,0.0,True,0.05,1500,5.319326220801812,0.46806737791981884
811,17,dynamic_dijkstra,4,6,"[4, 5, 6]",2,10.944027523287097,9.75,1.1940275232870974,0.0,True,0.05,1500,3.9390665776552627,0.6060933422344738
812,17,dynamic_dijkstra,8,9,"[8, 9]",1,5.6629582235741385,5.0,0.6629582235741385,0.0,True,0.05,1500,4.299380578464306,0.5700619421535694
813,17,dynamic_dijkstra,5,0,"[5, 4, 3, 0]",3,13.606746114210935,12.25,1.3567461142109352,0.0,True,0.05,1500,5.0931953081830965,0.49068046918169034
814,17,dynamic_dijkstra,0,2,"[0, 1, 2]",2,12.654232028359889,10.25,2.404232028359889,0.01817800957963378,True,0.05,1500,2.095560709011643,0.7904439290988357
815,17,dynamic_dijkstra,11,10,"[11, 10]",1,2.8432691241692973,2.0,0.8432691241692973,0.0,True,0.05,1500,3.7222622853719605,0.627773771462804
816,17,dynamic_dijkstra,10,2,"[10, 5, 2]",2,23.758771700612776,18.0,5.758771700612776,0.10256555131788936,True,0.05,1500,0.8516402048760501,0.914835979512395
817,17,dynamic_dijkstra,1,11,"[1, 7, 12, 11]",3,25.042735347768012,22.5,2.542735347768012,0.003527028379758268,True,0.05,1500,2.6016078852573497,0.739839211474265
818,17,dynamic_dijkstra,10,6,"[10, 5, 6]",2,14.681354890673553,13.5,1.1813548906735534,0.0,True,0.05,1500,3.889066577655263,0.6110933422344738
819,17,dynamic_dijkstra,6,12,"[6, 11, 12]",2,15.180397874634547,13.25,1.9303978746345472,0.004467899745853043,True,0.05,1500,2.55160788525735,0.744839211474265
820,17,dynamic_dijkstra,3,4,"[3, 4]",1,3.4506752243712473,3.0,0.4506752243712473,0.0,True,0.05,1500,5.259419696465608,0.4740580303534392
821,17,dynamic_dijkstra,6,7,"[6, 11, 12, 7]",3,21.66493833373096,19.0,2.6649383337309587,0.005519882223058881,True,0.05,1500,2.50160788525735,0.749839211474265
822,17,dynamic_dijkstra,9,3,"[9, 4, 3]",2,14.855039506284136,14.0,0.855039506284136,0.0,True,0.05,1500,5.209419696465608,0.4790580303534392
823,17,dynamic_dijkstra,12,2,"[12, 7, 1, 2]",3,26.18677664741415,24.5,1.686776647414149,0.0,True,0.05,1500,4.166360732168135,0.5833639267831865
824,17,dynamic_dijkstra,2,5,"[2, 5]",1,16.237212117839206,10.5,5.737212117839206,0.10739523975149823,True,0.05,1500,0.8016402048760494,0.919835979512395
825,17,dynamic_dijkstra,7,5,"[7, 12, 11, 10, 5]",4,20.51949617689465,17.0,3.5194961768946484,0.006682975811375891,True,0.05,1500,2.45160788525735,0.754839211474265
826,17,dynamic_dijkstra,1,13,"[1, 7, 8, 9, 13]",4,28.894100632693643,26.4,2.4941006326936446,0.0,True,0.05,1500,3.566378009960019,0.6433621990039982
827,17,dynamic_dijkstra,2,11,"[2, 5, 10, 11]",3,27.44450929146713,20.0,7.444509291467131,0.11233603929621816,True,0.05,1500,0.7516402048760487,0.9248359795123952
828,17,dynamic_dijkstra,5,4,"[5, 4]",1,4.192114575341784,3.75,0.4421145753417841,0.0,True,0.05,1500,5.307210111027186,0.46927898889728137
829,17,dynamic_dijkstra,7,0,"[7, 8, 3, 0]",3,21.659723703341285,19.4,2.2597237033412867,0.0,True,0.05,1500,3.516378009960019,0.648362199003998
830,17,dynamic_dijkstra,4,3,"[4, 3]",1,3.469101235052691,3.0,0.46910123505269086,0.0,True,0.05,1500,5.1594196964656085,0.48405803035343914
831,17,dynamic_dijkstra,5,7,"[5, 10, 11, 12, 7]",4,20.631644759566633,17.0,3.6316447595666332,0.007957180510803963,True,0.05,1500,2.4016078852573504,0.7598392114742649
832,17,dynamic_dijkstra,12,10,"[12, 11, 10]",2,6.295747024518238,3.75,2.5457470245182376,0.009342496321343208,True,0.05,1500,2.3516078852573505,0.7648392114742649
833,17,dynamic_dijkstra,9,12,"[9, 13, 10, 11, 12]",4,14.000245454064647,10.0,4.000245454064647,0.010838923242993515,True,0.05,1500,2.3016078852573507,0.7698392114742649
834,17,dynamic_dijkstra,1,9,"[1, 7, 8, 9]",3,24.009770617485536,21.9,2.1097706174855375,0.0,True,0.05,1500,3.466378009960019,0.6533621990039981
835,17,dynamic_dijkstra,1,6,"[1, 2, 5, 6]",3,28.217962322528592,20.25,7.967962322528592,0.11738794995204915,True,0.05,1500,0.701640204876048,0.9298359795123952
836,17,dynamic_dijkstra,1,5,"[1, 2, 5]",2,21.973265817706196,14.25,7.723265817706196,0.12255097171899143,True,0.05,1500,0.6516402048760472,0.9348359795123953
837,17,dynamic_dijkstra,11,13,"[11, 10, 13]",2,5.662342146028653,3.75,1.912342146028653,0.0,True,0.05,1500,3.4222622853719615,0.6577737714628038
838,17,dynamic_dijkstra,1,11,"[1, 7, 12, 11]",3,25.45186779119713,22.5,2.951867791197131,0.012446461275754994,True,0.05,1500,2.251607885257351,0.7748392114742649
839,17,dynamic_dijkstra,6,2,"[6, 5, 2]",2,25.130201023869464,16.5,8.630201023869464,0.12782510459704477,True,0.05,1500,0.6016402048760465,0.9398359795123954
840,17,dynamic_dijkstra,0,5,"[0, 3, 4, 5]",3,13.681022294175945,12.25,1.4310222941759445,0.0,True,0.05,1500,4.993195308183097,0.5006804691816903
841,17,dynamic_dijkstra,0,5,"[0, 3, 4, 5]",3,13.709954199580785,12.25,1.4599541995807854,0.0,True,0.05,1500,4.943195308183097,0.5056804691816903
842,17,dynamic_dijkstra,13,6,"[13, 10, 5, 6]",3,17.488908856657993,15.25,2.238908856657993,0.0,True,0.05,1500,3.395138911436147,0.6604861088563853
843,17,dynamic_dijkstra,7,12,"[7, 12]",1,6.510601427260209,5.75,0.7606014272602089,0.0,True,0.05,1500,3.966360732168136,0.6033639267831864
844,17,dynamic_dijkstra,12,2,"[12, 7, 1, 2]",3,26.33431390223458,24.5,1.8343139022345802,0.0,True,0.05,1500,3.916360732168136,0.6083639267831864
845,17,dynamic_dijkstra,4,12,"[4, 5, 10, 11, 12]",4,18.660962028167827,15.0,3.660962028167827,0.014165110419627536,True,0.05,1500,2.201607885257351,0.7798392114742649
846,17,dynamic_dijkstra,13,6,"[13, 10, 5, 6]",3,17.546632508959615,15.25,2.2966325089596147,0.0,True,0.05,1500,3.3451389114361474,0.6654861088563853
847,17,dynamic_dijkstra,13,12,"[13, 10, 11, 12]",3,9.34622878650208,5.5,3.8462287865020794,0.01599487067461114,True,0.05,1500,2.1516078852573512,0.7848392114742648
848,17,dynamic_dijkstra,10,5,"[10, 5]",1,7.955615437054632,7.5,0.45561543705463237,0.0,True,0.05,1500,5.23223025300935,0.476776974699065
849,17,dynamic_dijkstra,6,7,"[6, 11, 12, 7]",3,22.16240992342499,19.0,3.1624099234249883,0.017935742040705915,True,0.05,1500,2.1016078852573514,0.7898392114742648
850,18,dynamic_dijkstra,4,8,"[4, 3, 8]",2,16.59801805610607,15.0,1.5980180561060706,0.0009569584763697847,True,0.05,1500,2.7924834188874517,0.7207516581112549
851,18,dynamic_dijkstra,13,2,"[13, 9, 8, 7, 1, 2]",5,32.84396267857208,30.15,2.6939626785720847,0.0,True,0.05,1500,3.5676183119772213,0.6432381688022779
852,18,dynamic_dijkstra,12,10,"[12, 11, 10]",2,5.866878400897921,3.75,2.116878400897921,0.002981867052234133,True,0.05,1500,2.633688633331511,0.7366311366668489
853,18,dynamic_dijkstra,8,7,"[8, 7]",1,2.3621842989240602,1.9,0.4621842989240603,0.0,True,0.05,1500,5.196509655781258,0.48034903442187427
854,18,dynamic_dijkstra,5,8,"[5, 4, 3, 8]",3,20.699921335247826,18.75,1.9499213352478257,0.0014736619899532455,True,0.05,1500,2.742483418887452,0.7257516581112549
855,18,dynamic_dijkstra,5,11,"[5, 10, 11]",2,11.186701229674284,9.5,1.6867012296742843,0.0,True,0.05,1500,3.4405103726136765,0.6559489627386323
856,18,dynamic_dijkstra,4,12,"[4, 5, 10, 11, 12]",4,18.478098083917512,15.0,3.478098083917512,0.0038514478670530483,True,0.05,1500,2.583688633331511,0.7416311366668489
857,18,dynamic_dijkstra,10,12,"[10, 11, 12]",2,5.988032399879827,3.75,2.2380323998798266,0.004832139792983026,True,0.05,1500,2.5336886333315114,0.7466311366668489
858,18,dynamic_dijkstra,4,10,"[4, 5, 10]",2,12.572890200798778,11.25,1.3228902007987777,0.0,True,0.05,1500,3.340510372613677,0.6659489627386324
859,18,dynamic_dijkstra,5,13,"[5, 4, 9, 13]",3,20.394910479781373,19.25,1.1449104797813732,0.0,True,0.05,1500,5.037474519208052,0.4962525480791948
860,18,dynamic_dijkstra,6,4,"[6, 5, 4]",2,11.115581224122256,9.75,1.3655812241222556,0.0,True,0.05,1500,3.277421101805653,0.6722578898194347
861,18,dynamic_dijkstra,8,4,"[8, 3, 4]",2,16.677773880012282,15.0,1.677773880012282,0.002101476614647768,True,0.05,1500,2.692483418887452,0.7307516581112548
862,18,dynamic_dijkstra,4,13,"[4, 9, 13]",2,16.328635502385765,15.5,0.8286355023857652,0.0,True,0.05,1500,4.987474519208052,0.5012525480791947
863,18,dynamic_dijkstra,0,4,"[0, 3, 4]",2,10.217539200054453,8.5,1.7175392000544534,0.002792517653759208,True,0.05,1500,2.6455098105459527,0.7354490189454047
864,18,dynamic_dijkstra,1,6,"[1, 2, 5, 6]",3,24.28156195587317,20.25,4.031561955873169,0.024387080293933328,True,0.05,1500,1.9524225025197417,0.8047577497480258
865,18,dynamic_dijkstra,2,7,"[2, 1, 7]",2,20.085212247207664,18.75,1.3352122472076644,0.0,True,0.05,1500,3.4676183119772217,0.6532381688022778
866,18,dynamic_dijkstra,12,5,"[12, 11, 10, 5]",3,14.563478471390384,11.25,3.3134784713903844,0.005923942830024065,True,0.05,1500,2.4836886333315116,0.7516311366668489
867,18,dynamic_dijkstra,2,10,"[2, 5, 10]",2,21.17119477793046,18.0,3.1711947779304595,0.026770585843889583,True,0.05,1500,1.902422502519741,0.809757749748026
868,18,dynamic_dijkstra,9,10,"[9, 8, 12, 11, 10]",4,20.437333954301078,13.25,7.187333954301078,0.0894675001113222,True,0.05,1500,1.0681806909739642,0.8931819309026036
869,18,dynamic_dijkstra,3,7,"[3, 8, 7]",2,15.763691689895996,13.9,1.8636916898959957,0.0028404023504534637,True,0.05,1500,2.642483418887452,0.7357516581112548
870,18,dynamic_dijkstra,13,12,"[13, 9, 8, 12]",3,19.411753830423216,14.0,5.411753830423216,0.0872801727472986,True,0.05,1500,1.0181806909739635,0.8981819309026037
871,18,dynamic_dijkstra,7,1,"[7, 1]",1,15.401352160818913,15.0,0.401352160818913,0.0,True,0.05,1500,5.547221405069143,0.4452778594930857
872,18,dynamic_dijkstra,12,0,"[12, 11, 10, 5, 4, 3, 0]",6,29.087192739024314,23.5,5.587192739024314,0.012046021817325392,True,0.05,1500,2.383688633331512,0.7616311366668488
873,18,dynamic_dijkstra,11,12,"[11, 12]",1,3.3925308966184287,1.75,1.6425308966184287,0.009866018607813998,True,0.05,1500,2.333688633331512,0.7666311366668488
874,18,dynamic_dijkstra,1,12,"[1, 7, 12]",2,22.197099991369562,20.75,1.4470999913695621,0.0,True,0.05,1500,3.251927658616765,0.6748072341383236
875,18,dynamic_dijkstra,13,7,"[13, 9, 8, 7]",3,12.902899098515944,11.4,1.5028990985159432,0.0,True,0.05,1500,4.230718082562757,0.5769281917437243
876,18,dynamic_dijkstra,8,0,"[8, 3, 0]",2,20.392895711902675,17.5,2.892895711902675,0.008263750981204798,True,0.05,1500,2.545509810545953,0.7454490189454047
877,18,dynamic_dijkstra,8,12,"[8, 12]",1,9.164325261403569,4.5,4.664325261403569,0.09173977121180088,True,0.05,1500,0.9681806909739628,0.9031819309026037
878,18,dynamic_dijkstra,0,1,"[0, 1]",1,7.065566715793846,6.5,0.565566715793846,0.0,True,0.05,1500,4.692338758230644,0.5307661241769356
879,18,dynamic_dijkstra,9,2,"[9, 8, 7, 1, 2]",4,28.21765690197151,25.65,2.5676569019715103,0.0,True,0.05,1500,3.417618311977222,0.6582381688022778
880,18,dynamic_dijkstra,6,3,"[6, 5, 4, 3]",3,14.519418937752615,12.75,1.769418937752615,0.0,True,0.05,1500,3.1774211018056535,0.6822578898194347
881,18,dynamic_dijkstra,13,6,"[13, 9, 4, 5, 6]",4,27.570249948153318,25.25,2.320249948153318,0.0,True,0.05,1500,3.1274211018056537,0.6872578898194346
882,18,dynamic_dijkstra,7,11,"[7, 12, 11]",2,10.250999659294918,7.5,2.7509996592949175,0.011402266089299506,True,0.05,1500,2.2836886333315123,0.7716311366668488
883,18,dynamic_dijkstra,4,12,"[4, 5, 10, 11, 12]",4,19.031748347996484,15.0,4.0317483479964835,0.013049624681896188,True,0.05,1500,2.2336886333315125,0.7766311366668488
884,18,dynamic_dijkstra,12,5,"[12, 11, 10, 5]",3,15.00754576023554,11.25,3.7575457602355407,0.01480809438560382,True,0.05,1500,2.1836886333315126,0.7816311366668487
885,18,dynamic_dijkstra,0,7,"[0, 1, 7]",2,22.503445941710414,21.5,1.0034459417104138,0.0,True,0.05,1500,4.642338758230644,0.5357661241769356
886,18,dynamic_dijkstra,2,8,"[2, 1, 7, 8]",3,22.570492465564126,20.65,1.9204924655641271,0.0,True,0.05,1500,3.367618311977222,0.6632381688022778
887,18,dynamic_dijkstra,2,10,"[2, 5, 10]",2,21.34362900824484,18.0,3.3436290082448394,0.02926520250495679,True,0.05,1500,1.8524225025197403,0.814757749748026
888,18,dynamic_dijkstra,7,2,"[7, 1, 2]",2,20.200996331156432,18.75,1.450996331156432,0.0,True,0.05,1500,3.3176183119772222,0.6682381688022778
889,18,dynamic_dijkstra,12,1,"[12, 7, 1]",2,22.289216096835307,20.75,1.5392160968353075,0.0,True,0.05,1500,3.1519276586167653,0.6848072341383235
890,18,dynamic_dijkstra,10,11,"[10, 11]",1,2.8684603030879288,2.0,0.8684603030879288,0.0,True,0.05,1500,3.653741353488666,0.6346258646511334
891,18,dynamic_dijkstra,2,13,"[2, 1, 7, 8, 9, 13]",5,33.21783234329,30.15,3.06783234329,0.0,True,0.05,1500,3.2676183119772224,0.6732381688022777
892,18,dynamic_dijkstra,12,13,"[12, 7, 8, 9, 13]",4,19.870029419394168,17.15,2.7200294193941694,0.0,True,0.05,1500,3.1019276586167654,0.6898072341383235
893,18,dynamic_dijkstra,1,4,"[1, 0, 3, 4]",3,17.440980715286127,15.0,2.440980715286127,0.005655785583452921,True,0.05,1500,2.4955098105459532,0.7504490189454047
894,18,dynamic_dijkstra,5,11,"[5, 10, 11]",2,11.55940237530345,9.5,2.059402375303449,2.0011783984363873e-06,True,0.05,1500,2.990510372613678,0.7009489627386322
895,18,dynamic_dijkstra,6,3,"[6, 5, 4, 3]",3,14.60742977763335,12.75,1.8574297776333495,0.0,True,0.05,1500,3.077421101805654,0.6922578898194346
896,18,dynamic_dijkstra,8,13,"[8, 9, 13]",2,10.609682320500172,9.5,1.1096823205001716,0.0,True,0.05,1500,4.030718082562758,0.5969281917437242
897,18,dynamic_dijkstra,12,7,"[12, 7]",1,6.888308819635052,5.75,1.1383088196350517,0.0,True,0.05,1500,3.0519276586167656,0.6948072341383235
898,18,dynamic_dijkstra,5,12,"[5, 10, 11, 12]",3,15.20071270999981,11.25,3.9507127099998094,0.016755008382891234,True,0.05,1500,2.133688633331513,0.7866311366668487
899,18,dynamic_dijkstra,1,5,"[1, 2, 5]",2,17.577988785800905,14.25,3.3279887858009047,0.03187093027713517,True,0.05,1500,1.8024225025197396,0.8197577497480261
900,19,dynamic_dijkstra,13,11,"[13, 10, 11]",2,8.840112666342012,3.75,5.090112666342012,0.09308832835078473,True,0.05,1500,0.9533014936768751,0.9046698506323125
901,19,dynamic_dijkstra,0,10,"[0, 1, 7, 12, 11, 10]",5,35.107336825253164,31.0,4.107336825253164,0.009316336602235076,True,0.05,1500,2.352516295880293,0.7647483704119706
902,19,dynamic_dijkstra,9,4,"[9, 4]",1,11.677378179719224,11.0,0.6773781797192235,0.0,True,0.05,1500,4.246723853156833,0.5753276146843167
903,19,dynamic_dijkstra,0,11,"[0, 1, 7, 12, 11]",4,32.845935448788204,29.0,3.845935448788204,0.010810744833612107,True,0.05,1500,2.3025162958802934,0.7697483704119706
904,19,dynamic_dijkstra,12,7,"[12, 7]",1,6.497149797497658,5.75,0.7471497974976584,0.0,True,0.05,1500,4.009141492090398,0.5990858507909602
905,19,dynamic_dijkstra,6,13,"[6, 11, 10, 13]",3,21.223404990970373,15.25,5.973404990970373,0.09769210280928053,True,0.05,1500,0.9033014936768744,0.9096698506323125
906,19,dynamic_dijkstra,7,2,"[7, 1, 2]",2,20.511834333734292,18.75,1.761834333734292,0.0,True,0.05,1500,3.6153379663693492,0.638466203363065
907,19,dynamic_dijkstra,1,8,"[1, 7, 8]",2,18.162279807115222,16.9,1.262279807115224,0.0,True,0.05,1500,3.5762424228636,0.64237575771364
908,19,dynamic_dijkstra,8,10,"[8, 12, 11, 10]",3,11.80950612035193,8.25,3.55950612035193,0.017167114274160733,True,0.05,1500,2.2525162958802936,0.7747483704119706
909,19,dynamic_dijkstra,8,0,"[8, 7, 1, 0]",3,25.284010204421175,23.4,1.8840102044211768,0.0,True,0.05,1500,3.5262424228636,0.64737575771364
910,19,dynamic_dijkstra,12,7,"[12, 7]",1,6.51290005295063,5.75,0.7629000529506298,0.0,True,0.05,1500,3.9591414920903985,0.6040858507909601
911,19,dynamic_dijkstra,6,2,"[6, 5, 2]",2,19.085056585779142,16.5,2.5850565857791423,0.023780186259007463,True,0.05,1500,1.9655395697972118,0.8034460430202788
912,19,dynamic_dijkstra,2,7,"[2, 1, 7]",2,20.590726266275517,18.75,1.8407262662755173,0.0,True,0.05,1500,3.4762424228636,0.65237575771364
913,19,dynamic_dijkstra,2,4,"[2, 5, 4]",2,16.743699525406686,14.25,2.4936995254066865,0.026134542770569258,True,0.05,1500,1.915539569797211,0.8084460430202789
914,19,dynamic_dijkstra,13,6,"[13, 10, 11, 6]",3,21.5745460937576,15.25,6.324546093757601,0.10240698837888762,True,0.05,1500,0.8533014936768737,0.9146698506323127
915,19,dynamic_dijkstra,5,3,"[5, 4, 3]",2,7.480065725807937,6.75,0.730065725807937,0.0,True,0.05,1500,5.60950861932002,0.439049138067998
916,19,dynamic_dijkstra,13,5,"[13, 9, 4, 5]",3,20.566188113102477,19.25,1.316188113102477,0.0,True,0.05,1500,4.196723853156834,0.5803276146843166
917,19,dynamic_dijkstra,1,8,"[1, 7, 8]",2,18.23868721441273,16.9,1.338687214412733,0.0,True,0.05,1500,3.4262424228636004,0.65737575771364
918,19,dynamic_dijkstra,12,13,"[12, 11, 10, 13]",3,13.376918704737143,5.5,7.876918704737143,0.1198503672106298,True,0.05,1500,0.803301493676873,0.9196698506323127
919,19,dynamic_dijkstra,5,8,"[5, 4, 3, 8]",3,20.163451500785605,18.75,1.4134515007856052,0.0,True,0.05,1500,4.309923310076498,0.5690076689923502
920,19,dynamic_dijkstra,6,1,"[6, 5, 2, 1]",3,23.904709500944794,20.25,3.6547095009447936,0.028600010393242226,True,0.05,1500,1.8655395697972104,0.813446043020279
921,19,dynamic_dijkstra,0,2,"[0, 2]",1,11.340108333519515,9.5,1.840108333519515,0.016563725931922457,True,0.05,1500,2.1366532174516966,0.7863346782548304
922,19,dynamic_dijkstra,13,4,"[13, 9, 4]",2,16.43649451008922,15.5,0.9364945100892186,0.0,True,0.05,1500,4.146723853156834,0.5853276146843166
923,19,dynamic_dijkstra,9,12,"[9, 8, 12]",2,11.644645827573845,9.5,2.1446458275738447,0.005900068187946639,True,0.05,1500,2.4847301013472647,0.7515269898652736
924,19,dynamic_dijkstra,2,9,"[2, 1, 7, 8, 9]",4,28.60628494827497,25.65,2.95628494827497,0.0,True,0.05,1500,3.3762424228636005,0.66237575771364
925,19,dynamic_dijkstra,3,7,"[3, 8, 7]",2,14.968835058484775,13.9,1.0688350584847743,0.0,True,0.05,1500,4.259923310076498,0.5740076689923501
926,19,dynamic_dijkstra,0,5,"[0, 2, 5]",2,24.150183795169816,20.0,4.150183795169816,0.0491364727142819,True,0.05,1500,1.8155395697972097,0.818446043020279
927,19,dynamic_dijkstra,12,10,"[12, 11, 10]",2,5.963194594638187,3.75,2.2131945946381872,0.015960636194410238,True,0.05,1500,2.152516295880294,0.7847483704119707
928,19,dynamic_dijkstra,1,11,"[1, 7, 12, 11]",3,26.16035378100588,22.5,3.660353781005881,0.01789948887023174,True,0.05,1500,2.102516295880294,0.7897483704119705
929,19,dynamic_dijkstra,0,13,"[0, 1, 7, 8, 9, 13]",5,35.83050604644253,32.9,2.930506046442531,0.0,True,0.05,1500,3.276242422863601,0.6723757577136399
930,19,dynamic_dijkstra,12,2,"[12, 7, 1, 2]",3,27.30939945319639,24.5,2.8093994531963915,0.0,True,0.05,1500,3.226242422863601,0.6773757577136399
931,19,dynamic_dijkstra,6,0,"[6, 5, 2, 0]",3,30.8503734634223,26.0,4.850373463422301,0.053788939389430634,True,0.05,1500,1.765539569797209,0.8234460430202791
932,19,dynamic_dijkstra,11,7,"[11, 12, 7]",2,10.248665985741779,7.5,2.748665985741779,0.019949452657164413,True,0.05,1500,2.0525162958802943,0.7947483704119706
933,19,dynamic_dijkstra,11,5,"[11, 6, 5]",2,18.67701249257737,17.5,1.1770124925773686,0.0,True,0.05,1500,4.536326630003074,0.5463673369996926
934,19,dynamic_dijkstra,0,12,"[0, 1, 7, 12]",3,29.773140191050754,27.25,2.5231401910507536,0.0,True,0.05,1500,3.1762424228636013,0.6823757577136399
935,19,dynamic_dijkstra,4,12,"[4, 3, 8, 12]",3,22.094316983664243,19.5,2.5943169836642426,0.007100667962730567,True,0.05,1500,2.434730101347265,0.7565269898652736
936,19,dynamic_dijkstra,10,2,"[10, 11, 12, 7, 1, 2]",5,33.5783083525758,28.25,5.328308352575803,0.022110527555208148,True,0.05,1500,2.0025162958802945,0.7997483704119706
937,19,dynamic_dijkstra,3,2,"[3, 4, 5, 2]",3,20.44073867230947,17.25,3.1907386723094717,0.03666307992792761,True,0.05,1500,1.7155395697972082,0.8284460430202791
938,19,dynamic_dijkstra,2,1,"[2, 1]",1,4.758141869914859,3.75,1.0081418699148594,0.0,True,0.05,1500,3.3153379663693503,0.668466203363065
939,19,dynamic_dijkstra,11,1,"[11, 12, 7, 1]",3,26.552598377110137,22.5,4.052598377110137,0.024382713564363168,True,0.05,1500,1.9525162958802937,0.8047483704119707
940,19,dynamic_dijkstra,11,7,"[11, 12, 7]",2,10.51346939418793,7.5,3.013469394187929,0.026766010684629138,True,0.05,1500,1.902516295880293,0.8097483704119707
941,19,dynamic_dijkstra,12,8,"[12, 8]",1,6.096673328849762,4.5,1.5966733288497617,0.008412378848625446,True,0.05,1500,2.384730101347265,0.7615269898652735
942,19,dynamic_dijkstra,4,13,"[4, 9, 13]",2,16.462048312578617,15.5,0.9620483125786166,0.0,True,0.05,1500,4.096723853156834,0.5903276146843166
943,19,dynamic_dijkstra,1,12,"[1, 7, 12]",2,22.807047130496873,20.75,2.0570471304968727,0.0,True,0.05,1500,3.026242422863602,0.6973757577136398
944,19,dynamic_dijkstra,7,3,"[7, 8, 3]",2,15.013366599870643,13.9,1.113366599870643,0.0,True,0.05,1500,4.159923310076499,0.5840076689923501
945,19,dynamic_dijkstra,7,13,"[7, 8, 9, 13]",3,12.739080099777023,11.4,1.3390800997770231,0.0,True,0.05,1500,4.265577027664831,0.5734422972335169
946,19,dynamic_dijkstra,13,2,"[13, 9, 4, 5, 2]",4,33.66462059837458,29.75,3.914620598374583,0.03957299199504494,True,0.05,1500,1.6655395697972075,0.8334460430202792
947,19,dynamic_dijkstra,10,9,"[10, 13, 9]",2,12.64588228893042,6.25,6.395882288930419,0.11217009285143498,True,0.05,1500,0.7533014936768723,0.9246698506323128
948,19,dynamic_dijkstra,5,6,"[5, 6]",1,6.586476532121611,6.0,0.586476532121611,0.0,True,0.05,1500,4.602032213467398,0.5397967786532603
949,19,dynamic_dijkstra,3,5,"[3, 4, 5]",2,7.550758364570008,6.75,0.800758364570008,0.0,True,0.05,1500,5.359508619320021,0.4640491380679979
950,20,dynamic_dijkstra,5,2,"[5, 2]",1,11.772613723368211,10.5,1.2726137233682113,0.0007144627213931942,True,0.05,1500,2.8206934957602092,0.7179306504239791
951,20,dynamic_dijkstra,10,1,"[10, 5, 2, 1]",3,27.203191598620116,21.75,5.453191598620116,0.06910824350994971,True,0.05,1500,1.2504669088119496,0.8749533091188051
952,20,dynamic_dijkstra,7,10,"[7, 12, 11, 10]",3,12.04216345730248,9.5,2.5421634573024807,0.004302983359176893,True,0.05,1500,2.5599610799452375,0.7440038920054762
953,20,dynamic_dijkstra,5,2,"[5, 2]",1,11.837766734030035,10.5,1.3377667340300352,0.001733602740236706,True,0.05,1500,2.7206934957602096,0.7279306504239791
954,20,dynamic_dijkstra,8,10,"[8, 12, 11, 10]",3,11.121606759791971,8.25,2.8716067597919714,0.0053364031815208435,True,0.05,1500,2.5099610799452376,0.7490038920054762
955,20,dynamic_dijkstra,4,0,"[4, 3, 0]",2,10.720106003852182,8.5,2.220106003852182,0.017811771799421172,True,0.05,1500,2.1047180717930525,0.7895281928206948
956,20,dynamic_dijkstra,2,11,"[2, 5, 10, 11]",3,25.365380748745668,20.0,5.365380748745668,0.07419907312026974,True,0.05,1500,1.2004669088119488,0.8799533091188051
957,20,dynamic_dijkstra,11,12,"[11, 12]",1,3.282552482542247,1.75,1.532552482542247,0.006480934114975856,True,0.05,1500,2.459961079945238,0.7540038920054762
958,20,dynamic_dijkstra,4,7,"[4, 3, 8, 7]",3,18.340737549791093,16.9,1.4407375497910948,0.0,True,0.05,1500,4.3150629044431055,0.5684937095556895
959,20,dynamic_dijkstra,12,13,"[12, 8, 9, 13]",3,15.789337484858478,14.0,1.7893374848584784,0.0,True,0.05,1500,3.1588627733588854,0.6841137226641114
960,20,dynamic_dijkstra,0,3,"[0, 3]",1,7.433423869016124,5.5,1.9334238690161243,0.019856842750992088,True,0.05,1500,2.0547180717930527,0.7945281928206948
961,20,dynamic_dijkstra,4,0,"[4, 3, 0]",2,10.85311555099011,8.5,2.3531155509901094,0.022013024813674287,True,0.05,1500,2.004718071793053,0.7995281928206948
962,20,dynamic_dijkstra,0,12,"[0, 3, 8, 12]",3,25.838534429869284,22.0,3.8385344298692843,0.024280317987467437,True,0.05,1500,1.954718071793053,0.8045281928206947
963,20,dynamic_dijkstra,2,13,"[2, 5, 4, 9, 13]",4,32.84907756993826,29.75,3.0990775699382596,0.0031971872035246873,True,0.05,1500,2.62069349576021,0.737930650423979
964,20,dynamic_dijkstra,12,4,"[12, 11, 10, 5, 4]",4,21.27864848714915,15.0,6.278648487149152,0.08316563365346774,True,0.05,1500,1.1504669088119481,0.8849533091188052
965,20,dynamic_dijkstra,6,9,"[6, 5, 4, 9]",3,22.553489236618308,20.75,1.803489236618308,0.0,True,0.05,1500,3.7348445936469385,0.6265155406353061
966,20,dynamic_dijkstra,10,2,"[10, 5, 2]",2,23.488526436439102,18.0,5.488526436439102,0.08395004494433123,True,0.05,1500,1.1004669088119474,0.8899533091188052
967,20,dynamic_dijkstra,10,12,"[10, 11, 12]",2,5.710788828882747,3.75,1.9607888288827473,0.009103329315219288,True,0.05,1500,2.359961079945238,0.7640038920054761
968,20,dynamic_dijkstra,8,12,"[8, 12]",1,5.634594413174535,4.5,1.1345944131745354,0.0,True,0.05,1500,3.058862773358886,0.6941137226641114
969,20,dynamic_dijkstra,1,12,"[1, 0, 3, 8, 12]",4,33.06956166139366,28.5,4.5695616613936565,0.02665872227237176,True,0.05,1500,1.9047180717930523,0.8095281928206948
970,20,dynamic_dijkstra,13,1,"[13, 9, 4, 3, 0, 1]",5,34.89297308623118,30.5,4.39297308623118,0.029148237668387256,True,0.05,1500,1.8547180717930516,0.8145281928206949
971,20,dynamic_dijkstra,5,2,"[5, 2]",1,11.983581109091592,10.5,1.4835811090915918,0.005105216111257027,True,0.05,1500,2.5206934957602103,0.747930650423979
972,20,dynamic_dijkstra,8,13,"[8, 9, 13]",2,10.2361449815761,9.5,0.7361449815760999,0.0,True,0.05,1500,5.7295756111094995,0.42704243888905
973,20,dynamic_dijkstra,4,13,"[4, 9, 13]",2,16.755922094564273,15.5,1.2559220945642728,0.0,True,0.05,1500,3.634844593646939,0.6365155406353061
974,20,dynamic_dijkstra,7,1,"[7, 8, 3, 0, 1]",4,29.93114508398448,25.9,4.03114508398448,0.03174886417551381,True,0.05,1500,1.8047180717930509,0.8195281928206949
975,20,dynamic_dijkstra,8,2,"[8, 3, 0, 2]",3,30.853263464439397,27.0,3.8532634644393973,0.034460601793751544,True,0.05,1500,1.7547180717930502,0.824528192820695
976,20,dynamic_dijkstra,9,2,"[9, 4, 5, 2]",3,28.212629762723143,25.25,2.962629762723143,0.006225897231789901,True,0.05,1500,2.4706934957602105,0.752930650423979
977,20,dynamic_dijkstra,2,8,"[2, 0, 3, 8]",3,30.9686099168987,27.0,3.9686099168987,0.03728345052310034,True,0.05,1500,1.7047180717930495,0.829528192820695
978,20,dynamic_dijkstra,10,3,"[10, 5, 4, 3]",3,19.438966328816555,14.25,5.188966328816555,0.08445953941416107,True,0.05,1500,1.0504669088119467,0.8949533091188053
979,20,dynamic_dijkstra,12,9,"[12, 8, 9]",2,11.060839339915876,9.5,1.5608393399158764,3.7606031460524214e-05,True,0.05,1500,2.958862773358886,0.7041137226641114
980,20,dynamic_dijkstra,9,13,"[9, 13]",1,4.888166417044459,4.5,0.3881664170444594,0.0,True,0.05,1500,5.6295756111095,0.43704243888905003
981,20,dynamic_dijkstra,11,2,"[11, 10, 5, 2]",3,26.412451869468267,20.0,6.412451869468267,0.09564248394166108,True,0.05,1500,1.000466908811946,0.8999533091188054
982,20,dynamic_dijkstra,7,6,"[7, 12, 11, 6]",3,21.98816057202174,19.0,2.988160572021741,0.010581193582007598,True,0.05,1500,2.3099610799452384,0.7690038920054761
983,20,dynamic_dijkstra,6,0,"[6, 5, 4, 3, 0]",4,22.15994545318564,18.25,3.909945453185639,0.0402174103635603,True,0.05,1500,1.6547180717930488,0.8345281928206951
984,20,dynamic_dijkstra,6,12,"[6, 11, 12]",2,15.506038570472704,13.25,2.256038570472704,0.01217016895990708,True,0.05,1500,2.2599610799452385,0.7740038920054761
985,20,dynamic_dijkstra,1,12,"[1, 0, 3, 8, 12]",4,33.71382708127013,28.5,5.213827081270132,0.04343907367437905,True,0.05,1500,1.604718071793048,0.8395281928206952
986,20,dynamic_dijkstra,6,13,"[6, 5, 4, 9, 13]",4,27.587593961647585,25.25,2.3375939616475847,0.0,True,0.05,1500,3.5348445936469393,0.646515540635306
987,20,dynamic_dijkstra,13,5,"[13, 9, 4, 5]",3,21.1786689984945,19.25,1.9286689984945014,0.0,True,0.05,1500,3.4848445936469394,0.651515540635306
988,20,dynamic_dijkstra,8,9,"[8, 9]",1,5.378654002289067,5.0,0.37865400228906676,0.0,True,0.05,1500,5.690522079196152,0.43094779208038475
989,20,dynamic_dijkstra,2,10,"[2, 5, 10]",2,24.36965990534269,18.0,6.36965990534269,0.10132544271492339,True,0.05,1500,0.9504669088119453,0.9049533091188054
990,20,dynamic_dijkstra,7,0,"[7, 8, 3, 0]",3,23.324991972409894,19.4,3.924991972409895,0.04641866337781353,True,0.05,1500,1.5547180717930473,0.8445281928206952
991,20,dynamic_dijkstra,0,12,"[0, 3, 8, 12]",3,26.848947477113263,22.0,4.8489474771132635,0.05010662291967971,True,0.05,1500,1.5047180717930466,0.8495281928206954
992,20,dynamic_dijkstra,12,6,"[12, 11, 6]",2,15.56710047434602,13.25,2.31710047434602,0.013870255448917623,True,0.05,1500,2.2099610799452387,0.7790038920054762
993,20,dynamic_dijkstra,10,6,"[10, 11, 6]",2,14.422393676240366,13.5,0.9223936762403664,0.0,True,0.05,1500,4.691056795010072,0.5308943204989929
994,20,dynamic_dijkstra,10,11,"[10, 11]",1,2.36393568247038,2.0,0.3639356824703799,0.0,True,0.05,1500,5.787467865319275,0.4212532134680725
995,20,dynamic_dijkstra,8,10,"[8, 12, 11, 10]",3,11.71640094241939,8.25,3.4664009424193907,0.016480576204445097,True,0.05,1500,2.159961079945239,0.7840038920054762
996,20,dynamic_dijkstra,5,11,"[5, 10, 11]",2,14.931800743074502,9.5,5.431800743074502,0.09795642668874827,True,0.05,1500,0.9004669088119446,0.9099533091188056
997,20,dynamic_dijkstra,8,2,"[8, 3, 0, 2]",3,31.55358333935302,27.0,4.553583339353018,0.053064360836511115,False,0.05,1500,1.454718071793046,0.8545281928206954
998,20,dynamic_dijkstra,8,10,"[8, 12, 11, 10]",3,11.818975930117976,8.25,3.5689759301179755,0.018873174055472397,True,0.05,1500,2.109961079945239,0.789003892005476
999,20,dynamic_dijkstra,4,6,"[4, 5, 6]",2,10.809822565568918,9.75,1.0598225655689184,0.0,True,0.05,1500,4.538603004614185,0.5461396995385815
1000,21,dynamic_dijkstra,10,9,"[10, 11, 12, 8, 9]",4,16.03192833490608,13.25,2.7819283349060804,0.004878750638891094,True,0.05,1500,2.5314450098973467,0.7468554990102654
1001,21,dynamic_dijkstra,9,12,"[9, 8, 12]",2,10.572179572785195,9.5,1.0721795727851955,0.0,True,0.05,1500,3.9383905553771825,0.6061609444622817
1002,21,dynamic_dijkstra,7,5,"[7, 12, 11, 10, 5]",4,20.634260835047364,17.0,3.634260835047364,0.006293296914453017,True,0.05,1500,2.481445009897347,0.7518554990102653
1003,21,dynamic_dijkstra,10,5,"[10, 5]",1,8.766745532622275,7.5,1.2667455326222754,0.0006417512791662139,True,0.05,1500,2.8300623421295965,0.7169937657870403
1004,21,dynamic_dijkstra,10,0,"[10, 5, 4, 3, 0]",4,23.079147445143768,19.75,3.329147445143768,0.0010749460744337025,True,0.05,1500,2.7800623421295967,0.7219937657870403
1005,21,dynamic_dijkstra,7,5,"[7, 12, 11, 10, 5]",4,20.789642898191325,17.0,3.7896428981913246,0.00879105966599103,True,0.05,1500,2.431445009897347,0.7568554990102653
1006,21,dynamic_dijkstra,10,7,"[10, 11, 12, 7]",3,12.020300312383519,9.5,2.520300312383519,0.00850245057290877,True,0.05,1500,2.381445009897347,0.7618554990102653
1007,21,dynamic_dijkstra,5,1,"[5, 2, 1]",2,15.50421967940754,14.25,1.2542196794075409,0.0,True,0.05,1500,4.391577524105602,0.5608422475894398
1008,21,dynamic_dijkstra,8,4,"[8, 3, 4]",2,15.79565778854384,15.0,0.7956577885438403,0.0,True,0.05,1500,4.795985496642175,0.5204014503357824
1009,21,dynamic_dijkstra,9,3,"[9, 4, 3]",2,15.148394262696353,14.0,1.1483942626963533,0.0,True,0.05,1500,4.566742663014524,0.5433257336985476
1010,21,dynamic_dijkstra,9,3,"[9, 4, 3]",2,15.17173167800052,14.0,1.1717316780005191,0.0,True,0.05,1500,4.516742663014524,0.5483257336985476
1011,21,dynamic_dijkstra,1,13,"[1, 7, 8, 9, 13]",4,30.300532116111338,26.4,3.9005321161113393,0.04735057663256814,True,0.05,1500,1.5402822367095865,0.8459717763290413
1012,21,dynamic_dijkstra,2,10,"[2, 5, 10]",2,20.017283367135114,18.0,2.0172833671351142,0.0022746689983021984,True,0.05,1500,2.680062342129597,0.7319937657870403
1013,21,dynamic_dijkstra,5,2,"[5, 2]",1,11.165072743511033,10.5,0.6650727435110326,0.0,True,0.05,1500,4.291577524105603,0.5708422475894397
1014,21,dynamic_dijkstra,7,4,"[7, 8, 3, 4]",3,18.221127151263495,16.9,1.3211271512634966,0.0,True,0.05,1500,4.645985496642176,0.5354014503357825
1015,21,dynamic_dijkstra,11,10,"[11, 10]",1,2.28052997412204,2.0,0.28052997412203995,0.0,True,0.05,1500,6.405903893215795,0.3594096106784205
1016,21,dynamic_dijkstra,2,9,"[2, 5, 4, 9]",3,26.922044587364713,25.25,1.672044587364713,0.0,True,0.05,1500,4.241577524105603,0.5758422475894397
1017,21,dynamic_dijkstra,10,2,"[10, 5, 2]",2,20.093963931016404,18.0,2.093963931016404,0.0030411971269030946,True,0.05,1500,2.630062342129597,0.7369937657870402
1018,21,dynamic_dijkstra,10,6,"[10, 11, 6]",2,14.362149346578795,13.5,0.8621493465787946,0.0,True,0.05,1500,4.6490904814167235,0.5350909518583277
1019,21,dynamic_dijkstra,5,1,"[5, 2, 1]",2,15.585533872997566,14.25,1.3355338729975657,0.0,True,0.05,1500,4.141577524105603,0.5858422475894397
1020,21,dynamic_dijkstra,4,3,"[4, 3]",1,3.5879059569820217,3.0,0.5879059569820217,0.0,True,0.05,1500,4.595985496642176,0.5404014503357824
1021,21,dynamic_dijkstra,1,9,"[1, 7, 8, 9]",3,25.566704746863095,21.9,3.666704746863097,0.050649949439880215,True,0.05,1500,1.4902822367095858,0.8509717763290414
1022,21,dynamic_dijkstra,9,10,"[9, 8, 12, 11, 10]",4,16.295808026023884,13.25,3.0458080260238845,0.00993257277313686,True,0.05,1500,2.3314450098973474,0.7668554990102653
1023,21,dynamic_dijkstra,5,0,"[5, 4, 3, 0]",3,14.39108474747324,12.25,2.14108474747324,0.0,True,0.05,1500,3.0126729606800353,0.6987327039319965
1024,21,dynamic_dijkstra,3,10,"[3, 4, 5, 10]",3,16.68943892825537,14.25,2.4394389282553703,0.003918836366615053,True,0.05,1500,2.5800623421295974,0.7419937657870402
1025,21,dynamic_dijkstra,9,1,"[9, 8, 7, 1]",3,25.706724319743856,21.9,3.806724319743857,0.05406043335830346,True,0.05,1500,1.440282236709585,0.8559717763290415
1026,21,dynamic_dijkstra,6,2,"[6, 5, 2]",2,17.602763433362746,16.5,1.102763433362746,0.0,True,0.05,1500,4.091577524105603,0.5908422475894397
1027,21,dynamic_dijkstra,3,10,"[3, 4, 5, 10]",3,16.748225246548724,14.25,2.4982252465487242,0.004907586717438184,True,0.05,1500,2.5300623421295976,0.7469937657870402
1028,21,dynamic_dijkstra,5,4,"[5, 4]",1,4.155505117440821,3.75,0.4055051174408213,0.0,True,0.05,1500,5.521779947672987,0.4478220052327013
1029,21,dynamic_dijkstra,3,2,"[3, 0, 2]",2,16.844794116197598,15.0,1.8447941161975976,3.096239698652248e-05,True,0.05,1500,2.9626729606800355,0.7037327039319965
1030,21,dynamic_dijkstra,4,5,"[4, 5]",1,4.163779437005024,3.75,0.41377943700502406,0.0,True,0.05,1500,5.471779947672987,0.45282200523270133
1031,21,dynamic_dijkstra,3,12,"[3, 8, 12]",2,17.567265736531436,16.5,1.0672657365314357,0.0,True,0.05,1500,3.838390555377183,0.6161609444622818
1032,21,dynamic_dijkstra,4,2,"[4, 5, 2]",2,15.409347057475799,14.25,1.1593470574757987,0.0,True,0.05,1500,4.041577524105604,0.5958422475894396
1033,21,dynamic_dijkstra,5,3,"[5, 4, 3]",2,7.818191562201848,6.75,1.0681915622018483,0.0,True,0.05,1500,4.395985496642177,0.5604014503357824
1034,21,dynamic_dijkstra,0,6,"[0, 3, 4, 5, 6]",4,20.945225428527053,18.25,2.6952254285270527,0.00016946692880870362,True,0.05,1500,2.9126729606800357,0.7087327039319964
1035,21,dynamic_dijkstra,12,3,"[12, 8, 3]",2,17.590349859673175,16.5,1.090349859673175,0.0,True,0.05,1500,3.788390555377183,0.6211609444622817
1036,21,dynamic_dijkstra,11,3,"[11, 10, 5, 4, 3]",4,19.1776469316173,16.25,2.9276469316173,0.006007448179372488,True,0.05,1500,2.4800623421295978,0.7519937657870402
1037,21,dynamic_dijkstra,9,0,"[9, 4, 3, 0]",3,22.056258267809927,19.5,2.556258267809927,0.00041908257174194663,True,0.05,1500,2.862672960680036,0.7137327039319964
1038,21,dynamic_dijkstra,4,6,"[4, 5, 6]",2,10.604061053620391,9.75,0.8540610536203914,0.0,True,0.05,1500,5.221779947672988,0.47782200523270124
1039,21,dynamic_dijkstra,8,0,"[8, 3, 0]",2,19.05417987183697,17.5,1.5541798718369684,0.0007798093257862515,True,0.05,1500,2.812672960680036,0.7187327039319964
1040,21,dynamic_dijkstra,13,8,"[13, 9, 8]",2,10.212584522139458,9.5,0.7125845221394584,0.0,True,0.05,1500,5.705144359511803,0.42948556404881966
1041,21,dynamic_dijkstra,7,6,"[7, 12, 11, 6]",3,21.938306026445023,19.0,2.938306026445023,0.011473806084476124,True,0.05,1500,2.2814450098973476,0.7718554990102653
1042,21,dynamic_dijkstra,10,12,"[10, 11, 12]",2,5.796384929981542,3.75,2.046384929981542,0.013126150506926448,True,0.05,1500,2.2314450098973477,0.7768554990102652
1043,21,dynamic_dijkstra,5,10,"[5, 10]",1,9.0575603816066,7.5,1.5575603816065993,0.007218420752417742,True,0.05,1500,2.430062342129598,0.7569937657870403
1044,21,dynamic_dijkstra,9,1,"[9, 8, 7, 1]",3,25.855781433303715,21.9,3.9557814333037165,0.05758202838783777,False,0.05,1500,1.3902822367095844,0.8609717763290415
1045,21,dynamic_dijkstra,8,0,"[8, 3, 0]",2,19.092429739674106,17.5,1.592429739674106,0.0012516471909417293,True,0.05,1500,2.762672960680036,0.7237327039319964
1046,21,dynamic_dijkstra,13,6,"[13, 9, 4, 5, 6]",4,27.15059768860249,25.25,1.9005976886024882,0.0,True,0.05,1500,4.3667426630145245,0.5633257336985475
1047,21,dynamic_dijkstra,5,6,"[5, 6]",1,6.4129020910059875,6.0,0.4129020910059875,0.0,True,0.05,1500,5.477038610449633,0.4522961389550367
1048,21,dynamic_dijkstra,9,7,"[9, 8, 7]",2,7.77699199633345,6.9,0.8769919963334498,0.0,True,0.05,1500,4.870504859230744,0.5129495140769256
1049,21,dynamic_dijkstra,13,10,"[13, 10]",1,15.784394380060354,1.75,14.034394380060354,0.1567616550677179,True,0.05,1500,0.3440115817181528,0.9655988418281847
1050,22,dynamic_dijkstra,3,9,"[3, 4, 9]",2,15.038735997016326,14.0,1.0387359970163264,0.0,True,0.05,1500,4.604507549534332,0.5395492450465669
1051,22,dynamic_dijkstra,10,0,"[10, 5, 4, 3, 0]",4,22.769005712845452,19.75,3.019005712845452,0.0006052801474886182,True,0.05,1500,2.8349618024910983,0.7165038197508902
1052,22,dynamic_dijkstra,10,13,"[10, 13]",1,3.467455247712253,1.75,1.717455247712253,0.012339288657254865,True,0.05,1500,2.254836937592538,0.7745163062407462
1053,22,dynamic_dijkstra,11,1,"[11, 12, 7, 1]",3,25.28885290947158,22.5,2.7888529094715793,0.0018013972602353157,True,0.05,1500,2.7152845688927485,0.7284715431107252
1054,22,dynamic_dijkstra,4,2,"[4, 5, 2]",2,15.32692341910853,14.25,1.07692341910853,0.0,True,0.05,1500,4.773735550117769,0.5226264449882231
1055,22,dynamic_dijkstra,10,5,"[10, 5]",1,8.79535676055865,7.5,1.2953567605586507,0.0010275872530639552,True,0.05,1500,2.7849618024910985,0.7215038197508902
1056,22,dynamic_dijkstra,10,8,"[10, 11, 12, 8]",3,10.164328604557733,8.25,1.914328604557733,0.0,True,0.05,1500,3.6629544804819236,0.6337045519518076
1057,22,dynamic_dijkstra,6,12,"[6, 11, 12]",2,14.687721521316874,13.25,1.437721521316874,0.0,True,0.05,1500,3.612954480481924,0.6387045519518076
1058,22,dynamic_dijkstra,12,7,"[12, 7]",1,6.363041027970868,5.75,0.6130410279708682,0.0,True,0.05,1500,4.492197389268984,0.5507802610731016
1059,22,dynamic_dijkstra,13,3,"[13, 9, 4, 3]",3,19.77119086741642,18.5,1.2711908674164185,0.0,True,0.05,1500,4.554507549534332,0.5445492450465668
1060,22,dynamic_dijkstra,2,13,"[2, 5, 10, 13]",3,23.386155626121734,19.75,3.6361556261217345,0.015589834282483728,True,0.05,1500,2.204836937592538,0.7795163062407462
1061,22,dynamic_dijkstra,0,8,"[0, 3, 8]",2,18.55380971258777,17.5,1.0538097125877712,0.0,True,0.05,1500,3.9284765772135692,0.6071523422786431
1062,22,dynamic_dijkstra,5,9,"[5, 4, 9]",2,15.91848356718302,14.75,1.1684835671830207,0.0,True,0.05,1500,4.504507549534332,0.5495492450465668
1063,22,dynamic_dijkstra,10,0,"[10, 5, 4, 3, 0]",4,22.952080285167995,19.75,3.2020802851679946,0.0022055347975479256,True,0.05,1500,2.684961802491099,0.7315038197508901
1064,22,dynamic_dijkstra,8,2,"[8, 7, 1, 2]",3,23.117058677352617,20.65,2.467058677352618,0.0024896537738069435,True,0.05,1500,2.6652845688927487,0.7334715431107252
1065,22,dynamic_dijkstra,2,3,"[2, 0, 3]",2,16.703750248695535,15.0,1.7037502486955347,0.0,True,0.05,1500,3.5771833811851597,0.6422816618814841
1066,22,dynamic_dijkstra,12,3,"[12, 8, 3]",2,17.51808119989292,16.5,1.0180811998929187,0.0,True,0.05,1500,4.06213094522562,0.593786905477438
1067,22,dynamic_dijkstra,10,11,"[10, 11]",1,2.340399543249156,2.0,0.340399543249156,0.0,True,0.05,1500,5.949551067899182,0.4050448932100818
1068,22,dynamic_dijkstra,3,9,"[3, 4, 9]",2,15.113057508041873,14.0,1.113057508041873,0.0,True,0.05,1500,4.454507549534332,0.5545492450465668
1069,22,dynamic_dijkstra,5,10,"[5, 10]",1,8.897560714266517,7.5,1.3975607142665165,0.002961175236456559,True,0.05,1500,2.634961802491099,0.7365038197508901
1070,22,dynamic_dijkstra,3,12,"[3, 8, 12]",2,17.539666701739687,16.5,1.0396667017396872,0.0,True,0.05,1500,4.01213094522562,0.598786905477438
1071,22,dynamic_dijkstra,7,12,"[7, 12]",1,6.375569073557717,5.75,0.6255690735577168,0.0,True,0.05,1500,4.442197389268984,0.5557802610731015
1072,22,dynamic_dijkstra,0,6,"[0, 3, 4, 5, 6]",4,20.412102920160766,18.25,2.162102920160766,0.0,True,0.05,1500,3.7784765772135698,0.622152342278643
1073,22,dynamic_dijkstra,9,5,"[9, 4, 5]",2,15.978399003612765,14.75,1.2283990036127648,0.0,True,0.05,1500,4.404507549534332,0.5595492450465668
1074,22,dynamic_dijkstra,10,13,"[10, 13]",1,3.5703611896435103,1.75,1.8203611896435103,0.01587334671239915,True,0.05,1500,2.1548369375925382,0.7845163062407462
1075,22,dynamic_dijkstra,8,10,"[8, 12, 11, 10]",3,10.262799046305945,8.25,2.012799046305945,0.0,True,0.05,1500,3.562954480481924,0.6437045519518076
1076,22,dynamic_dijkstra,9,11,"[9, 13, 10, 11]",3,10.687233398739652,8.25,2.437233398739652,0.017807042406637885,True,0.05,1500,2.1048369375925384,0.7895163062407462
1077,22,dynamic_dijkstra,9,2,"[9, 4, 5, 2]",3,27.05468646369779,25.25,1.8046864636977915,0.0,True,0.05,1500,4.354507549534333,0.5645492450465668
1078,22,dynamic_dijkstra,13,7,"[13, 9, 8, 7]",3,12.500366929403137,11.4,1.1003669294031369,0.0,True,0.05,1500,4.824911895028774,0.5175088104971226
1079,22,dynamic_dijkstra,13,12,"[13, 10, 11, 12]",3,8.71872218380852,5.5,3.21872218380852,0.019851849211987793,True,0.05,1500,2.0548369375925386,0.7945163062407461
1080,22,dynamic_dijkstra,2,13,"[2, 5, 10, 13]",3,23.74056970376601,19.75,3.9905697037660097,0.02575144979362376,True,0.05,1500,2.004836937592539,0.7995163062407461
1081,22,dynamic_dijkstra,6,10,"[6, 11, 10]",2,14.434669181007719,13.5,0.9346691810077186,0.0,True,0.05,1500,4.694676692627275,0.5305323307372725
1082,22,dynamic_dijkstra,1,9,"[1, 7, 8, 9]",3,24.218358684512843,21.9,2.3183586845128445,0.0032890213984897443,True,0.05,1500,2.615284568892749,0.7384715431107252
1083,22,dynamic_dijkstra,5,4,"[5, 4]",1,4.367634232955137,3.75,0.6176342329551368,0.0,True,0.05,1500,4.4737355501177705,0.552626444988223
1084,22,dynamic_dijkstra,5,2,"[5, 2]",1,11.073743501517502,10.5,0.5737435015175016,0.0,True,0.05,1500,4.656605598016277,0.5343394401983723
1085,22,dynamic_dijkstra,13,2,"[13, 10, 5, 2]",3,23.86557229329253,19.75,4.11557229329253,0.028963926044418664,True,0.05,1500,1.954836937592539,0.8045163062407461
1086,22,dynamic_dijkstra,5,7,"[5, 10, 11, 12, 7]",4,20.47160159609085,17.0,3.4716015960908493,0.005894763219849275,True,0.05,1500,2.4849618024910995,0.7515038197508901
1087,22,dynamic_dijkstra,6,10,"[6, 11, 10]",2,14.461527266583678,13.5,0.961527266583678,0.0,True,0.05,1500,4.644676692627275,0.5355323307372725
1088,22,dynamic_dijkstra,6,8,"[6, 11, 12, 8]",3,20.081298032250295,17.75,2.331298032250295,0.0,True,0.05,1500,3.4129544804819245,0.6587045519518075
1089,22,dynamic_dijkstra,8,1,"[8, 7, 1]",2,18.90732228992245,16.9,2.0073222899224525,0.004199500134283607,True,0.05,1500,2.565284568892749,0.743471543110725
1090,22,dynamic_dijkstra,2,5,"[2, 5]",1,11.097308049258586,10.5,0.5973080492585865,0.0,True,0.05,1500,4.556605598016278,0.5443394401983722
1091,22,dynamic_dijkstra,5,3,"[5, 4, 3]",2,7.89088786541619,6.75,1.1408878654161896,0.0,True,0.05,1500,4.423735550117771,0.5576264449882229
1092,22,dynamic_dijkstra,0,3,"[0, 3]",1,6.341030283134215,5.5,0.8410302831342147,0.0,True,0.05,1500,3.72847657721357,0.627152342278643
1093,22,dynamic_dijkstra,9,1,"[9, 8, 7, 1]",3,24.3242160038716,21.9,2.424216003871603,0.005221089981188642,True,0.05,1500,2.515284568892749,0.7484715431107251
1094,22,dynamic_dijkstra,1,12,"[1, 7, 12]",2,22.929654147516686,20.75,2.179654147516686,0.00635379093920474,True,0.05,1500,2.4652845688927494,0.7534715431107251
1095,22,dynamic_dijkstra,1,6,"[1, 2, 5, 6]",3,21.69908759386418,20.25,1.4490875938641814,0.0,True,0.05,1500,4.506605598016278,0.5493394401983722
1096,22,dynamic_dijkstra,13,2,"[13, 10, 5, 2]",3,24.050247009546766,19.75,4.300247009546766,0.03355868586339139,True,0.05,1500,1.9048369375925382,0.8095163062407462
1097,22,dynamic_dijkstra,3,6,"[3, 4, 5, 6]",3,14.18269334890806,12.75,1.4326933489080602,0.0,True,0.05,1500,4.373735550117771,0.5626264449882229
1098,22,dynamic_dijkstra,11,2,"[11, 10, 5, 2]",3,22.624058563424207,20.0,2.6240585634242066,0.008406044097666654,True,0.05,1500,2.3849618024911,0.76150381975089
1099,22,dynamic_dijkstra,11,7,"[11, 12, 7]",2,9.151692378630546,7.5,1.6516923786305462,0.0,True,0.05,1500,3.3629544804819247,0.6637045519518076
1100,23,dynamic_dijkstra,8,3,"[8, 3]",1,12.368149282883138,12.0,0.3681492828831381,0.0,True,0.05,1500,5.759378137588181,0.4240621862411819
1101,23,dynamic_dijkstra,1,3,"[1, 0, 3]",2,12.911604841325994,12.0,0.9116048413259943,0.0,True,0.05,1500,5.225084194349455,0.47749158056505453
1102,23,dynamic_dijkstra,1,3,"[1, 0, 3]",2,12.930052354018429,12.0,0.9300523540184287,0.0,True,0.05,1500,5.175084194349455,0.48249158056505453
1103,23,dynamic_dijkstra,7,12,"[7, 12]",1,6.338511954496684,5.75,0.5885119544966839,0.0,True,0.05,1500,4.593426814785829,0.5406573185214171
1104,23,dynamic_dijkstra,3,12,"[3, 8, 12]",2,17.391611464268983,16.5,0.8916114642689834,0.0,True,0.05,1500,4.92194123272998,0.5078058767270021
1105,23,dynamic_dijkstra,8,11,"[8, 12, 11]",2,7.484194037383002,6.25,1.234194037383002,0.0,True,0.05,1500,4.139384397752921,0.5860615602247079
1106,23,dynamic_dijkstra,0,3,"[0, 3]",1,5.97326565492229,5.5,0.4732656549222902,0.0,True,0.05,1500,5.137343514293866,0.48626564857061344
1107,23,dynamic_dijkstra,2,11,"[2, 5, 10, 11]",3,21.548571243600975,20.0,1.5485712436009749,0.0,True,0.05,1500,4.802404454504737,0.5197595545495263
1108,23,dynamic_dijkstra,10,5,"[10, 5]",1,8.052099005433044,7.5,0.5520990054330444,0.0,True,0.05,1500,4.752404454504737,0.5247595545495263
1109,23,dynamic_dijkstra,2,5,"[2, 5]",1,10.99673557219118,10.5,0.4967355721911808,0.0,True,0.05,1500,5.016375595995052,0.4983624404004948
1110,23,dynamic_dijkstra,11,7,"[11, 12, 7]",2,8.823168847496792,7.5,1.3231688474967918,0.0,True,0.05,1500,4.089384397752921,0.5910615602247079
1111,23,dynamic_dijkstra,1,11,"[1, 2, 5, 10, 11]",4,25.8511425661373,23.75,2.1011425661373018,0.0,True,0.05,1500,4.702404454504737,0.5297595545495263
1112,23,dynamic_dijkstra,6,0,"[6, 5, 4, 3, 0]",4,19.819962806312024,18.25,1.5699628063120237,0.0,True,0.05,1500,5.087343514293866,0.4912656485706134
1113,23,dynamic_dijkstra,7,11,"[7, 12, 11]",2,8.850548870272993,7.5,1.350548870272993,0.0,True,0.05,1500,4.039384397752921,0.5960615602247079
1114,23,dynamic_dijkstra,1,8,"[1, 7, 8]",2,23.099248914283965,16.9,6.199248914283967,0.10580723054896835,True,0.05,1500,0.8179538559637258,0.9182046144036274
1115,23,dynamic_dijkstra,8,9,"[8, 9]",1,5.431225921855291,5.0,0.4312259218552912,0.0,True,0.05,1500,5.369266343057167,0.46307336569428326
1116,23,dynamic_dijkstra,10,1,"[10, 5, 2, 1]",3,23.351861090025565,21.75,1.6018610900255652,0.0,True,0.05,1500,4.652404454504738,0.5347595545495263
1117,23,dynamic_dijkstra,12,1,"[12, 7, 1]",2,27.386065504512786,20.75,6.636065504512786,0.1107117775357156,True,0.05,1500,0.7679538559637251,0.9232046144036274
1118,23,dynamic_dijkstra,6,12,"[6, 11, 12]",2,14.634125294761859,13.25,1.3841252947618585,0.0,True,0.05,1500,3.9893843977529215,0.6010615602247078
1119,23,dynamic_dijkstra,11,2,"[11, 10, 5, 2]",3,21.655638204826047,20.0,1.6556382048260474,0.0,True,0.05,1500,4.602404454504738,0.5397595545495262
1120,23,dynamic_dijkstra,10,12,"[10, 11, 12]",2,5.071992218713687,3.75,1.321992218713687,0.0,True,0.05,1500,3.9393843977529217,0.6060615602247078
1121,23,dynamic_dijkstra,10,2,"[10, 5, 2]",2,19.136445707166928,18.0,1.1364457071669278,0.0,True,0.05,1500,4.552404454504738,0.5447595545495262
1122,23,dynamic_dijkstra,4,8,"[4, 3, 8]",2,15.805633601823192,15.0,0.8056336018231924,0.0,True,0.05,1500,5.422144844495453,0.45778551555045466
1123,23,dynamic_dijkstra,13,1,"[13, 10, 5, 2, 1]",4,26.427887390249587,23.5,2.9278873902495874,0.0004320627751740469,True,0.05,1500,2.8605624696043774,0.7139437530395623
1124,23,dynamic_dijkstra,4,7,"[4, 3, 8, 7]",3,18.320459051591243,16.9,1.4204590515912443,0.0,True,0.05,1500,4.552209631093512,0.5447790368906488
1125,23,dynamic_dijkstra,6,7,"[6, 11, 12, 7]",3,21.067346688998185,19.0,2.0673466889981853,0.0,True,0.05,1500,3.889384397752922,0.6110615602247078
1126,23,dynamic_dijkstra,11,5,"[11, 10, 5]",2,10.686948020509044,9.5,1.1869480205090444,0.0,True,0.05,1500,4.452404454504738,0.5547595545495262
1127,23,dynamic_dijkstra,10,13,"[10, 13]",1,3.0290033326332058,1.75,1.2790033326332058,0.0007974795093864673,True,0.05,1500,2.8105624696043776,0.7189437530395623
1128,23,dynamic_dijkstra,10,3,"[10, 5, 4, 3]",3,15.679522941135307,14.25,1.429522941135307,0.0,True,0.05,1500,4.4024044545047385,0.5597595545495262
1129,23,dynamic_dijkstra,9,4,"[9, 4]",1,11.455135188078595,11.0,0.45513518807859477,0.0,True,0.05,1500,5.234861056745581,0.4765138943254419
1130,23,dynamic_dijkstra,3,7,"[3, 8, 7]",2,14.90994695846242,13.9,1.0099469584624199,0.0,True,0.05,1500,4.502209631093512,0.5497790368906488
1131,23,dynamic_dijkstra,2,4,"[2, 5, 4]",2,15.171806511897811,14.25,0.9218065118978114,0.0,True,0.05,1500,4.716375595995053,0.5283624404004947
1132,23,dynamic_dijkstra,13,5,"[13, 10, 5]",2,11.210015382929598,9.25,1.9600153829295976,0.0012740073547100605,True,0.05,1500,2.760562469604378,0.7239437530395623
1133,23,dynamic_dijkstra,9,11,"[9, 13, 10, 11]",3,10.561318518516476,8.25,2.311318518516476,0.0018616463111448267,True,0.05,1500,2.710562469604378,0.7289437530395622
1134,23,dynamic_dijkstra,13,2,"[13, 10, 5, 2]",3,22.36293812090279,19.75,2.6129381209027898,0.0025603963786906547,True,0.05,1500,2.660562469604378,0.7339437530395622
1135,23,dynamic_dijkstra,4,13,"[4, 5, 10, 13]",3,15.460261137357689,13.0,2.460261137357689,0.0033702575573475446,True,0.05,1500,2.6105624696043783,0.7389437530395622
1136,23,dynamic_dijkstra,6,8,"[6, 11, 12, 8]",3,19.74618387953116,17.75,1.9961838795311593,0.0,True,0.05,1500,3.839384397752922,0.6160615602247078
1137,23,dynamic_dijkstra,3,12,"[3, 8, 12]",2,17.455335055024783,16.5,0.9553350550247828,0.0,True,0.05,1500,4.77194123272998,0.522805876727002
1138,23,dynamic_dijkstra,7,5,"[7, 12, 11, 10, 5]",4,19.747527088028693,17.0,2.7475270880286935,0.0,True,0.05,1500,3.7893843977529222,0.6210615602247078
1139,23,dynamic_dijkstra,1,11,"[1, 2, 5, 10, 11]",4,26.167228716174996,23.75,2.4172287161749964,0.0,True,0.05,1500,4.152404454504739,0.5847595545495261
1140,23,dynamic_dijkstra,6,11,"[6, 11]",1,12.170507351130064,11.5,0.6705073511300643,0.0,True,0.05,1500,4.271651942358806,0.5728348057641194
1141,23,dynamic_dijkstra,4,8,"[4, 3, 8]",2,15.86423584705449,15.0,0.8642358470544895,0.0,True,0.05,1500,5.272144844495454,0.4727855155504546
1142,23,dynamic_dijkstra,6,12,"[6, 11, 12]",2,14.771488979634565,13.25,1.5214889796345652,0.0,True,0.05,1500,3.7393843977529224,0.6260615602247077
1143,23,dynamic_dijkstra,3,13,"[3, 4, 5, 10, 13]",4,19.005734719645258,16.0,3.0057347196452575,0.004291229847115607,True,0.05,1500,2.5605624696043785,0.7439437530395622
1144,23,dynamic_dijkstra,4,2,"[4, 5, 2]",2,15.229496069145851,14.25,0.979496069145851,0.0,True,0.05,1500,4.566375595995053,0.5433624404004946
1145,23,dynamic_dijkstra,7,4,"[7, 8, 3, 4]",3,18.414075463579117,16.9,1.5140754635791183,0.0,True,0.05,1500,4.452209631093512,0.5547790368906488
1146,23,dynamic_dijkstra,12,11,"[12, 11]",1,2.605239644599063,1.75,0.8552396445990631,0.0,True,0.05,1500,3.6893843977529226,0.6310615602247077
1147,23,dynamic_dijkstra,6,0,"[6, 5, 4, 3, 0]",4,19.944395767012686,18.25,1.6943957670126863,0.0,True,0.05,1500,5.037343514293866,0.4962656485706134
1148,23,dynamic_dijkstra,9,11,"[9, 13, 10, 11]",3,10.752135037063276,8.25,2.502135037063276,0.005323313247994843,True,0.05,1500,2.5105624696043787,0.7489437530395622
1149,23,dynamic_dijkstra,8,7,"[8, 7]",1,2.5357932536161383,1.9,0.6357932536161384,0.0,True,0.05,1500,4.402209631093513,0.5597790368906488
1150,24,dynamic_dijkstra,0,6,"[0, 3, 4, 5, 6]",4,20.052154924409983,18.25,1.802154924409983,0.0,True,0.05,1500,4.424453561746949,0.5575546438253051
1151,24,dynamic_dijkstra,4,11,"[4, 5, 10, 11]",3,14.507409548865445,13.25,1.2574095488654446,0.0,True,0.05,1500,4.823153805687479,0.5176846194312521
1152,24,dynamic_dijkstra,9,0,"[9, 4, 3, 0]",3,21.064749484264667,19.5,1.5647494842646665,0.0,True,0.05,1500,4.374453561746949,0.5625546438253051
1153,24,dynamic_dijkstra,5,13,"[5, 10, 13]",2,10.527287335078553,9.25,1.2772873350785527,0.0,True,0.05,1500,4.065827690319177,0.5934172309680823
1154,24,dynamic_dijkstra,0,11,"[0, 3, 4, 5, 10, 11]",5,24.24349566020029,21.75,2.4934956602002885,0.0,True,0.05,1500,4.3244535617469495,0.5675546438253051
1155,24,dynamic_dijkstra,7,9,"[7, 8, 9]",2,7.930209737534209,6.9,1.030209737534209,0.0,True,0.05,1500,4.664712698785486,0.5335287301214514
1156,24,dynamic_dijkstra,12,6,"[12, 11, 6]",2,14.65206472725202,13.25,1.4020647272520197,0.0,True,0.05,1500,4.036805964685204,0.5963194035314796
1157,24,dynamic_dijkstra,9,10,"[9, 13, 10]",2,7.43963095107666,6.25,1.1896309510766603,0.0,True,0.05,1500,4.015827690319177,0.5984172309680823
1158,24,dynamic_dijkstra,3,13,"[3, 4, 5, 10, 13]",4,18.261714741733666,16.0,2.261714741733666,0.0,True,0.05,1500,3.965827690319177,0.6034172309680823
1159,24,dynamic_dijkstra,6,5,"[6, 5]",1,6.414660793975058,6.0,0.41466079397505773,0.0,True,0.05,1500,5.466507401361674,0.4533492598638326
1160,24,dynamic_dijkstra,10,3,"[10, 5, 4, 3]",3,15.782199960232612,14.25,1.532199960232612,0.0,True,0.05,1500,4.22445356174695,0.577554643825305
1161,24,dynamic_dijkstra,5,2,"[5, 2]",1,11.00585480409312,10.5,0.5058548040931203,0.0,True,0.05,1500,4.970896375553927,0.5029103624446073
1162,24,dynamic_dijkstra,13,4,"[13, 10, 5, 4]",3,14.643238717092675,13.0,1.6432387170926752,0.0,True,0.05,1500,3.915827690319177,0.6084172309680823
1163,24,dynamic_dijkstra,9,1,"[9, 8, 7, 1]",3,24.54531317784782,21.9,2.6453131778478216,0.008336061762620361,True,0.05,1500,2.3875273236152363,0.7612472676384764
1164,24,dynamic_dijkstra,4,10,"[4, 5, 10]",2,12.134477806092377,11.25,0.8844778060923773,0.0,True,0.05,1500,4.52315380568748,0.547684619431252
1165,24,dynamic_dijkstra,1,6,"[1, 2, 5, 6]",3,21.69889611871342,20.25,1.4488961187134208,0.0,True,0.05,1500,4.9208963755539274,0.5079103624446073
1166,24,dynamic_dijkstra,6,1,"[6, 5, 2, 1]",3,21.72822606255183,20.25,1.4782260625518298,0.0,True,0.05,1500,4.870896375553928,0.5129103624446072
1167,24,dynamic_dijkstra,4,8,"[4, 3, 8]",2,15.90022593642328,15.0,0.9002259364232792,0.0,True,0.05,1500,4.17445356174695,0.582554643825305
1168,24,dynamic_dijkstra,0,12,"[0, 3, 8, 12]",3,23.26047504692663,22.0,1.2604750469266293,0.0,True,0.05,1500,4.74506809485776,0.525493190514224
1169,24,dynamic_dijkstra,0,10,"[0, 3, 4, 5, 10]",4,21.930179998557975,19.75,2.180179998557975,0.0,True,0.05,1500,4.12445356174695,0.587554643825305
1170,24,dynamic_dijkstra,8,12,"[8, 12]",1,5.009402656958903,4.5,0.509402656958903,0.0,True,0.05,1500,4.953424647269946,0.5046575352730054
1171,24,dynamic_dijkstra,1,3,"[1, 0, 3]",2,13.132599887445929,12.0,1.132599887445929,0.0,True,0.05,1500,4.64506809485776,0.535493190514224
1172,24,dynamic_dijkstra,2,12,"[2, 5, 10, 11, 12]",4,24.161827185685794,21.75,2.4118271856857945,0.0,True,0.05,1500,3.986805964685204,0.6013194035314796
1173,24,dynamic_dijkstra,13,11,"[13, 10, 11]",2,5.043409321468933,3.75,1.2934093214689328,0.0,True,0.05,1500,3.8658276903191773,0.6134172309680823
1174,24,dynamic_dijkstra,2,10,"[2, 5, 10]",2,19.191360703475667,18.0,1.1913607034756666,0.0,True,0.05,1500,4.373153805687481,0.5626846194312519
1175,24,dynamic_dijkstra,1,2,"[1, 2]",1,4.280527839818608,3.75,0.5305278398186077,0.0,True,0.05,1500,4.8518825079777494,0.514811749202225
1176,24,dynamic_dijkstra,1,2,"[1, 2]",1,4.291258296447925,3.75,0.5412582964479249,0.0,True,0.05,1500,4.80188250797775,0.5198117492022251
1177,24,dynamic_dijkstra,0,13,"[0, 3, 4, 5, 10, 13]",5,24.573561402751896,21.5,3.0735614027518956,0.0,True,0.05,1500,3.8158276903191775,0.6184172309680822
1178,24,dynamic_dijkstra,13,1,"[13, 10, 5, 2, 1]",4,26.109160785935305,23.5,2.6091607859353054,0.0,True,0.05,1500,3.7658276903191776,0.6234172309680822
1179,24,dynamic_dijkstra,1,7,"[1, 7]",1,16.63901242971011,15.0,1.6390124297101103,0.009752667710142049,True,0.05,1500,2.3375273236152365,0.7662472676384764
1180,24,dynamic_dijkstra,8,9,"[8, 9]",1,5.595359189052649,5.0,0.5953591890526493,0.0,True,0.05,1500,4.5647126987854865,0.5435287301214513
1181,24,dynamic_dijkstra,10,0,"[10, 5, 4, 3, 0]",4,22.07414544768102,19.75,2.324145447681019,0.0,True,0.05,1500,4.024453561746951,0.597554643825305
1182,24,dynamic_dijkstra,12,5,"[12, 11, 10, 5]",3,13.22832650508899,11.25,1.9783265050889902,0.0,True,0.05,1500,3.9368059646852043,0.6063194035314796
1183,24,dynamic_dijkstra,8,6,"[8, 12, 11, 6]",3,19.733256284107206,17.75,1.9832562841072061,0.0,True,0.05,1500,3.8868059646852045,0.6113194035314795
1184,24,dynamic_dijkstra,9,12,"[9, 8, 12]",2,10.637690581881134,9.5,1.1376905818811345,0.0,True,0.05,1500,4.514712698785487,0.5485287301214513
1185,24,dynamic_dijkstra,9,5,"[9, 4, 5]",2,15.451872672912785,14.75,0.7018726729127849,0.0,True,0.05,1500,5.569414958320531,0.44305850416794695
1186,24,dynamic_dijkstra,6,2,"[6, 5, 2]",2,17.51092538814686,16.5,1.010925388146859,0.0,True,0.05,1500,4.670896375553928,0.5329103624446072
1187,24,dynamic_dijkstra,2,5,"[2, 5]",1,11.082041143889668,10.5,0.5820411438896684,0.0,True,0.05,1500,4.6208963755539285,0.5379103624446071
1188,24,dynamic_dijkstra,3,10,"[3, 4, 5, 10]",3,16.031329220507143,14.25,1.7813292205071427,0.0,True,0.05,1500,3.9744535617469507,0.6025546438253049
1189,24,dynamic_dijkstra,10,1,"[10, 5, 2, 1]",3,23.634831216342928,21.75,1.8848312163429277,0.0,True,0.05,1500,4.073153805687482,0.5926846194312518
1190,24,dynamic_dijkstra,10,11,"[10, 11]",1,2.5204344430149734,2.0,0.5204344430149734,0.0,True,0.05,1500,4.899873807892068,0.5100126192107932
1191,24,dynamic_dijkstra,4,13,"[4, 5, 10, 13]",3,14.905656918145542,13.0,1.9056569181455423,0.0,True,0.05,1500,3.715827690319178,0.6284172309680822
1192,24,dynamic_dijkstra,8,11,"[8, 12, 11]",2,7.594091282367204,6.25,1.344091282367204,0.0,True,0.05,1500,3.8368059646852046,0.6163194035314795
1193,24,dynamic_dijkstra,1,12,"[1, 7, 12]",2,22.958175210720142,20.75,2.2081752107201424,0.011280384768774798,True,0.05,1500,2.2875273236152367,0.7712472676384763
1194,24,dynamic_dijkstra,2,4,"[2, 5, 4]",2,15.179965077958105,14.25,0.929965077958105,0.0,True,0.05,1500,4.520896375553929,0.5479103624446071
1195,24,dynamic_dijkstra,2,6,"[2, 5, 6]",2,17.56773976810307,16.5,1.0677397681030705,0.0,True,0.05,1500,4.470896375553929,0.5529103624446071
1196,24,dynamic_dijkstra,12,8,"[12, 8]",1,5.051873201118623,4.5,0.5518732011186227,0.0,True,0.05,1500,4.753424647269947,0.5246575352730053
1197,24,dynamic_dijkstra,3,13,"[3, 4, 5, 10, 13]",4,18.727293016638285,16.0,2.727293016638285,0.0,True,0.05,1500,3.665827690319178,0.6334172309680822
1198,24,dynamic_dijkstra,4,3,"[4, 3]",1,3.790504562853904,3.0,0.7905045628539038,0.0,True,0.05,1500,3.874453561746951,0.6125546438253049
1199,24,dynamic_dijkstra,7,3,"[7, 8, 3]",2,14.589533447212839,13.9,0.6895334472128383,0.0,True,0.05,1500,5.117396586456057,0.4882603413543943
1200,25,dynamic_dijkstra,8,5,"[8, 12, 11, 10, 5]",4,18.510951719535726,15.75,2.7609517195357256,0.0,True,0.05,1500,3.1093609362606784,0.6890639063739321
1201,25,dynamic_dijkstra,12,8,"[12, 8]",1,4.772662799190476,4.5,0.272662799190476,0.0,True,0.05,1500,6.471128162554912,0.35288718374450884
1202,25,dynamic_dijkstra,4,9,"[4, 9]",1,11.434037517055698,11.0,0.4340375170556978,0.0,True,0.05,1500,5.353104033509441,0.46468959664905596
1203,25,dynamic_dijkstra,8,7,"[8, 7]",1,2.391403985565685,1.9,0.4914039855656851,0.0,True,0.05,1500,5.043352732889257,0.49566472671107425
1204,25,dynamic_dijkstra,7,1,"[7, 1]",1,16.20360075189898,15.0,1.2036007518989784,9.400458654784671e-05,True,0.05,1500,2.934959963140761,0.7065040036859239
1205,25,dynamic_dijkstra,0,5,"[0, 3, 4, 5]",3,14.16056385885612,12.25,1.9105638588561202,0.00045722089960464896,True,0.05,1500,2.856560324588308,0.7143439675411691
1206,25,dynamic_dijkstra,5,1,"[5, 2, 1]",2,15.225680091576013,14.25,0.9756800915760131,0.0,True,0.05,1500,4.774160579674974,0.5225839420325026
1207,25,dynamic_dijkstra,4,2,"[4, 5, 2]",2,14.999566127842797,14.25,0.7495661278427974,0.0,True,0.05,1500,5.335751418541754,0.4664248581458246
1208,25,dynamic_dijkstra,10,13,"[10, 13]",1,4.625043562360354,1.75,2.8750435623603536,0.05124347922209094,True,0.05,1500,1.481462359704544,0.8518537640295456
1209,25,dynamic_dijkstra,3,11,"[3, 8, 12, 11]",3,19.624713591110222,18.25,1.374713591110222,0.0,True,0.05,1500,4.125853181458211,0.5874146818541789
1210,25,dynamic_dijkstra,7,6,"[7, 12, 11, 6]",3,20.73302617360881,19.0,1.7330261736088097,0.0,True,0.05,1500,4.0758531814582115,0.5924146818541789
1211,25,dynamic_dijkstra,13,9,"[13, 9]",1,4.946430525545507,4.5,0.446430525545507,0.0,True,0.05,1500,5.2830079599536175,0.4716992040046383
1212,25,dynamic_dijkstra,6,7,"[6, 11, 12, 7]",3,20.768635502968234,19.0,1.768635502968234,0.0,True,0.05,1500,4.025853181458212,0.5974146818541788
1213,25,dynamic_dijkstra,8,10,"[8, 12, 11, 10]",3,10.426710323647658,8.25,2.176710323647658,0.0,True,0.05,1500,3.0593609362606786,0.6940639063739321
1214,25,dynamic_dijkstra,12,6,"[12, 11, 6]",2,14.595266931321515,13.25,1.3452669313215146,0.0,True,0.05,1500,3.925853181458212,0.6074146818541788
1215,25,dynamic_dijkstra,6,8,"[6, 11, 12, 8]",3,19.414303939844107,17.75,1.6643039398441068,0.0,True,0.05,1500,3.8758531814582122,0.6124146818541788
1216,25,dynamic_dijkstra,10,12,"[10, 11, 12]",2,5.71838035697216,3.75,1.96838035697216,0.0,True,0.05,1500,3.009360936260679,0.6990639063739321
1217,25,dynamic_dijkstra,0,5,"[0, 3, 4, 5]",3,14.21231142566397,12.25,1.9623114256639695,0.0008315312894084936,True,0.05,1500,2.8065603245883084,0.7193439675411691
1218,25,dynamic_dijkstra,8,6,"[8, 12, 11, 6]",3,19.466639280928806,17.75,1.7166392809288062,0.0,True,0.05,1500,3.7758531814582126,0.6224146818541787
1219,25,dynamic_dijkstra,4,11,"[4, 5, 10, 11]",3,15.468574136798658,13.25,2.218574136798658,3.670074448014482e-05,True,0.05,1500,2.959360936260679,0.7040639063739321
1220,25,dynamic_dijkstra,7,6,"[7, 12, 11, 6]",3,20.92502779875378,19.0,1.9250277987537814,0.0,True,0.05,1500,3.7258531814582128,0.6274146818541787
1221,25,dynamic_dijkstra,7,12,"[7, 12]",1,6.235412464047317,5.75,0.4854124640473172,0.0,True,0.05,1500,5.074017411413531,0.4925982588586469
1222,25,dynamic_dijkstra,2,7,"[2, 1, 7]",2,20.541515391071478,18.75,1.7915153910714778,0.000294093557346109,True,0.05,1500,2.884959963140761,0.7115040036859239
1223,25,dynamic_dijkstra,13,2,"[13, 10, 5, 2]",3,23.906630049469342,19.75,4.156630049469342,0.05467356286719205,True,0.05,1500,1.4314623597045433,0.8568537640295457
1224,25,dynamic_dijkstra,7,0,"[7, 8, 3, 0]",3,20.66249533528816,19.4,1.2624953352881612,0.0,True,0.05,1500,4.9933527328892575,0.5006647267110742
1225,25,dynamic_dijkstra,5,13,"[5, 10, 13]",2,13.102124459973835,9.25,3.852124459973835,0.05821475762340422,True,0.05,1500,1.3814623597045426,0.8618537640295457
1226,25,dynamic_dijkstra,7,10,"[7, 12, 11, 10]",3,12.07403838760287,9.5,2.5740383876028705,0.00018256533056759672,True,0.05,1500,2.909360936260679,0.7090639063739321
1227,25,dynamic_dijkstra,0,3,"[0, 3]",1,5.876733058241014,5.5,0.37673305824101444,0.0,True,0.05,1500,5.702990155329006,0.42970098446709937
1228,25,dynamic_dijkstra,2,12,"[2, 5, 10, 11, 12]",4,25.080759382883404,21.75,3.3307593828834037,0.0004395410277661105,True,0.05,1500,2.8593609362606793,0.714063906373932
1229,25,dynamic_dijkstra,13,12,"[13, 10, 11, 12]",3,10.933301399816711,5.5,5.4333013998167115,0.06262472576419176,False,0.05,1500,1.3314623597045419,0.8668537640295458
1230,25,dynamic_dijkstra,8,5,"[8, 12, 11, 10, 5]",4,19.04775724957741,15.75,3.2977572495774083,0.0012868257554963236,True,0.05,1500,2.7593609362606797,0.724063906373932
1231,25,dynamic_dijkstra,4,5,"[4, 5]",1,4.082790020892508,3.75,0.3327900208925083,0.0,True,0.05,1500,6.00391440166569,0.399608559833431
1232,25,dynamic_dijkstra,5,4,"[5, 4]",1,4.089783655371528,3.75,0.3397836553715283,0.0,True,0.05,1500,5.95391440166569,0.40460855983343097
1233,25,dynamic_dijkstra,2,9,"[2, 5, 4, 9]",3,26.50392020521071,25.25,1.2539202052107115,0.0,True,0.05,1500,5.185751418541755,0.48142485814582453
1234,25,dynamic_dijkstra,3,12,"[3, 8, 12]",2,17.21030465343977,16.5,0.7103046534397706,0.0,True,0.05,1500,5.5550615954308515,0.44449384045691487
1235,25,dynamic_dijkstra,6,2,"[6, 5, 2]",2,17.592519932486685,16.5,1.0925199324866846,0.0,True,0.05,1500,4.468464675180519,0.5531535324819481
1236,25,dynamic_dijkstra,11,6,"[11, 6]",1,12.11965388759195,11.5,0.6196538875919497,0.0,True,0.05,1500,4.465665734215012,0.5534334265784988
1237,25,dynamic_dijkstra,11,12,"[11, 12]",1,2.688495741613104,1.75,0.9384957416131039,0.0,True,0.05,1500,3.4758531814582136,0.6524146818541786
1238,25,dynamic_dijkstra,4,9,"[4, 9]",1,11.451818195129032,11.0,0.4518181951290323,0.0,True,0.05,1500,5.253104033509441,0.4746895966490559
1239,25,dynamic_dijkstra,9,3,"[9, 4, 3]",2,15.774819569324576,14.0,1.7748195693245759,0.0013169527903232892,True,0.05,1500,2.7565603245883086,0.7243439675411691
1240,25,dynamic_dijkstra,8,13,"[8, 9, 13]",2,10.305155719842233,9.5,0.805155719842233,0.0,True,0.05,1500,5.233007959953618,0.4766992040046382
1241,25,dynamic_dijkstra,12,0,"[12, 8, 3, 0]",3,23.10958559187797,22.0,1.1095855918779698,0.0,True,0.05,1500,5.505061595430852,0.4494938404569148
1242,25,dynamic_dijkstra,7,1,"[7, 1]",1,16.26369333782783,15.0,1.2636933378278314,0.0006052936392555441,True,0.05,1500,2.8349599631407614,0.7165040036859238
1243,25,dynamic_dijkstra,8,10,"[8, 12, 11, 10]",3,10.878514250161889,8.25,2.6285142501618886,0.001877134786028245,True,0.05,1500,2.70936093626068,0.729063906373932
1244,25,dynamic_dijkstra,13,5,"[13, 10, 5]",2,13.43190637909317,9.25,4.181906379093171,0.06563048046916187,True,0.05,1500,1.2814623597045411,0.8718537640295458
1245,25,dynamic_dijkstra,2,5,"[2, 5]",1,10.983138889126764,10.5,0.4831388891267636,0.0,True,0.05,1500,5.085751418541755,0.4914248581458245
1246,25,dynamic_dijkstra,11,8,"[11, 12, 8]",2,7.561516229120469,6.25,1.3115162291204694,0.0,True,0.05,1500,3.375853181458214,0.6624146818541786
1247,25,dynamic_dijkstra,13,3,"[13, 9, 4, 3]",3,20.782342971994844,18.5,2.2823429719948436,0.0019134854023492576,True,0.05,1500,2.7065603245883088,0.7293439675411691
1248,25,dynamic_dijkstra,13,3,"[13, 9, 4, 3]",3,20.836016590992873,18.5,2.336016590992873,0.002621129125486399,True,0.05,1500,2.656560324588309,0.7343439675411692
1249,25,dynamic_dijkstra,12,13,"[12, 11, 10, 13]",3,11.443738013172183,5.5,5.943738013172183,0.07190434100406173,True,0.05,1500,1.2314623597045404,0.876853764029546
1250,26,dynamic_dijkstra,7,11,"[7, 12, 11]",2,8.83698061234565,7.5,1.3369806123456502,0.0,True,0.05,1500,3.226338510080284,0.6773661489919716
1251,26,dynamic_dijkstra,0,3,"[0, 3]",1,5.929598126412751,5.5,0.42959812641275086,0.0,True,0.05,1500,5.378668327672545,0.46213316723274545
1252,26,dynamic_dijkstra,7,8,"[7, 8]",1,2.6182886957997464,1.9,0.7182886957997465,0.0,True,0.05,1500,4.104117535719025,0.5895882464280975
1253,26,dynamic_dijkstra,7,2,"[7, 1, 2]",2,20.272892361758313,18.75,1.5228923617583128,0.0,True,0.05,1500,3.0767957878238406,0.6923204212176159
1254,26,dynamic_dijkstra,8,7,"[8, 7]",1,2.633314021102552,1.9,0.7333140211025522,0.0,True,0.05,1500,4.054117535719025,0.5945882464280975
1255,26,dynamic_dijkstra,5,9,"[5, 4, 9]",2,18.0101583296631,14.75,3.260158329663099,0.04878895613974554,True,0.05,1500,1.5182770075724186,0.8481722992427582
1256,26,dynamic_dijkstra,4,10,"[4, 5, 10]",2,12.095867485887863,11.25,0.8458674858878634,0.0,True,0.05,1500,5.12088942159899,0.48791105784010097
1257,26,dynamic_dijkstra,7,4,"[7, 8, 3, 4]",3,18.93062238143285,16.9,2.0306223814328526,0.0,True,0.05,1500,3.7076046048830253,0.6292395395116974
1258,26,dynamic_dijkstra,5,2,"[5, 2]",1,10.82295326862673,10.5,0.3229532686267298,0.0,True,0.05,1500,6.075679131019862,0.39243208689801384
1259,26,dynamic_dijkstra,13,11,"[13, 9, 8, 12, 11]",4,18.504602823258843,15.75,2.7546028232588426,0.0,True,0.05,1500,3.176338510080284,0.6823661489919716
1260,26,dynamic_dijkstra,3,0,"[3, 0]",1,5.938320738416816,5.5,0.43832073841681574,0.0,True,0.05,1500,5.3286683276725455,0.46713316723274545
1261,26,dynamic_dijkstra,9,13,"[9, 13]",1,5.4352437924375545,4.5,0.9352437924375545,0.0,True,0.05,1500,3.4837287061233146,0.6516271293876685
1262,26,dynamic_dijkstra,2,0,"[2, 0]",1,9.827054099914323,9.5,0.32705409991432255,0.0,True,0.05,1500,6.0455537316337145,0.39544462683662857
1263,26,dynamic_dijkstra,1,4,"[1, 0, 3, 4]",3,16.895892436606147,15.0,1.8958924366061467,0.0,True,0.05,1500,3.6576046048830255,0.6342395395116974
1264,26,dynamic_dijkstra,3,9,"[3, 4, 9]",2,17.791313167808827,14.0,3.791313167808827,0.05213722945625121,True,0.05,1500,1.4682770075724179,0.8531722992427582
1265,26,dynamic_dijkstra,9,3,"[9, 8, 3]",2,17.805185592375988,17.0,0.8051855923759881,0.0,True,0.05,1500,5.3071724901156285,0.46928275098843714
1266,26,dynamic_dijkstra,0,13,"[0, 3, 8, 9, 13]",4,29.23406900763353,27.0,2.2340690076335292,0.0,True,0.05,1500,3.433728706123315,0.6566271293876685
1267,26,dynamic_dijkstra,11,7,"[11, 12, 7]",2,8.892797784630545,7.5,1.3927977846305453,0.0,True,0.05,1500,3.1263385100802843,0.6873661489919716
1268,26,dynamic_dijkstra,11,0,"[11, 10, 5, 4, 3, 0]",5,24.7857858488076,21.75,3.035785848807599,0.0,True,0.05,1500,3.557604604883026,0.6442395395116974
1269,26,dynamic_dijkstra,2,7,"[2, 1, 7]",2,20.30787096894443,18.75,1.5578709689444317,0.0,True,0.05,1500,3.0267957878238407,0.697320421217616
1270,26,dynamic_dijkstra,2,6,"[2, 5, 6]",2,17.200749800899874,16.5,0.7007498008998745,0.0,True,0.05,1500,5.740740263823795,0.42592597361762047
1271,26,dynamic_dijkstra,13,5,"[13, 9, 4, 5]",3,23.748903730256703,19.25,4.498903730256703,0.05559661388386816,True,0.05,1500,1.4182770075724171,0.8581722992427583
1272,26,dynamic_dijkstra,5,11,"[5, 10, 11]",2,10.703755813045277,9.5,1.2037558130452766,0.0,True,0.05,1500,3.7910554798477722,0.6208944520152228
1273,26,dynamic_dijkstra,1,11,"[1, 7, 12, 11]",3,25.1047964826995,22.5,2.6047964826994985,1.1965232504795864e-05,True,0.05,1500,2.976795787823841,0.702320421217616
1274,26,dynamic_dijkstra,7,2,"[7, 1, 2]",2,20.37259459374961,18.75,1.6225945937496107,0.00011908570400742668,True,0.05,1500,2.926795787823841,0.7073204212176158
1275,26,dynamic_dijkstra,11,4,"[11, 10, 5, 4]",3,14.985139028478528,13.25,1.7351390284785282,0.0,True,0.05,1500,3.7410554798477724,0.6258944520152228
1276,26,dynamic_dijkstra,8,2,"[8, 7, 1, 2]",3,23.07522667969039,20.65,2.425226679690393,0.00033731728662111937,True,0.05,1500,2.8767957878238413,0.7123204212176159
1277,26,dynamic_dijkstra,2,11,"[2, 5, 10, 11]",3,21.59215469086253,20.0,1.5921546908625288,0.0,True,0.05,1500,3.6910554798477726,0.6308944520152228
1278,26,dynamic_dijkstra,10,1,"[10, 5, 2, 1]",3,22.934046840896222,21.75,1.1840468408962224,0.0,True,0.05,1500,5.369013172281937,0.4630986827718063
1279,26,dynamic_dijkstra,7,13,"[7, 8, 9, 13]",3,13.558744859139921,11.4,2.1587448591399205,0.0,True,0.05,1500,3.333728706123315,0.6666271293876684
1280,26,dynamic_dijkstra,11,6,"[11, 6]",1,12.2367302357353,11.5,0.7367302357352994,0.0,True,0.05,1500,4.04291886421556,0.595708113578444
1281,26,dynamic_dijkstra,12,3,"[12, 8, 3]",2,17.37841626830035,16.5,0.8784162683003487,0.0,True,0.05,1500,5.207172490115629,0.4792827509884371
1282,26,dynamic_dijkstra,10,5,"[10, 5]",1,7.917330325191376,7.5,0.4173303251913758,0.0,True,0.05,1500,5.450599269087597,0.4549400730912403
1283,26,dynamic_dijkstra,10,2,"[10, 5, 2]",2,18.776788642926622,18.0,0.776788642926622,0.0,True,0.05,1500,5.400599269087597,0.4599400730912403
1284,26,dynamic_dijkstra,4,1,"[4, 3, 0, 1]",3,16.993883138410247,15.0,1.9938831384102471,0.0,True,0.05,1500,3.507604604883026,0.6492395395116974
1285,26,dynamic_dijkstra,5,9,"[5, 4, 9]",2,18.420307291291543,14.75,3.670307291291543,0.05916710942259629,True,0.05,1500,1.3682770075724164,0.8631722992427584
1286,26,dynamic_dijkstra,4,6,"[4, 5, 6]",2,10.655126885874544,9.75,0.9051268858745445,0.0,True,0.05,1500,4.870889421598991,0.5129110578401008
1287,26,dynamic_dijkstra,8,3,"[8, 3]",1,12.469523514984836,12.0,0.4695235149848358,0.0,True,0.05,1500,5.157172490115629,0.4842827509884371
1288,26,dynamic_dijkstra,8,10,"[8, 12, 11, 10]",3,10.70210103030314,8.25,2.4521010303031403,0.0,True,0.05,1500,3.0263385100802846,0.6973661489919716
1289,26,dynamic_dijkstra,10,3,"[10, 5, 4, 3]",3,16.167715628634845,14.25,1.917715628634845,0.0,True,0.05,1500,3.4576046048830262,0.6542395395116973
1290,26,dynamic_dijkstra,0,1,"[0, 1]",1,7.105586513541113,6.5,0.6055865135411134,0.0,True,0.05,1500,4.522486425766322,0.5477513574233678
1291,26,dynamic_dijkstra,6,8,"[6, 11, 12, 8]",3,20.117512828500026,17.75,2.3675128285000255,1.2441469004920158e-05,True,0.05,1500,2.976338510080285,0.7023661489919715
1292,26,dynamic_dijkstra,3,9,"[3, 8, 9]",2,17.865020009286166,17.0,0.865020009286166,0.0,True,0.05,1500,5.107172490115629,0.4892827509884371
1293,26,dynamic_dijkstra,12,0,"[12, 8, 3, 0]",3,23.41741638950044,22.0,1.4174163895004384,0.0,True,0.05,1500,5.057172490115629,0.49428275098843705
1294,26,dynamic_dijkstra,6,7,"[6, 11, 12, 7]",3,21.28299408433549,19.0,2.2829940843354883,0.00012057811327093049,True,0.05,1500,2.926338510080285,0.7073661489919715
1295,26,dynamic_dijkstra,1,5,"[1, 2, 5]",2,15.048293026776786,14.25,0.7982930267767863,0.0,True,0.05,1500,5.319013172281937,0.4680986827718063
1296,26,dynamic_dijkstra,1,11,"[1, 7, 12, 11]",3,25.319940105163006,22.5,2.819940105163006,0.0010062593006870957,True,0.05,1500,2.8267957878238414,0.7173204212176159
1297,26,dynamic_dijkstra,6,12,"[6, 11, 12]",2,15.303456607580287,13.25,2.053456607580287,0.0006701847351363588,True,0.05,1500,2.8263385100802854,0.7173661489919715
1298,26,dynamic_dijkstra,7,13,"[7, 8, 9, 13]",3,13.613898046371517,11.4,2.2138980463715168,0.0,True,0.05,1500,3.2837287061233154,0.6716271293876684
1299,26,dynamic_dijkstra,0,4,"[0, 3, 4]",2,9.961605408639404,8.5,1.4616054086394037,0.0,True,0.05,1500,3.4076046048830264,0.6592395395116973
1300,27,dynamic_dijkstra,6,13,"[6, 5, 4, 9, 13]",4,28.503529096399447,25.25,3.253529096399447,0.011341644588740096,True,0.05,1500,2.2855953482141205,0.771440465178588
1301,27,dynamic_dijkstra,0,12,"[0, 3, 8, 12]",3,22.776403134758198,22.0,0.7764031347581977,0.0,True,0.05,1500,6.10804073765251,0.389195926234749
1302,27,dynamic_dijkstra,13,9,"[13, 9]",1,5.15491033717359,4.5,0.6549103371735896,0.0,True,0.05,1500,4.329340416362097,0.5670659583637903
1303,27,dynamic_dijkstra,11,3,"[11, 10, 5, 4, 3]",4,18.733053214803462,16.25,2.483053214803462,0.00010572395365382459,True,0.05,1500,2.9310248021791683,0.7068975197820832
1304,27,dynamic_dijkstra,2,7,"[2, 1, 7]",2,19.928531082105245,18.75,1.1785310821052448,0.0,True,0.05,1500,3.783590484584373,0.6216409515415627
1305,27,dynamic_dijkstra,1,0,"[1, 0]",1,6.963885326115479,6.5,0.46388532611547895,0.0,True,0.05,1500,5.187339058423398,0.4812660941576602
1306,27,dynamic_dijkstra,0,8,"[0, 3, 8]",2,18.030123305174598,17.5,0.5301233051745982,0.0,True,0.05,1500,6.05804073765251,0.39419592623474903
1307,27,dynamic_dijkstra,6,7,"[6, 11, 12, 7]",3,24.602931433028353,19.0,5.602931433028353,0.09159040580633948,True,0.05,1500,0.9698354102966729,0.9030164589703327
1308,27,dynamic_dijkstra,8,13,"[8, 9, 13]",2,10.303846404801925,9.5,0.8038464048019254,0.0,True,0.05,1500,4.279340416362097,0.5720659583637903
1309,27,dynamic_dijkstra,1,9,"[1, 7, 8, 9]",3,23.614734467953305,21.9,1.7147344679533063,0.0,True,0.05,1500,3.733590484584373,0.6266409515415627
1310,27,dynamic_dijkstra,9,1,"[9, 8, 7, 1]",3,23.6524973280875,21.9,1.7524973280875003,0.0,True,0.05,1500,3.683590484584373,0.6316409515415626
1311,27,dynamic_dijkstra,9,2,"[9, 4, 5, 2]",3,27.74397197225654,25.25,2.4939719722565385,0.01298476603715315,True,0.05,1500,2.2355953482141206,0.7764404651785879
1312,27,dynamic_dijkstra,6,13,"[6, 5, 4, 9, 13]",4,28.680687781246572,25.25,3.430687781246572,0.014738998596677266,True,0.05,1500,2.185595348214121,0.7814404651785879
1313,27,dynamic_dijkstra,7,6,"[7, 12, 11, 6]",3,24.902977520632213,19.0,5.902977520632213,0.09615743822790257,False,0.05,1500,0.9198354102966722,0.9080164589703328
1314,27,dynamic_dijkstra,13,12,"[13, 9, 8, 12]",3,15.107909507724948,14.0,1.1079095077249477,0.0,True,0.05,1500,4.1793404163620975,0.5820659583637903
1315,27,dynamic_dijkstra,0,9,"[0, 3, 4, 9]",3,22.908979130621937,19.5,3.408979130621937,0.01691367696974655,True,0.05,1500,2.135595348214121,0.7864404651785879
1316,27,dynamic_dijkstra,2,12,"[2, 1, 7, 12]",3,26.048536469340384,24.5,1.5485364693403838,0.0,True,0.05,1500,3.6335904845843734,0.6366409515415626
1317,27,dynamic_dijkstra,10,2,"[10, 5, 2]",2,18.70560671164538,18.0,0.7056067116453804,0.0,True,0.05,1500,5.641060537755232,0.4358939462244768
1318,27,dynamic_dijkstra,7,13,"[7, 8, 9, 13]",3,13.030227311387204,11.4,1.6302273113872037,0.0,True,0.05,1500,3.9451920315460525,0.6054807968453948
1319,27,dynamic_dijkstra,1,9,"[1, 7, 8, 9]",3,23.73517635267338,21.9,1.8351763526733826,0.0,True,0.05,1500,3.5835904845843736,0.6416409515415626
1320,27,dynamic_dijkstra,12,13,"[12, 8, 9, 13]",3,15.155953469359607,14.0,1.1559534693596074,0.0,True,0.05,1500,4.079340416362098,0.5920659583637902
1321,27,dynamic_dijkstra,4,2,"[4, 5, 2]",2,15.039053867703178,14.25,0.7890538677031778,0.0,True,0.05,1500,5.191902111605975,0.4808097888394025
1322,27,dynamic_dijkstra,10,3,"[10, 5, 4, 3]",3,16.382832410883445,14.25,2.132832410883445,0.0006345026106353568,True,0.05,1500,2.8310248021791686,0.7168975197820832
1323,27,dynamic_dijkstra,8,6,"[8, 12, 11, 6]",3,23.953222563086953,17.75,6.203222563086953,0.10083558176057672,True,0.05,1500,0.8698354102966714,0.9130164589703329
1324,27,dynamic_dijkstra,3,1,"[3, 0, 1]",2,12.812468548912701,12.0,0.812468548912701,0.0,True,0.05,1500,5.137339058423398,0.48626609415766014
1325,27,dynamic_dijkstra,9,13,"[9, 13]",1,5.240897884848922,4.5,0.7408978848489216,0.0,True,0.05,1500,4.029340416362098,0.5970659583637902
1326,27,dynamic_dijkstra,2,7,"[2, 1, 7]",2,20.0369727299974,18.75,1.2869727299974016,0.0,True,0.05,1500,3.5335904845843737,0.6466409515415626
1327,27,dynamic_dijkstra,1,9,"[1, 7, 8, 9]",3,23.800648804811424,21.9,1.900648804811425,0.0,True,0.05,1500,3.483590484584374,0.6516409515415627
1328,27,dynamic_dijkstra,4,11,"[4, 5, 10, 11]",3,14.606259842398478,13.25,1.3562598423984777,0.0,True,0.05,1500,5.091902111605975,0.49080978883940246
1329,27,dynamic_dijkstra,5,0,"[5, 4, 3, 0]",3,14.385891862768482,12.25,2.1358918627684815,0.0010655586057927158,True,0.05,1500,2.781024802179169,0.7218975197820832
1330,27,dynamic_dijkstra,10,9,"[10, 11, 12, 8, 9]",4,19.781421584465754,13.25,6.531421584465754,0.10562483640436193,True,0.05,1500,0.8198354102966707,0.9180164589703329
1331,27,dynamic_dijkstra,7,3,"[7, 8, 3]",2,14.92723266277663,13.9,1.0272326627766297,0.0,True,0.05,1500,3.795192031546053,0.6204807968453947
1332,27,dynamic_dijkstra,0,11,"[0, 3, 4, 5, 10, 11]",5,24.8377580275045,21.75,3.087758027504499,0.0016077257120612476,True,0.05,1500,2.731024802179169,0.7268975197820831
1333,27,dynamic_dijkstra,6,4,"[6, 5, 4]",2,10.778909950114608,9.75,1.028909950114608,0.0,True,0.05,1500,4.915677594231224,0.5084322405768776
1334,27,dynamic_dijkstra,0,6,"[0, 3, 4, 5, 6]",4,21.025537423953992,18.25,2.775537423953992,0.0022610039294408413,True,0.05,1500,2.681024802179169,0.7318975197820831
1335,27,dynamic_dijkstra,12,3,"[12, 8, 3]",2,17.00267584145634,16.5,0.502675841456341,0.0,True,0.05,1500,6.34658120958998,0.365341879041002
1336,27,dynamic_dijkstra,1,2,"[1, 2]",1,4.1296517711226635,3.75,0.37965177112266346,0.0,True,0.05,1500,5.684067450485215,0.4315932549514785
1337,27,dynamic_dijkstra,9,11,"[9, 8, 12, 11]",3,17.712963738939454,11.25,6.462963738939454,0.11052520215925832,True,0.05,1500,0.76983541029667,0.923016458970333
1338,27,dynamic_dijkstra,1,3,"[1, 0, 3]",2,12.851182999280129,12.0,0.8511829992801285,0.0,True,0.05,1500,5.087339058423399,0.49126609415766015
1339,27,dynamic_dijkstra,1,2,"[1, 2]",1,4.13745831389885,3.75,0.38745831389884966,0.0,True,0.05,1500,5.634067450485215,0.4365932549514785
1340,27,dynamic_dijkstra,1,0,"[1, 0]",1,6.992587543147217,6.5,0.4925875431472173,0.0,True,0.05,1500,5.037339058423399,0.4962660941576601
1341,27,dynamic_dijkstra,6,3,"[6, 5, 4, 3]",3,15.221327685008053,12.75,2.4713276850080526,0.003025393257931608,True,0.05,1500,2.6310248021791693,0.7368975197820831
1342,27,dynamic_dijkstra,2,6,"[2, 5, 6]",2,17.382064276781698,16.5,0.8820642767816977,0.0,True,0.05,1500,4.765677594231224,0.5234322405768775
1343,27,dynamic_dijkstra,5,7,"[5, 4, 3, 8, 7]",4,23.685684039995966,20.65,3.0356840399959673,0.0039008936975334363,True,0.05,1500,2.5810248021791695,0.7418975197820831
1344,27,dynamic_dijkstra,13,3,"[13, 9, 4, 3]",3,22.6293710182931,18.5,4.129371018293099,0.023377488554211623,True,0.05,1500,2.085595348214121,0.7914404651785879
1345,27,dynamic_dijkstra,0,9,"[0, 3, 8, 9]",3,23.2797365080119,22.5,0.7797365080119008,0.0,True,0.05,1500,5.708040737652511,0.4291959262347489
1346,27,dynamic_dijkstra,5,3,"[5, 4, 3]",2,8.819725447517452,6.75,2.0697254475174525,0.00598522791007039,True,0.05,1500,2.48102480217917,0.751897519782083
1347,27,dynamic_dijkstra,10,8,"[10, 11, 12, 8]",3,15.497616364956809,8.25,7.247616364956809,0.11553667902526576,True,0.05,1500,0.7198354102966693,0.928016458970333
1348,27,dynamic_dijkstra,0,5,"[0, 3, 4, 5]",3,14.756109786936584,12.25,2.506109786936584,0.007194061683005626,True,0.05,1500,2.43102480217917,0.756897519782083
1349,27,dynamic_dijkstra,4,3,"[4, 3]",1,4.599936126420809,3.0,1.5999361264208094,0.008514006567051924,True,0.05,1500,2.3810248021791702,0.761897519782083
1350,28,dynamic_dijkstra,4,5,"[4, 5]",1,4.232502598171776,3.75,0.4825025981717763,0.0,True,0.05,1500,5.089045066449608,0.4910954933550392
1351,28,dynamic_dijkstra,0,10,"[0, 3, 4, 5, 10]",4,25.183213627086175,19.75,5.433213627086175,0.08101442988438579,True,0.05,1500,1.0906416405511088,0.8909358359448891
1352,28,dynamic_dijkstra,7,11,"[7, 12, 11]",2,9.017450661653251,7.5,1.5174506616532515,0.0006144930633698031,True,0.05,1500,2.8337105299435956,0.7166289470056404
1353,28,dynamic_dijkstra,2,7,"[2, 1, 7]",2,19.851105868363426,18.75,1.101105868363426,0.0,True,0.05,1500,4.039206083569475,0.5960793916430525
1354,28,dynamic_dijkstra,8,7,"[8, 7]",1,2.323188901381899,1.9,0.423188901381899,0.0,True,0.05,1500,5.416009651454456,0.45839903485455447
1355,28,dynamic_dijkstra,11,4,"[11, 10, 5, 4]",3,14.909624813273652,13.25,1.659624813273652,0.0,True,0.05,1500,4.18539850981481,0.581460149018519
1356,28,dynamic_dijkstra,1,9,"[1, 7, 8, 9]",3,23.250172009660915,21.9,1.3501720096609162,0.0,True,0.05,1500,3.989206083569475,0.6010793916430525
1357,28,dynamic_dijkstra,10,11,"[10, 11]",1,2.472159591073784,2.0,0.47215959107378414,0.0,True,0.05,1500,5.143188470194822,0.4856811529805178
1358,28,dynamic_dijkstra,4,0,"[4, 3, 0]",2,12.985306942221811,8.5,4.485306942221811,0.08531300401649455,True,0.05,1500,1.040641640551108,0.8959358359448892
1359,28,dynamic_dijkstra,7,3,"[7, 8, 3]",2,14.54016852984567,13.9,0.6401685298456705,0.0,True,0.05,1500,5.316009651454456,0.4683990348545544
1360,28,dynamic_dijkstra,11,3,"[11, 12, 8, 3]",3,19.962724040233276,18.25,1.712724040233276,0.001039580774606197,True,0.05,1500,2.783710529943596,0.7216289470056404
1361,28,dynamic_dijkstra,10,7,"[10, 11, 12, 7]",3,11.569411685140427,9.5,2.0694116851404267,0.0015757795969537636,True,0.05,1500,2.733710529943596,0.7266289470056404
1362,28,dynamic_dijkstra,3,13,"[3, 8, 9, 13]",3,22.284198177297807,21.5,0.7841981772978066,0.0,True,0.05,1500,5.523603802323533,0.44763961976764666
1363,28,dynamic_dijkstra,10,12,"[10, 11, 12]",2,5.6045284188786955,3.75,1.8545284188786955,0.002223089530412503,True,0.05,1500,2.683710529943596,0.7316289470056404
1364,28,dynamic_dijkstra,4,6,"[4, 5, 6]",2,11.251749906537025,9.75,1.5017499065370252,0.0,True,0.05,1500,3.3570374520318715,0.6642962547968129
1365,28,dynamic_dijkstra,13,7,"[13, 9, 8, 7]",3,12.436922866513298,11.4,1.0369228665132972,0.0,True,0.05,1500,5.266009651454456,0.47339903485455437
1366,28,dynamic_dijkstra,4,10,"[4, 5, 10]",2,12.481767920929887,11.25,1.2317679209298866,0.0,True,0.05,1500,4.13539850981481,0.586460149018519
1367,28,dynamic_dijkstra,2,12,"[2, 5, 10, 11, 12]",4,24.78834125102237,21.75,3.03834125102237,0.0029815105749823045,True,0.05,1500,2.6337105299435963,0.7366289470056404
1368,28,dynamic_dijkstra,6,1,"[6, 5, 2, 1]",3,22.055769775398083,20.25,1.8057697753980833,0.0,True,0.05,1500,3.3070374520318717,0.6692962547968129
1369,28,dynamic_dijkstra,7,10,"[7, 12, 11, 10]",3,11.7111868293294,9.5,2.2111868293293995,0.003851042730663168,True,0.05,1500,2.5837105299435965,0.7416289470056403
1370,28,dynamic_dijkstra,6,0,"[6, 5, 4, 3, 0]",4,24.55087552708023,18.25,6.30087552708023,0.08972268925971438,True,0.05,1500,0.9906416405511074,0.9009358359448892
1371,28,dynamic_dijkstra,4,12,"[4, 5, 10, 11, 12]",4,18.278303480716506,15.0,3.278303480716506,0.004831685997455093,True,0.05,1500,2.5337105299435967,0.7466289470056403
1372,28,dynamic_dijkstra,1,0,"[1, 0]",1,6.719165828581497,6.5,0.21916582858149702,0.0,True,0.05,1500,6.9524994115225685,0.3047500588477431
1373,28,dynamic_dijkstra,0,10,"[0, 3, 4, 5, 10]",4,26.065135699999463,19.75,6.315135699999463,0.09424348561404527,True,0.05,1500,0.9406416405511067,0.9059358359448894
1374,28,dynamic_dijkstra,12,3,"[12, 8, 3]",2,16.931735809670123,16.5,0.4317358096701227,0.0,True,0.05,1500,6.972296663696898,0.30277033363031014
1375,28,dynamic_dijkstra,0,6,"[0, 3, 4, 5, 6]",4,25.18408090205081,18.25,6.934080902050809,0.09887539307948723,False,0.05,1500,0.890641640551106,0.9109358359448894
1376,28,dynamic_dijkstra,5,7,"[5, 10, 11, 12, 7]",4,20.086396294858005,17.0,3.0863962948580053,0.005923440375358302,True,0.05,1500,2.483710529943597,0.7516289470056403
1377,28,dynamic_dijkstra,12,10,"[12, 11, 10]",2,5.847623015360861,3.75,2.0976230153608606,0.007126305864372462,True,0.05,1500,2.433710529943597,0.7566289470056403
1378,28,dynamic_dijkstra,12,13,"[12, 11, 10, 13]",3,11.206114778548274,5.5,5.706114778548274,0.07722113300041933,True,0.05,1500,1.2332276646728424,0.8766772335327158
1379,28,dynamic_dijkstra,3,12,"[3, 8, 12]",2,16.94205907979402,16.5,0.4420590797940207,0.0,True,0.05,1500,6.9222966636968986,0.30777033363031014
1380,28,dynamic_dijkstra,12,9,"[12, 8, 9]",2,9.906094258596356,9.5,0.4060942585963563,0.0,True,0.05,1500,6.872296663696899,0.31277033363031015
1381,28,dynamic_dijkstra,1,5,"[1, 2, 5]",2,15.060091575846444,14.25,0.8100915758464442,0.0,True,0.05,1500,5.366607596060121,0.4633392403939879
1382,28,dynamic_dijkstra,5,11,"[5, 10, 11]",2,10.852243077042916,9.5,1.3522430770429157,0.0,True,0.05,1500,3.885398509814811,0.6114601490185189
1383,28,dynamic_dijkstra,5,4,"[5, 4]",1,4.327808024793913,3.75,0.5778080247939128,0.0,True,0.05,1500,4.63904506644961,0.536095493355039
1384,28,dynamic_dijkstra,13,11,"[13, 10, 11]",2,8.052575689730503,3.75,4.302575689730503,0.07334803818689106,True,0.05,1500,1.1832276646728417,0.8816772335327159
1385,28,dynamic_dijkstra,9,2,"[9, 8, 7, 1, 2]",4,27.447238105228,25.65,1.7972381052280006,0.0,True,0.05,1500,3.9392060835694753,0.6060793916430525
1386,28,dynamic_dijkstra,0,2,"[0, 2]",1,9.67431440145759,9.5,0.1743144014575897,0.0,True,0.05,1500,7.414938772169268,0.2585061227830731
1387,28,dynamic_dijkstra,7,5,"[7, 12, 11, 10, 5]",4,20.311087835943443,17.0,3.311087835943443,0.0098653701757343,True,0.05,1500,2.3337105299435974,0.7666289470056402
1388,28,dynamic_dijkstra,13,9,"[13, 9]",1,4.921896248737406,4.5,0.42189624873740605,0.0,True,0.05,1500,5.423603802323534,0.4576396197676466
1389,28,dynamic_dijkstra,2,7,"[2, 1, 7]",2,19.92972156703319,18.75,1.1797215670331909,0.0,True,0.05,1500,3.8892060835694755,0.6110793916430525
1390,28,dynamic_dijkstra,4,3,"[4, 3]",1,8.447837650205045,3.0,5.447837650205045,0.10361841165604047,True,0.05,1500,0.8406416405511052,0.9159358359448895
1391,28,dynamic_dijkstra,5,4,"[5, 4]",1,4.339551296097498,3.75,0.5895512960974978,0.0,True,0.05,1500,4.58904506644961,0.541095493355039
1392,28,dynamic_dijkstra,10,3,"[10, 5, 4, 3]",3,21.49639574685627,14.25,7.246395746856269,0.10847254134370488,True,0.05,1500,0.7906416405511045,0.9209358359448896
1393,28,dynamic_dijkstra,9,6,"[9, 4, 5, 6]",3,24.417619243333593,20.75,3.6676192433335935,0.021156897313414413,True,0.05,1500,2.0242641858045554,0.7975735814195445
1394,28,dynamic_dijkstra,11,1,"[11, 12, 7, 1]",3,25.274209596231593,22.5,2.774209596231593,0.011401568998081868,True,0.05,1500,2.2837105299435976,0.7716289470056402
1395,28,dynamic_dijkstra,3,7,"[3, 8, 7]",2,14.59283850045719,13.9,0.6928385004571904,0.0,True,0.05,1500,5.1660096514544565,0.4833990348545544
1396,28,dynamic_dijkstra,12,0,"[12, 8, 3, 0]",3,22.662783731507055,22.0,0.662783731507055,0.0,True,0.05,1500,6.822296663696899,0.3177703336303101
1397,28,dynamic_dijkstra,10,4,"[10, 5, 4]",2,12.714913648103856,11.25,1.464913648103856,0.0,True,0.05,1500,3.7353985098148117,0.6264601490185189
1398,28,dynamic_dijkstra,7,6,"[7, 12, 11, 6]",3,21.430984209063826,19.0,2.4309842090638263,0.013048878931540497,True,0.05,1500,2.2337105299435978,0.7766289470056402
1399,28,dynamic_dijkstra,13,1,"[13, 9, 8, 7, 1]",4,28.315206408381442,26.4,1.9152064083814437,0.0,True,0.05,1500,3.789206083569476,0.6210793916430524
1400,29,dynamic_dijkstra,10,8,"[10, 11, 12, 8]",3,9.700026745164116,8.25,1.4500267451641164,0.0,True,0.05,1500,4.247268522539507,0.5752731477460493
1401,29,dynamic_dijkstra,1,4,"[1, 0, 3, 4]",3,17.580585345064364,15.0,2.580585345064364,0.02630439025729181,True,0.05,1500,1.9120213413958282,0.8087978658604171
1402,29,dynamic_dijkstra,13,11,"[13, 10, 11]",2,5.444719571802711,3.75,1.694719571802711,0.0,True,0.05,1500,3.104121947417413,0.6895878052582587
1403,29,dynamic_dijkstra,7,2,"[7, 1, 2]",2,22.80846730657032,18.75,4.058467306570321,0.06873898367443032,True,0.05,1500,1.2412350170220687,0.8758764982977931
1404,29,dynamic_dijkstra,5,9,"[5, 4, 9]",2,15.565896370752231,14.75,0.8158963707522311,0.0,True,0.05,1500,4.887726975225102,0.5112273024774898
1405,29,dynamic_dijkstra,6,12,"[6, 11, 12]",2,14.403606029460164,13.25,1.153606029460164,0.0,True,0.05,1500,4.197268522539507,0.5802731477460493
1406,29,dynamic_dijkstra,2,6,"[2, 5, 6]",2,17.80494160485747,16.5,1.3049416048574685,0.0,True,0.05,1500,3.797842601467881,0.6202157398532119
1407,29,dynamic_dijkstra,6,11,"[6, 11]",1,11.971706372731795,11.5,0.47170637273179494,0.0,True,0.05,1500,5.145587329990758,0.48544126700092416
1408,29,dynamic_dijkstra,2,10,"[2, 5, 10]",2,19.062791558343932,18.0,1.0627915583439318,0.0,True,0.05,1500,4.696953016775658,0.5303046983224342
1409,29,dynamic_dijkstra,4,7,"[4, 9, 8, 7]",3,19.31278375161984,17.9,1.4127837516198412,0.0,True,0.05,1500,4.582094980307836,0.5417905019692164
1410,29,dynamic_dijkstra,0,12,"[0, 3, 8, 12]",3,22.722702749722693,22.0,0.7227027497226928,0.0,True,0.05,1500,5.979222378669354,0.4020777621330646
1411,29,dynamic_dijkstra,13,3,"[13, 10, 5, 4, 3]",4,20.19762301854415,16.0,4.197623018544149,0.028777676165301136,True,0.05,1500,1.8620213413958275,0.8137978658604172
1412,29,dynamic_dijkstra,12,1,"[12, 7, 1]",2,24.91350487048174,20.75,4.1635048704817414,0.07270290585882577,True,0.05,1500,1.191235017022068,0.8808764982977932
1413,29,dynamic_dijkstra,4,3,"[4, 3]",1,5.259349399355544,3.0,2.2593493993555436,0.031362073184421635,True,0.05,1500,1.8120213413958268,0.8187978658604174
1414,29,dynamic_dijkstra,0,10,"[0, 3, 4, 5, 10]",4,23.324311203157897,19.75,3.5743112031578974,0.034057581314653085,True,0.05,1500,1.7620213413958261,0.8237978658604174
1415,29,dynamic_dijkstra,13,3,"[13, 10, 5, 4, 3]",4,20.496789208261994,16.0,4.496789208261994,0.03686420055599582,True,0.05,1500,1.7120213413958254,0.8287978658604175
1416,29,dynamic_dijkstra,5,11,"[5, 10, 11]",2,10.707700483082872,9.5,1.2077004830828724,0.0,True,0.05,1500,4.496953016775659,0.5503046983224341
1417,29,dynamic_dijkstra,13,5,"[13, 10, 5]",2,11.066915679776534,9.25,1.8169156797765336,4.6773237972641546e-05,True,0.05,1500,2.9541219474174136,0.7045878052582586
1418,29,dynamic_dijkstra,13,4,"[13, 10, 5, 4]",3,15.177740922750841,13.0,2.177740922750841,0.0002042800214895335,True,0.05,1500,2.904121947417414,0.7095878052582586
1419,29,dynamic_dijkstra,8,1,"[8, 7, 1]",2,21.384461071734634,16.9,4.484461071734636,0.0767779391543324,True,0.05,1500,1.1412350170220673,0.8858764982977932
1420,29,dynamic_dijkstra,13,2,"[13, 10, 5, 2]",3,22.16042083636121,19.75,2.4104208363612116,0.0004728979161174873,True,0.05,1500,2.854121947417414,0.7145878052582586
1421,29,dynamic_dijkstra,9,8,"[9, 8]",1,5.294295937750146,5.0,0.29429593775014595,0.0,True,0.05,1500,6.294883005649716,0.37051169943502843
1422,29,dynamic_dijkstra,12,4,"[12, 11, 10, 5, 4]",4,17.302866533948052,15.0,2.302866533948052,0.0,True,0.05,1500,4.147268522539507,0.5852731477460493
1423,29,dynamic_dijkstra,6,11,"[6, 11]",1,11.98124115557236,11.5,0.48124115557235925,0.0,True,0.05,1500,5.095587329990758,0.49044126700092416
1424,29,dynamic_dijkstra,4,12,"[4, 5, 10, 11, 12]",4,17.350565945389604,15.0,2.3505659453896044,0.0,True,0.05,1500,4.097268522539507,0.5902731477460492
1425,29,dynamic_dijkstra,10,0,"[10, 5, 4, 3, 0]",4,23.639701616252076,19.75,3.8897016162520757,0.0397819309084495,True,0.05,1500,1.6620213413958247,0.8337978658604175
1426,29,dynamic_dijkstra,11,9,"[11, 10, 13, 9]",3,10.525042666324993,8.25,2.2750426663249925,0.000852626921856614,True,0.05,1500,2.804121947417414,0.7195878052582586
1427,29,dynamic_dijkstra,2,11,"[2, 5, 10, 11]",3,21.870385992209233,20.0,1.8703859922092327,0.0,True,0.05,1500,4.14695301677566,0.585304698322434
1428,29,dynamic_dijkstra,1,10,"[1, 2, 5, 10]",3,23.540455531614214,21.75,1.7904555316142137,0.0,True,0.05,1500,4.09695301677566,0.590304698322434
1429,29,dynamic_dijkstra,13,10,"[13, 10]",1,3.065460642434001,1.75,1.315460642434001,0.0013434670387068026,True,0.05,1500,2.7541219474174143,0.7245878052582586
1430,29,dynamic_dijkstra,13,0,"[13, 10, 5, 4, 3, 0]",5,26.89060095219289,21.5,5.390600952192891,0.04467290578009975,True,0.05,1500,1.612021341395824,0.8387978658604176
1431,29,dynamic_dijkstra,1,12,"[1, 7, 12]",2,25.307570822257276,20.75,4.557570822257276,0.08096408356094997,True,0.05,1500,1.0912350170220666,0.8908764982977934
1432,29,dynamic_dijkstra,10,5,"[10, 5]",1,8.250952908131378,7.5,0.7509529081313779,0.0,True,0.05,1500,3.9969530167756604,0.6003046983224339
1433,29,dynamic_dijkstra,1,3,"[1, 0, 3]",2,12.50549988816045,12.0,0.5054998881604504,0.0,True,0.05,1500,5.779222378669354,0.4220777621330646
1434,29,dynamic_dijkstra,1,0,"[1, 0]",1,6.644458258077032,6.5,0.14445825807703194,0.0,True,0.05,1500,7.75845438759565,0.22415456124043504
1435,29,dynamic_dijkstra,10,13,"[10, 13]",1,3.133862195881856,1.75,1.3838621958818562,0.0026584806057404764,True,0.05,1500,2.6541219474174147,0.7345878052582585
1436,29,dynamic_dijkstra,10,8,"[10, 11, 12, 8]",3,9.855178625058576,8.25,1.605178625058576,0.0,True,0.05,1500,4.0472685225395075,0.5952731477460492
1437,29,dynamic_dijkstra,4,11,"[4, 5, 10, 11]",3,15.043619059663062,13.25,1.7936190596630617,0.0,True,0.05,1500,3.9469530167756606,0.6053046983224339
1438,29,dynamic_dijkstra,9,3,"[9, 4, 3]",2,17.245317504214007,14.0,3.2453175042140074,0.04595072494669039,True,0.05,1500,1.5620213413958233,0.8437978658604177
1439,29,dynamic_dijkstra,11,5,"[11, 10, 5]",2,10.969934106430081,9.5,1.469934106430081,0.0,True,0.05,1500,3.8969530167756607,0.610304698322434
1440,29,dynamic_dijkstra,6,8,"[6, 11, 12, 8]",3,19.207319673697516,17.75,1.4573196736975156,0.0,True,0.05,1500,3.9972685225395077,0.6002731477460492
1441,29,dynamic_dijkstra,13,3,"[13, 10, 5, 4, 3]",4,21.38780839806038,16.0,5.387808398060379,0.052513089879661856,False,0.05,1500,1.5120213413958226,0.8487978658604177
1442,29,dynamic_dijkstra,5,11,"[5, 10, 11]",2,11.017981826216786,9.5,1.5179818262167863,0.0,True,0.05,1500,3.796953016775661,0.6203046983224338
1443,29,dynamic_dijkstra,2,11,"[2, 5, 10, 11]",3,22.08994814922974,20.0,2.089948149229741,0.0,True,0.05,1500,3.7469530167756613,0.6253046983224338
1444,29,dynamic_dijkstra,11,12,"[11, 12]",1,2.5166987238008343,1.75,0.7666987238008343,0.0,True,0.05,1500,3.947268522539508,0.6052731477460492
1445,29,dynamic_dijkstra,10,5,"[10, 5]",1,8.352465118520982,7.5,0.852465118520982,0.0,True,0.05,1500,3.6969530167756615,0.6303046983224339
1446,29,dynamic_dijkstra,7,9,"[7, 8, 9]",2,7.816205276512985,6.9,0.9162052765129847,0.0,True,0.05,1500,4.482094980307837,0.5517905019692163
1447,29,dynamic_dijkstra,6,5,"[6, 5]",1,6.834100849924087,6.0,0.834100849924087,0.0,True,0.05,1500,3.747842601467881,0.6252157398532119
1448,29,dynamic_dijkstra,7,4,"[7, 8, 9, 4]",3,19.390610821256985,17.9,1.4906108212569862,0.0,True,0.05,1500,4.432094980307837,0.5567905019692163
1449,29,dynamic_dijkstra,10,1,"[10, 5, 2, 1]",3,23.723619192628018,21.75,1.9736191926280178,0.0,True,0.05,1500,3.6469530167756616,0.6353046983224339
1450,30,dynamic_dijkstra,7,13,"[7, 12, 11, 10, 13]",4,12.913431416043316,11.25,1.6634314160433163,0.0,True,0.05,1500,4.834680941848568,0.5165319058151432
1451,30,dynamic_dijkstra,5,6,"[5, 6]",1,7.114947591196174,6.0,1.1149475911961737,0.0,True,0.05,1500,3.09607570379207,0.6903924296207931
1452,30,dynamic_dijkstra,12,3,"[12, 8, 3]",2,17.098544186084716,16.5,0.598544186084716,0.0,True,0.05,1500,5.820240569353341,0.41797594306466584
1453,30,dynamic_dijkstra,12,0,"[12, 8, 3, 0]",3,23.060948736731177,22.0,1.0609487367311772,0.0,True,0.05,1500,5.266197718022424,0.4733802281977576
1454,30,dynamic_dijkstra,6,13,"[6, 11, 10, 13]",3,16.475477594480584,15.25,1.2254775944805836,0.0,True,0.05,1500,4.784680941848568,0.5215319058151432
1455,30,dynamic_dijkstra,2,10,"[2, 5, 10]",2,18.786456090024952,18.0,0.7864560900249522,0.0,True,0.05,1500,5.240888065065281,0.4759111934934719
1456,30,dynamic_dijkstra,12,7,"[12, 7]",1,6.026864355828333,5.75,0.2768643558283328,0.0,True,0.05,1500,6.436130017406632,0.3563869982593368
1457,30,dynamic_dijkstra,2,3,"[2, 0, 3]",2,15.690717896246527,15.0,0.690717896246527,0.0,True,0.05,1500,5.216197718022424,0.4783802281977576
1458,30,dynamic_dijkstra,8,3,"[8, 3]",1,12.374089112053767,12.0,0.3740891120537668,0.0,True,0.05,1500,5.720240569353342,0.4279759430646658
1459,30,dynamic_dijkstra,3,2,"[3, 0, 2]",2,15.70539525224165,15.0,0.7053952522416491,0.0,True,0.05,1500,5.166197718022424,0.4833802281977576
1460,30,dynamic_dijkstra,1,12,"[1, 7, 12]",2,22.52155340064666,20.75,1.7715534006466598,0.005241818334553505,True,0.05,1500,2.5143233328078187,0.7485676667192181
1461,30,dynamic_dijkstra,7,5,"[7, 12, 11, 10, 5]",4,18.700422019007632,17.0,1.7004220190076325,0.0,True,0.05,1500,4.734680941848568,0.5265319058151432
1462,30,dynamic_dijkstra,0,3,"[0, 3]",1,5.9772882667116045,5.5,0.4772882667116045,0.0,True,0.05,1500,5.116197718022424,0.48838022819775756
1463,30,dynamic_dijkstra,7,2,"[7, 1, 2]",2,20.878551104807382,18.75,2.128551104807382,0.006376655372758333,True,0.05,1500,2.464323332807819,0.7535676667192182
1464,30,dynamic_dijkstra,0,13,"[0, 3, 4, 5, 10, 13]",5,24.748319701953278,21.5,3.248319701953278,0.006538528327635906,True,0.05,1500,2.4575668015841803,0.754243319841582
1465,30,dynamic_dijkstra,4,6,"[4, 5, 6]",2,11.157971795696083,9.75,1.407971795696083,0.0,True,0.05,1500,3.04607570379207,0.695392429620793
1466,30,dynamic_dijkstra,9,0,"[9, 4, 3, 0]",3,22.29521409950688,19.5,2.795214099506879,0.007799490990782143,True,0.05,1500,2.4075668015841805,0.759243319841582
1467,30,dynamic_dijkstra,1,5,"[1, 2, 5]",2,15.201228816909971,14.25,0.9512288169099712,0.0,True,0.05,1500,4.4971222209633614,0.5502877779036639
1468,30,dynamic_dijkstra,12,3,"[12, 8, 3]",2,17.132370551358644,16.5,0.632370551358644,0.0,True,0.05,1500,5.670240569353342,0.4329759430646658
1469,30,dynamic_dijkstra,3,2,"[3, 0, 2]",2,15.749852393826764,15.0,0.7498523938267638,0.0,True,0.05,1500,4.966197718022425,0.5033802281977575
1470,30,dynamic_dijkstra,8,1,"[8, 3, 0, 1]",3,25.140041215388532,24.0,1.140041215388532,0.0,True,0.05,1500,4.916197718022425,0.5083802281977575
1471,30,dynamic_dijkstra,6,9,"[6, 11, 10, 13, 9]",4,21.325549527145323,19.75,1.5755495271453235,0.0,True,0.05,1500,4.684680941848568,0.5315319058151432
1472,30,dynamic_dijkstra,6,2,"[6, 5, 2]",2,18.01536205665629,16.5,1.51536205665629,3.42224460658791e-07,True,0.05,1500,2.99607570379207,0.700392429620793
1473,30,dynamic_dijkstra,1,10,"[1, 2, 5, 10]",3,23.21020888871447,21.75,1.4602088887144689,0.0,True,0.05,1500,4.447122220963362,0.5552877779036638
1474,30,dynamic_dijkstra,6,9,"[6, 11, 10, 13, 9]",4,21.35869614197679,19.75,1.6086961419767896,0.0,True,0.05,1500,4.634680941848568,0.5365319058151432
1475,30,dynamic_dijkstra,3,11,"[3, 4, 5, 10, 11]",4,19.22574422011698,16.25,2.9757442201169795,0.009171564765039553,True,0.05,1500,2.3575668015841806,0.7642433198415819
1476,30,dynamic_dijkstra,10,12,"[10, 11, 12]",2,4.752675368789184,3.75,1.002675368789184,0.0,True,0.05,1500,4.534680941848569,0.5465319058151431
1477,30,dynamic_dijkstra,12,1,"[12, 7, 1]",2,22.6163755862615,20.75,1.8663755862615012,0.007622603522074223,True,0.05,1500,2.414323332807819,0.758567666719218
1478,30,dynamic_dijkstra,7,13,"[7, 12, 11, 10, 13]",4,13.099022222145305,11.25,1.8490222221453045,0.0,True,0.05,1500,4.484680941848569,0.5515319058151431
1479,30,dynamic_dijkstra,4,12,"[4, 5, 10, 11, 12]",4,16.824313159648142,15.0,1.824313159648142,0.0,True,0.05,1500,4.434680941848569,0.5565319058151431
1480,30,dynamic_dijkstra,4,13,"[4, 5, 10, 13]",3,14.331216689120595,13.0,1.3312166891205948,0.0,True,0.05,1500,4.832336922299553,0.5167663077700447
1481,30,dynamic_dijkstra,10,5,"[10, 5]",1,8.022309227584676,7.5,0.5223092275846763,0.0,True,0.05,1500,4.890888065065282,0.5109111934934718
1482,30,dynamic_dijkstra,4,2,"[4, 5, 2]",2,14.901851614035042,14.25,0.6518516140350421,0.0,True,0.05,1500,5.806588229822413,0.4193411770177587
1483,30,dynamic_dijkstra,12,11,"[12, 11]",1,2.175039755366128,1.75,0.4250397553661278,0.0,True,0.05,1500,5.405173097691369,0.4594826902308631
1484,30,dynamic_dijkstra,6,9,"[6, 11, 10, 13, 9]",4,21.463638567908607,19.75,1.7136385679086068,0.0,True,0.05,1500,4.384680941848569,0.5615319058151431
1485,30,dynamic_dijkstra,8,0,"[8, 3, 0]",2,18.42512356863577,17.5,0.9251235686357688,0.0,True,0.05,1500,4.866197718022425,0.5133802281977575
1486,30,dynamic_dijkstra,9,1,"[9, 4, 3, 0, 1]",4,29.180485759824833,26.0,3.1804857598248333,0.010654749650408024,True,0.05,1500,2.307566801584181,0.7692433198415819
1487,30,dynamic_dijkstra,4,8,"[4, 3, 8]",2,17.120531514123783,15.0,2.1205315141237833,0.012249045646887669,True,0.05,1500,2.257566801584181,0.7742433198415819
1488,30,dynamic_dijkstra,5,1,"[5, 2, 1]",2,15.255677378846867,14.25,1.0056773788468671,0.0,True,0.05,1500,4.397122220963362,0.5602877779036638
1489,30,dynamic_dijkstra,12,13,"[12, 11, 10, 13]",3,7.14372451420965,5.5,1.6437245142096497,0.0,True,0.05,1500,4.3346809418485694,0.566531905815143
1490,30,dynamic_dijkstra,12,5,"[12, 11, 10, 5]",3,12.892292686155724,11.25,1.6422926861557237,0.0,True,0.05,1500,4.28468094184857,0.571531905815143
1491,30,dynamic_dijkstra,11,1,"[11, 12, 7, 1]",3,24.874473188623583,22.5,2.3744731886235826,0.008979662782501285,True,0.05,1500,2.3643233328078193,0.763567666719218
1492,30,dynamic_dijkstra,12,5,"[12, 11, 10, 5]",3,12.934957190622672,11.25,1.6849571906226721,0.0,True,0.05,1500,4.23468094184857,0.576531905815143
1493,30,dynamic_dijkstra,13,6,"[13, 10, 11, 6]",3,16.72932436154354,15.25,1.47932436154354,0.0,True,0.05,1500,4.18468094184857,0.581531905815143
1494,30,dynamic_dijkstra,0,10,"[0, 3, 4, 5, 10]",4,22.915709733423586,19.75,3.1657097334235864,0.013954452754478375,True,0.05,1500,2.207566801584181,0.7792433198415819
1495,30,dynamic_dijkstra,7,4,"[7, 12, 11, 10, 5, 4]",5,23.113392554872597,20.75,2.363392554872597,0.0,True,0.05,1500,4.13468094184857,0.586531905815143
1496,30,dynamic_dijkstra,5,8,"[5, 10, 11, 12, 8]",4,17.78711450232614,15.75,2.0371145023261406,0.0,True,0.05,1500,4.08468094184857,0.5915319058151429
1497,30,dynamic_dijkstra,9,2,"[9, 13, 10, 5, 2]",4,26.1176231138596,24.25,1.867623113859601,0.0,True,0.05,1500,4.5908880650652835,0.5409111934934716
1498,30,dynamic_dijkstra,8,3,"[8, 3]",1,12.414036583329107,12.0,0.4140365833291071,0.0,True,0.05,1500,5.470240569353343,0.4529759430646657
1499,30,dynamic_dijkstra,3,5,"[3, 4, 5]",2,8.877401022355887,6.75,2.127401022355887,0.015770970973180143,True,0.05,1500,2.1575668015841813,0.7842433198415819
1500,31,dynamic_dijkstra,9,7,"[9, 8, 7]",2,9.655008364660048,6.9,2.755008364660048,0.03930290536631609,True,0.05,1500,1.6701012288582913,0.8329898771141708
1501,31,dynamic_dijkstra,0,10,"[0, 3, 4, 5, 10]",4,24.08348722454946,19.75,4.333487224549462,0.02636905271168788,True,0.05,1500,1.9410880842667915,0.8058911915733209
1502,31,dynamic_dijkstra,8,3,"[8, 3]",1,12.395465246486737,12.0,0.39546524648673653,0.0,True,0.05,1500,5.583689617901946,0.44163103820980537
1503,31,dynamic_dijkstra,12,4,"[12, 11, 10, 5, 4]",4,18.384949096746737,15.0,3.3849490967467375,0.027326347485668756,True,0.05,1500,1.8910880842667908,0.8108911915733209
1504,31,dynamic_dijkstra,1,12,"[1, 7, 12]",2,22.566864515657777,20.75,1.8168645156577767,0.006941702943569328,True,0.05,1500,2.4410933597991358,0.7558906640200864
1505,31,dynamic_dijkstra,4,10,"[4, 5, 10]",2,13.89340558433755,11.25,2.6434055843375504,0.029846151742853766,True,0.05,1500,1.84108808426679,0.815891191573321
1506,31,dynamic_dijkstra,9,6,"[9, 13, 10, 11, 6]",4,21.947733694761723,19.75,2.197733694761723,0.0,True,0.05,1500,3.2223286774254323,0.6777671322574568
1507,31,dynamic_dijkstra,9,7,"[9, 8, 7]",2,9.753243124746994,6.9,2.853243124746994,0.04231379152440895,True,0.05,1500,1.6201012288582906,0.837989877114171
1508,31,dynamic_dijkstra,6,10,"[6, 11, 10]",2,14.312685398469036,13.5,0.8126853984690356,0.0,True,0.05,1500,4.6928408910568935,0.5307159108943107
1509,31,dynamic_dijkstra,1,6,"[1, 2, 5, 6]",3,21.379409921543576,20.25,1.1294099215435764,0.0,True,0.05,1500,4.472136263776574,0.5527863736223426
1510,31,dynamic_dijkstra,0,1,"[0, 1]",1,6.756157003479623,6.5,0.2561570034796228,0.0,True,0.05,1500,6.612383376721239,0.3387616623278761
1511,31,dynamic_dijkstra,9,0,"[9, 4, 3, 0]",3,21.753518193552107,19.5,2.2535181935521074,0.002119174074059482,True,0.05,1500,2.6911912673956957,0.7308808732604304
1512,31,dynamic_dijkstra,1,10,"[1, 2, 5, 10]",3,22.709214765007978,21.75,0.9592147650079781,0.0,True,0.05,1500,5.340136692153759,0.46598633078462404
1513,31,dynamic_dijkstra,11,8,"[11, 12, 8]",2,6.880554499030749,6.25,0.6305544990307492,0.0,True,0.05,1500,5.911615451632219,0.4088384548367781
1514,31,dynamic_dijkstra,8,12,"[8, 12]",1,4.853007168630912,4.5,0.35300716863091175,0.0,True,0.05,1500,5.861615451632219,0.41383845483677806
1515,31,dynamic_dijkstra,9,8,"[9, 8]",1,5.272944832809143,5.0,0.2729448328091433,0.0,True,0.05,1500,6.468766964685316,0.35312330353146837
1516,31,dynamic_dijkstra,12,6,"[12, 11, 6]",2,13.793827528423957,13.25,0.5438275284239573,0.0,True,0.05,1500,6.321358441638752,0.36786415583612475
1517,31,dynamic_dijkstra,0,1,"[0, 1]",1,6.761918302081606,6.5,0.2619183020816056,0.0,True,0.05,1500,6.56238337672124,0.343761662327876
1518,31,dynamic_dijkstra,3,9,"[3, 4, 9]",2,15.762753737582111,14.0,1.762753737582111,0.0028609712576246338,True,0.05,1500,2.641191267395696,0.7358808732604304
1519,31,dynamic_dijkstra,11,10,"[11, 10]",1,2.576926846584614,2.0,0.5769268465846138,0.0,True,0.05,1500,4.642840891056894,0.5357159108943106
1520,31,dynamic_dijkstra,5,6,"[5, 6]",1,6.630675244215546,6.0,0.6306752442155457,0.0,True,0.05,1500,4.422136263776574,0.5577863736223426
1521,31,dynamic_dijkstra,12,2,"[12, 11, 10, 5, 2]",4,23.38434170874188,21.75,1.6343417087418786,0.0,True,0.05,1500,4.592840891056894,0.5407159108943106
1522,31,dynamic_dijkstra,13,9,"[13, 9]",1,4.857439315688265,4.5,0.35743931568826515,0.0,True,0.05,1500,5.831316465803189,0.4168683534196811
1523,31,dynamic_dijkstra,9,2,"[9, 13, 10, 5, 2]",4,26.454922564864134,24.25,2.204922564864134,0.0,True,0.05,1500,3.1723286774254325,0.6827671322574568
1524,31,dynamic_dijkstra,6,12,"[6, 11, 12]",2,13.812252250400753,13.25,0.5622522504007534,0.0,True,0.05,1500,6.221358441638753,0.37786415583612476
1525,31,dynamic_dijkstra,1,9,"[1, 7, 8, 9]",3,26.45456744804616,21.9,4.554567448046161,0.053300704169306656,True,0.05,1500,1.5701012288582898,0.8429898771141711
1526,31,dynamic_dijkstra,4,3,"[4, 3]",1,4.429614406668367,3.0,1.4296144066683674,0.003713879552300847,True,0.05,1500,2.591191267395696,0.7408808732604304
1527,31,dynamic_dijkstra,12,2,"[12, 11, 10, 5, 2]",4,23.44056856277524,21.75,1.6905685627752405,0.0,True,0.05,1500,4.542840891056894,0.5457159108943106
1528,31,dynamic_dijkstra,8,7,"[8, 7]",1,4.6892546266510005,1.9,2.7892546266510005,0.04866889717392775,True,0.05,1500,1.5201012288582891,0.8479898771141711
1529,31,dynamic_dijkstra,8,3,"[8, 3]",1,12.403556278947157,12.0,0.40355627894715695,0.0,True,0.05,1500,5.533689617901946,0.4466310382098054
1530,31,dynamic_dijkstra,0,9,"[0, 3, 4, 9]",3,21.88910504779073,19.5,2.3891050477907285,0.0046778989580882335,True,0.05,1500,2.5411912673956962,0.7458808732604304
1531,31,dynamic_dijkstra,8,9,"[8, 9]",1,5.285081323861416,5.0,0.2850813238614158,0.0,True,0.05,1500,6.3687669646853164,0.3631233035314684
1532,31,dynamic_dijkstra,11,0,"[11, 12, 8, 3, 0]",4,25.39419788797356,23.75,1.6441978879735615,0.0,True,0.05,1500,4.738236640045302,0.5261763359954699
1533,31,dynamic_dijkstra,9,13,"[9, 13]",1,4.872399915417914,4.5,0.3723999154179136,0.0,True,0.05,1500,5.731316465803189,0.42686835341968105
1534,31,dynamic_dijkstra,10,4,"[10, 5, 4]",2,14.014335941874636,11.25,2.764335941874636,0.03247706711114984,True,0.05,1500,1.7910880842667893,0.820891191573321
1535,31,dynamic_dijkstra,3,6,"[3, 4, 5, 6]",3,17.27244501423574,12.75,4.522445014235739,0.04076950658203482,True,0.05,1500,1.7410880842667886,0.8258911915733211
1536,31,dynamic_dijkstra,6,11,"[6, 11]",1,11.764367509955912,11.5,0.2643675099559122,0.0,True,0.05,1500,6.541356003329328,0.34586439966706717
1537,31,dynamic_dijkstra,4,11,"[4, 5, 10, 11]",3,16.80184976521291,13.25,3.5518497652129106,0.03807223118107528,True,0.05,1500,1.691088084266788,0.8308911915733213
1538,31,dynamic_dijkstra,6,7,"[6, 11, 12, 7]",3,19.868349271871317,19.0,0.8683492718713168,0.0,True,0.05,1500,6.071358441638753,0.39286415583612466
1539,31,dynamic_dijkstra,7,8,"[7, 8]",1,4.801126331880632,1.9,2.9011263318806324,0.0520131166653538,True,0.05,1500,1.4701012288582884,0.8529898771141712
1540,31,dynamic_dijkstra,8,13,"[8, 9, 13]",2,10.17137133494564,9.5,0.6713713349456398,0.0,True,0.05,1500,5.68131646580319,0.43186835341968105
1541,31,dynamic_dijkstra,5,1,"[5, 2, 1]",2,14.804454823154833,14.25,0.554454823154833,0.0,True,0.05,1500,6.074632309597055,0.39253676904029444
1542,31,dynamic_dijkstra,0,2,"[0, 2]",1,9.574686134531893,9.5,0.07468613453189299,0.0,True,0.05,1500,8.700401313967177,0.1299598686032824
1543,31,dynamic_dijkstra,2,4,"[2, 5, 4]",2,17.126685233656318,14.25,2.8766852336563176,0.041036479882704646,True,0.05,1500,1.6410880842667872,0.8358911915733213
1544,31,dynamic_dijkstra,2,3,"[2, 0, 3]",2,15.644506932062217,15.0,0.6445069320622174,0.0,True,0.05,1500,4.688236640045302,0.5311763359954698
1545,31,dynamic_dijkstra,11,9,"[11, 10, 13, 9]",3,10.364666784198214,8.25,2.1146667841982136,0.0,True,0.05,1500,3.1223286774254326,0.6877671322574568
1546,31,dynamic_dijkstra,8,12,"[8, 12]",1,4.867812168648559,4.5,0.3678121686485589,0.0,True,0.05,1500,5.7616154516322196,0.42383845483677807
1547,31,dynamic_dijkstra,13,0,"[13, 9, 4, 3, 0]",4,26.907085034408688,24.0,2.907085034408688,0.006939271102996192,True,0.05,1500,2.4411912673956966,0.7558808732604303
1548,31,dynamic_dijkstra,0,5,"[0, 3, 4, 5]",3,17.073254820377176,12.25,4.823254820377176,0.05198513090700696,True,0.05,1500,1.5910880842667865,0.8408911915733214
1549,31,dynamic_dijkstra,4,1,"[4, 3, 0, 1]",3,17.50518247276767,15.0,2.5051824727676717,0.00964508769234862,True,0.05,1500,2.341191267395697,0.7658808732604303
1550,32,dynamic_dijkstra,13,5,"[13, 10, 5]",2,11.060230011610129,9.25,1.8102300116101286,0.0011415788195240362,True,0.05,1500,2.7733481813914045,0.7226651818608596
1551,32,dynamic_dijkstra,1,2,"[1, 2]",1,4.0826142035866715,3.75,0.3326142035866715,0.0,True,0.05,1500,6.005182206190317,0.3994817793809683
1552,32,dynamic_dijkstra,8,1,"[8, 7, 1]",2,20.199382192664615,16.9,3.2993821926646163,0.0361158287824499,True,0.05,1500,1.7251618552889774,0.8274838144711023
1553,32,dynamic_dijkstra,6,11,"[6, 11]",1,11.794918934000643,11.5,0.29491893400064306,0.0,True,0.05,1500,6.289949561065505,0.37100504389344946
1554,32,dynamic_dijkstra,5,2,"[5, 2]",1,10.683763410968421,10.5,0.18376341096842097,0.0,True,0.05,1500,7.31247083390795,0.268752916609205
1555,32,dynamic_dijkstra,4,10,"[4, 5, 10]",2,12.73949677987713,11.25,1.4894967798771308,0.0,True,0.05,1500,3.3969910746674943,0.6603008925332505
1556,32,dynamic_dijkstra,5,9,"[5, 10, 13, 9]",3,15.99823959923036,13.75,2.2482395992303594,0.0017008050830987775,True,0.05,1500,2.7233481813914047,0.7276651818608595
1557,32,dynamic_dijkstra,8,2,"[8, 7, 1, 2]",3,24.395404356478327,20.65,3.7454043564783284,0.03900435799291879,True,0.05,1500,1.6751618552889767,0.8324838144711023
1558,32,dynamic_dijkstra,10,5,"[10, 5]",1,8.038746649010696,7.5,0.5387466490106956,0.0,True,0.05,1500,4.81349326591042,0.518650673408958
1559,32,dynamic_dijkstra,9,7,"[9, 8, 7]",2,9.838868584090095,6.9,2.9388685840900948,0.04200399831449897,True,0.05,1500,1.625161855288976,0.8374838144711024
1560,32,dynamic_dijkstra,4,2,"[4, 5, 2]",2,15.432350018954523,14.25,1.1823500189545229,0.0,True,0.05,1500,3.3469910746674945,0.6653008925332505
1561,32,dynamic_dijkstra,0,7,"[0, 1, 7]",2,22.755354132381214,21.5,1.255354132381214,0.0,True,0.05,1500,3.468615964028424,0.6531384035971576
1562,32,dynamic_dijkstra,4,12,"[4, 5, 10, 11, 12]",4,17.146885865189933,15.0,2.146885865189933,0.0,True,0.05,1500,3.2969910746674946,0.6703008925332505
1563,32,dynamic_dijkstra,0,9,"[0, 3, 4, 9]",3,21.49235826343235,19.5,1.992358263432351,0.0,True,0.05,1500,3.0138921194497925,0.6986107880550207
1564,32,dynamic_dijkstra,12,13,"[12, 11, 10, 13]",3,7.464528616571296,5.5,1.9645286165712958,0.0023711424577844697,True,0.05,1500,2.673348181391405,0.7326651818608595
1565,32,dynamic_dijkstra,1,10,"[1, 2, 5, 10]",3,22.85074200222467,21.75,1.1007420022246706,0.0,True,0.05,1500,4.7134932659104205,0.528650673408958
1566,32,dynamic_dijkstra,3,0,"[3, 0]",1,6.022454430352731,5.5,0.522454430352731,0.0,True,0.05,1500,4.890193490848365,0.5109806509151635
1567,32,dynamic_dijkstra,0,7,"[0, 1, 7]",2,22.783115165302007,21.5,1.2831151653020072,0.0,True,0.05,1500,3.418615964028424,0.6581384035971576
1568,32,dynamic_dijkstra,3,9,"[3, 4, 9]",2,15.515039401136331,14.0,1.515039401136331,2.89728675072487e-05,True,0.05,1500,2.9638921194497927,0.7036107880550208
1569,32,dynamic_dijkstra,10,7,"[10, 11, 12, 7]",3,10.493431132899403,9.5,0.9934311328994028,0.0,True,0.05,1500,4.888312361858393,0.5111687638141607
1570,32,dynamic_dijkstra,3,11,"[3, 8, 12, 11]",3,18.96242519985017,18.25,0.7124251998501698,0.0,True,0.05,1500,5.350315870793418,0.4649684129206582
1571,32,dynamic_dijkstra,6,0,"[6, 5, 4, 3, 0]",4,21.74174425339371,18.25,3.4917442533937084,0.00016476815761889974,True,0.05,1500,2.913892119449793,0.7086107880550208
1572,32,dynamic_dijkstra,13,11,"[13, 10, 11]",2,5.6893794472552175,3.75,1.9393794472552175,0.003152590943581335,True,0.05,1500,2.623348181391405,0.7376651818608595
1573,32,dynamic_dijkstra,1,8,"[1, 7, 8]",2,20.558566081814526,16.9,3.658566081814527,0.0451147497471901,True,0.05,1500,1.5751618552889752,0.8424838144711024
1574,32,dynamic_dijkstra,0,12,"[0, 3, 8, 12]",3,23.181253977407287,22.0,1.1812539774072874,0.0,True,0.05,1500,4.790193490848365,0.5209806509151635
1575,32,dynamic_dijkstra,6,1,"[6, 5, 2, 1]",3,21.519596398562083,20.25,1.2695963985620828,0.0,True,0.05,1500,4.106543832097585,0.5893456167902416
1576,32,dynamic_dijkstra,1,9,"[1, 7, 8, 9]",3,26.054744162726497,21.9,4.154744162726498,0.04833661229099251,True,0.05,1500,1.5251618552889745,0.8474838144711025
1577,32,dynamic_dijkstra,10,8,"[10, 11, 12, 8]",3,9.085231211446494,8.25,0.8352312114464944,0.0,True,0.05,1500,4.788312361858393,0.5211687638141607
1578,32,dynamic_dijkstra,5,10,"[5, 10]",1,8.072157654123659,7.5,0.572157654123659,0.0,True,0.05,1500,4.663493265910421,0.5336506734089579
1579,32,dynamic_dijkstra,4,13,"[4, 5, 10, 13]",3,16.090742012009493,13.0,3.0907420120094926,0.004045150540489373,True,0.05,1500,2.573348181391405,0.7426651818608595
1580,32,dynamic_dijkstra,6,3,"[6, 5, 4, 3]",3,15.817271421884367,12.75,3.0672714218843673,0.0004116745588415016,True,0.05,1500,2.863892119449793,0.7136107880550207
1581,32,dynamic_dijkstra,9,4,"[9, 4]",1,11.334982646495774,11.0,0.33498264649577436,0.0,True,0.05,1500,5.988148401627054,0.4011851598372946
1582,32,dynamic_dijkstra,9,3,"[9, 4, 3]",2,15.618911567662382,14.0,1.6189115676623818,0.0007696920711753874,True,0.05,1500,2.8138921194497932,0.7186107880550207
1583,32,dynamic_dijkstra,0,4,"[0, 3, 4]",2,10.36385237409768,8.5,1.8638523740976805,0.001238820694620224,True,0.05,1500,2.7638921194497934,0.7236107880550207
1584,32,dynamic_dijkstra,12,10,"[12, 11, 10]",2,4.400809744812057,3.75,0.6508097448120571,0.0,True,0.05,1500,4.7383123618583936,0.5261687638141607
1585,32,dynamic_dijkstra,8,7,"[8, 7]",1,4.7894585750527945,1.9,2.8894585750527946,0.05166958594590587,True,0.05,1500,1.4751618552889738,0.8524838144711027
1586,32,dynamic_dijkstra,5,9,"[5, 4, 9]",2,16.213633644896653,14.75,1.4636336448966532,0.0,True,0.05,1500,3.0969910746674953,0.6903008925332504
1587,32,dynamic_dijkstra,1,11,"[1, 7, 12, 11]",3,24.02221620432085,22.5,1.5222162043208485,0.0,True,0.05,1500,3.2686159640284247,0.6731384035971575
1588,32,dynamic_dijkstra,5,2,"[5, 2]",1,10.702990580455252,10.5,0.20299058045525165,0.0,True,0.05,1500,7.112470833907951,0.28875291660920493
1589,32,dynamic_dijkstra,1,0,"[1, 0]",1,6.827323449495564,6.5,0.32732344949556413,0.0,True,0.05,1500,6.043585496154622,0.3956414503845379
1590,32,dynamic_dijkstra,10,3,"[10, 5, 4, 3]",3,17.328987434671266,14.25,3.078987434671266,0.0018190604291762336,True,0.05,1500,2.7138921194497936,0.7286107880550207
1591,32,dynamic_dijkstra,3,12,"[3, 8, 12]",2,17.1562100141024,16.5,0.656210014102399,0.0,True,0.05,1500,5.250315870793418,0.47496841292065817
1592,32,dynamic_dijkstra,10,4,"[10, 5, 4]",2,13.02612937080955,11.25,1.7761293708095494,2.0119181454170132e-07,True,0.05,1500,2.9969910746674957,0.7003008925332505
1593,32,dynamic_dijkstra,0,11,"[0, 3, 8, 12, 11]",4,25.089171792306388,23.75,1.339171792306388,0.0,True,0.05,1500,4.690193490848365,0.5309806509151634
1594,32,dynamic_dijkstra,4,10,"[4, 5, 10]",2,13.066844634744275,11.25,1.8168446347442746,6.244324810900093e-05,True,0.05,1500,2.946991074667496,0.7053008925332505
1595,32,dynamic_dijkstra,7,4,"[7, 8, 9, 4]",3,21.64219180248523,17.9,3.7421918024852303,0.05511367071193041,True,0.05,1500,1.425161855288973,0.8574838144711027
1596,32,dynamic_dijkstra,8,3,"[8, 3]",1,12.470814242356312,12.0,0.47081424235631175,0.0,True,0.05,1500,5.150315870793419,0.4849684129206581
1597,32,dynamic_dijkstra,13,12,"[13, 10, 11, 12]",3,7.654392968457836,5.5,2.1543929684578362,0.005048821248508473,True,0.05,1500,2.5233481813914054,0.7476651818608595
1598,32,dynamic_dijkstra,5,2,"[5, 2]",1,10.707967525472002,10.5,0.20796752547200192,0.0,True,0.05,1500,7.062470833907951,0.2937529166092049
1599,32,dynamic_dijkstra,1,5,"[1, 2, 5]",2,14.824314851688438,14.25,0.5743148516884382,0.0,True,0.05,1500,5.8051822061903176,0.41948177938096826
1600,33,dynamic_dijkstra,8,7,"[8, 7]",1,6.228849776965655,1.9,4.328849776965654,0.08576629218121912,True,0.05,1500,1.0354432692958806,0.896455673070412
1601,33,dynamic_dijkstra,10,9,"[10, 13, 9]",2,8.133004386026041,6.25,1.883004386026041,0.005907184134137267,True,0.05,1500,2.4844194669732236,0.7515580533026777
1602,33,dynamic_dijkstra,12,6,"[12, 11, 6]",2,13.679489254132566,13.25,0.4294892541325659,0.0,True,0.05,1500,5.832259672894171,0.4167740327105829
1603,33,dynamic_dijkstra,2,10,"[2, 5, 10]",2,18.64562062447542,18.0,0.6456206244754199,0.0,True,0.05,1500,4.72657878726717,0.5273421212732831
1604,33,dynamic_dijkstra,6,7,"[6, 11, 12, 7]",3,19.99244755390428,19.0,0.992447553904281,0.0,True,0.05,1500,4.751712279746659,0.5248287720253341
1605,33,dynamic_dijkstra,12,3,"[12, 8, 3]",2,17.295206363647996,16.5,0.7952063636479956,0.0,True,0.05,1500,5.077657046051935,0.4922342953948065
1606,33,dynamic_dijkstra,6,13,"[6, 11, 10, 13]",3,17.596246529724276,15.25,2.346246529724276,0.0071084742075300245,True,0.05,1500,2.4344194669732238,0.7565580533026777
1607,33,dynamic_dijkstra,8,12,"[8, 12]",1,4.8171230214752985,4.5,0.31712302147529847,0.0,True,0.05,1500,6.119029654766802,0.3880970345233198
1608,33,dynamic_dijkstra,5,6,"[5, 6]",1,6.723382638906329,6.0,0.7233826389063287,0.0,True,0.05,1500,4.087028735727249,0.591297126427275
1609,33,dynamic_dijkstra,12,6,"[12, 11, 6]",2,13.708744030005445,13.25,0.4587440300054446,0.0,True,0.05,1500,5.682259672894172,0.43177403271058284
1610,33,dynamic_dijkstra,1,4,"[1, 0, 3, 4]",3,16.631294522782497,15.0,1.6312945227824969,0.0,True,0.05,1500,3.3036544834989323,0.6696345516501068
1611,33,dynamic_dijkstra,3,13,"[3, 4, 9, 13]",3,20.185873528924148,18.5,1.685873528924148,0.0,True,0.05,1500,3.2536544834989325,0.6746345516501068
1612,33,dynamic_dijkstra,1,0,"[1, 0]",1,6.804535353067179,6.5,0.3045353530671786,0.0,True,0.05,1500,6.214767295107913,0.37852327048920864
1613,33,dynamic_dijkstra,10,12,"[10, 11, 12]",2,4.260839237285332,3.75,0.5108392372853316,0.0,True,0.05,1500,5.384118683982268,0.4615881316017732
1614,33,dynamic_dijkstra,1,2,"[1, 2]",1,3.9894368356329797,3.75,0.23943683563297968,0.0,True,0.05,1500,6.761902787436675,0.3238097212563325
1615,33,dynamic_dijkstra,11,9,"[11, 10, 13, 9]",3,10.670192808247922,8.25,2.420192808247922,0.008420875392033955,True,0.05,1500,2.384419466973224,0.7615580533026776
1616,33,dynamic_dijkstra,1,12,"[1, 7, 12]",2,25.587466811285893,20.75,4.837466811285893,0.08473117719939438,False,0.05,1500,1.0473343926896383,0.8952665607310362
1617,33,dynamic_dijkstra,1,9,"[1, 0, 3, 4, 9]",4,27.975283507100812,26.0,1.9752835071008121,0.0,True,0.05,1500,3.2036544834989327,0.6796345516501068
1618,33,dynamic_dijkstra,0,9,"[0, 3, 4, 9]",3,21.201940053136177,19.5,1.7019400531361768,0.0,True,0.05,1500,3.153654483498933,0.6846345516501067
1619,33,dynamic_dijkstra,8,3,"[8, 3]",1,12.494499018966767,12.0,0.49449901896676707,0.0,True,0.05,1500,5.027657046051935,0.49723429539480646
1620,33,dynamic_dijkstra,0,11,"[0, 3, 8, 12, 11]",4,25.004305421914793,23.75,1.2543054219147933,0.0,True,0.05,1500,4.977657046051935,0.5022342953948065
1621,33,dynamic_dijkstra,9,12,"[9, 8, 12]",2,10.09334008138957,9.5,0.5933400813895702,0.0,True,0.05,1500,6.019029654766802,0.3980970345233198
1622,33,dynamic_dijkstra,6,4,"[6, 5, 4]",2,14.275704500659835,9.75,4.525704500659835,0.07472363638512547,True,0.05,1500,1.166270565942007,0.8833729434057993
1623,33,dynamic_dijkstra,9,2,"[9, 13, 10, 5, 2]",4,26.946068434967618,24.25,2.696068434967618,0.009844387687649059,True,0.05,1500,2.334419466973224,0.7665580533026776
1624,33,dynamic_dijkstra,8,0,"[8, 3, 0]",2,18.3621735714921,17.5,0.8621735714921002,0.0,True,0.05,1500,4.9276570460519356,0.5072342953948065
1625,33,dynamic_dijkstra,5,8,"[5, 10, 11, 12, 8]",4,17.20364156861057,15.75,1.4536415686105713,0.0,True,0.05,1500,4.62657878726717,0.537342121273283
1626,33,dynamic_dijkstra,10,8,"[10, 11, 12, 8]",3,9.142534686543826,8.25,0.8925346865438257,0.0,True,0.05,1500,5.234118683982269,0.47658813160177316
1627,33,dynamic_dijkstra,6,12,"[6, 11, 12]",2,13.733805990805019,13.25,0.48380599080501874,0.0,True,0.05,1500,5.632259672894172,0.4367740327105828
1628,33,dynamic_dijkstra,0,2,"[0, 2]",1,9.616139684478117,9.5,0.11613968447811729,0.0,True,0.05,1500,8.115042945553988,0.1884957054446012
1629,33,dynamic_dijkstra,4,7,"[4, 9, 8, 7]",3,23.031652867792573,17.9,5.131652867792575,0.09018752936056162,True,0.05,1500,0.9854432692958799,0.901455673070412
1630,33,dynamic_dijkstra,8,10,"[8, 12, 11, 10]",3,9.166050721319552,8.25,0.9160507213195519,0.0,True,0.05,1500,5.184118683982269,0.4815881316017731
1631,33,dynamic_dijkstra,6,0,"[6, 5, 4, 3, 0]",4,24.449007960065458,18.25,6.199007960065458,0.07885414623858777,True,0.05,1500,1.1162705659420062,0.8883729434057994
1632,33,dynamic_dijkstra,11,8,"[11, 12, 8]",2,6.7125041695557135,6.25,0.4625041695557135,0.0,True,0.05,1500,5.819029654766803,0.4180970345233197
1633,33,dynamic_dijkstra,7,4,"[7, 8, 9, 4]",3,23.315084717401195,17.9,5.4150847174011965,0.0947198776510153,True,0.05,1500,0.9354432692958792,0.9064556730704121
1634,33,dynamic_dijkstra,10,8,"[10, 11, 12, 8]",3,9.197489485975359,8.25,0.9474894859753586,0.0,True,0.05,1500,5.134118683982269,0.4865881316017731
1635,33,dynamic_dijkstra,8,3,"[8, 3]",1,12.525082319809075,12.0,0.5250823198090746,0.0,True,0.05,1500,4.877657046051936,0.5122342953948065
1636,33,dynamic_dijkstra,10,8,"[10, 11, 12, 8]",3,9.218350389019298,8.25,0.9683503890192977,0.0,True,0.05,1500,5.084118683982269,0.49158813160177306
1637,33,dynamic_dijkstra,6,0,"[6, 5, 4, 3, 0]",4,24.70872207998376,18.25,6.458722079983762,0.08309576720316114,True,0.05,1500,1.0662705659420055,0.8933729434057994
1638,33,dynamic_dijkstra,1,10,"[1, 2, 5, 10]",3,22.68222915620234,21.75,0.9322291562023395,0.0,True,0.05,1500,4.57657878726717,0.542342121273283
1639,33,dynamic_dijkstra,3,11,"[3, 8, 12, 11]",3,19.282057321883418,18.25,1.0320573218834177,0.0,True,0.05,1500,4.827657046051936,0.5172342953948064
1640,33,dynamic_dijkstra,12,13,"[12, 11, 10, 13]",3,7.800133349918534,5.5,2.300133349918534,0.011379011094375224,True,0.05,1500,2.2844194669732243,0.7715580533026776
1641,33,dynamic_dijkstra,4,8,"[4, 9, 8]",2,16.582449841359427,16.0,0.582449841359427,0.0,True,0.05,1500,6.2347931441494655,0.3765206855850534
1642,33,dynamic_dijkstra,8,5,"[8, 12, 11, 10, 5]",4,17.36962279625113,15.75,1.6196227962511287,0.0,True,0.05,1500,4.52657878726717,0.547342121273283
1643,33,dynamic_dijkstra,2,0,"[2, 0]",1,9.619959500991417,9.5,0.11995950099141695,0.0,True,0.05,1500,8.065042945553987,0.1934957054446012
1644,33,dynamic_dijkstra,13,11,"[13, 10, 11]",2,6.001069899507249,3.75,2.2510698995072493,0.013024745612212452,True,0.05,1500,2.2344194669732245,0.7765580533026776
1645,33,dynamic_dijkstra,7,13,"[7, 12, 11, 10, 13]",4,14.263446162613054,11.25,3.0134461626130538,0.014781591241160852,True,0.05,1500,2.1844194669732246,0.7815580533026776
1646,33,dynamic_dijkstra,3,4,"[3, 4]",1,4.164638868241443,3.0,1.1646388682414432,0.0,True,0.05,1500,3.0036544834989334,0.6996345516501067
1647,33,dynamic_dijkstra,5,11,"[5, 10, 11]",2,10.651239079628064,9.5,1.1512390796280645,0.0,True,0.05,1500,4.4765787872671705,0.552342121273283
1648,33,dynamic_dijkstra,10,0,"[10, 5, 4, 3, 0]",4,26.361910313176544,19.75,6.611910313176544,0.08749205651584069,True,0.05,1500,1.0162705659420048,0.8983729434057995
1649,33,dynamic_dijkstra,3,6,"[3, 4, 5, 6]",3,19.43283164067993,12.75,6.682831640679929,0.09209965993321234,True,0.05,1500,0.9662705659420041,0.9033729434057995
1650,34,dynamic_dijkstra,4,0,"[4, 3, 0]",2,9.848882589529577,8.5,1.3488825895295768,0.0,True,0.05,1500,3.0925899593024386,0.6907410040697561
1651,34,dynamic_dijkstra,5,1,"[5, 2, 1]",2,14.383607614315283,14.25,0.13360761431528267,0.0,True,0.05,1500,7.891319307144565,0.2108680692855435
1652,34,dynamic_dijkstra,2,5,"[2, 5]",1,10.50251256281407,10.5,0.002512562814070307,0.0,True,0.05,1500,9.95,0.005
1653,34,dynamic_dijkstra,12,5,"[12, 11, 10, 5]",3,14.531672897146786,11.25,3.2816728971467857,0.045799390563115994,True,0.05,1500,1.5643912178660173,0.8435608782133983
1654,34,dynamic_dijkstra,12,3,"[12, 8, 3]",2,17.42523925776037,16.5,0.9252392577603707,0.0,True,0.05,1500,5.03129106021425,0.496870893978575
1655,34,dynamic_dijkstra,3,1,"[3, 0, 1]",2,12.65106047159783,12.0,0.6510604715978303,0.0,True,0.05,1500,5.473176492015874,0.4526823507984126
1656,34,dynamic_dijkstra,0,11,"[0, 3, 8, 12, 11]",4,24.982995531308955,23.75,1.232995531308955,0.0,True,0.05,1500,4.98129106021425,0.501870893978575
1657,34,dynamic_dijkstra,4,11,"[4, 5, 10, 11]",3,20.152846345623523,13.25,6.902846345623523,0.11485774247409808,True,0.05,1500,1.2352601563698933,0.8764739843630107
1658,34,dynamic_dijkstra,10,11,"[10, 11]",1,2.564675176289715,2.0,0.5646751762897151,0.0,True,0.05,1500,4.696268036815221,0.5303731963184779
1659,34,dynamic_dijkstra,1,12,"[1, 7, 12]",2,23.4105467265783,20.75,2.6605467265783,0.008994979055312768,True,0.05,1500,2.3637814388992764,0.7636218561100724
1660,34,dynamic_dijkstra,13,11,"[13, 10, 11]",2,4.961476670082458,3.75,1.2114766700824582,0.0,True,0.05,1500,4.403950886097649,0.5596049113902352
1661,34,dynamic_dijkstra,2,5,"[2, 5]",1,10.505050505050505,10.5,0.005050505050505194,0.0,True,0.05,1500,9.9,0.01
1662,34,dynamic_dijkstra,12,13,"[12, 11, 10, 13]",3,6.785248738263997,5.5,1.2852487382639968,0.0,True,0.05,1500,4.353950886097649,0.5646049113902352
1663,34,dynamic_dijkstra,11,9,"[11, 10, 13, 9]",3,9.780451186156206,8.25,1.5304511861562062,0.0,True,0.05,1500,4.303950886097649,0.5696049113902351
1664,34,dynamic_dijkstra,12,7,"[12, 7]",1,6.81954600928955,5.75,1.0695460092895503,0.0,True,0.05,1500,3.185634553180911,0.6814365446819088
1665,34,dynamic_dijkstra,2,10,"[2, 5, 10]",2,20.922002348689695,18.0,2.922002348689695,0.052402096261489284,True,0.05,1500,1.464391217866016,0.8535608782133984
1666,34,dynamic_dijkstra,6,8,"[6, 11, 12, 8]",3,18.58873415580443,17.75,0.8387341558044312,0.0,True,0.05,1500,5.267925400276315,0.47320745997236846
1667,34,dynamic_dijkstra,0,8,"[0, 3, 8]",2,18.262488859482694,17.5,0.7624888594826942,0.0,True,0.05,1500,4.93129106021425,0.506870893978575
1668,34,dynamic_dijkstra,13,10,"[13, 10]",1,2.4253779330975624,1.75,0.6753779330975624,0.0,True,0.05,1500,4.253950886097649,0.5746049113902351
1669,34,dynamic_dijkstra,13,10,"[13, 10]",1,2.4393573772554915,1.75,0.6893573772554915,0.0,True,0.05,1500,4.203950886097649,0.5796049113902351
1670,34,dynamic_dijkstra,10,0,"[10, 11, 12, 8, 3, 0]",5,27.653911917423603,25.75,1.9039119174236028,0.0,True,0.05,1500,4.496268036815222,0.5503731963184778
1671,34,dynamic_dijkstra,12,9,"[12, 8, 9]",2,10.467428662319662,9.5,0.9674286623196622,0.0,True,0.05,1500,5.000387848222534,0.4999612151777466
1672,34,dynamic_dijkstra,0,7,"[0, 1, 7]",2,23.582933582433743,21.5,2.0829335824337427,0.01046435363553666,True,0.05,1500,2.3137814388992766,0.7686218561100724
1673,34,dynamic_dijkstra,12,8,"[12, 8]",1,4.976958358894808,4.5,0.47695835889480787,0.0,True,0.05,1500,5.117925400276316,0.4882074599723684
1674,34,dynamic_dijkstra,8,5,"[8, 12, 11, 10, 5]",4,19.954447174372834,15.75,4.204447174372834,0.05587011577734258,True,0.05,1500,1.4143912178660152,0.8585608782133984
1675,34,dynamic_dijkstra,3,1,"[3, 0, 1]",2,12.690480893833557,12.0,0.6904808938335574,0.0,True,0.05,1500,5.373176492015874,0.4626823507984126
1676,34,dynamic_dijkstra,3,9,"[3, 4, 9]",2,15.457260193370832,14.0,1.457260193370832,0.0,True,0.05,1500,3.042589959302439,0.6957410040697561
1677,34,dynamic_dijkstra,5,10,"[5, 10]",1,10.66463807046507,7.5,3.1646380704650703,0.059449246404307154,True,0.05,1500,1.3643912178660145,0.8635608782133986
1678,34,dynamic_dijkstra,0,3,"[0, 3]",1,5.765751838572456,5.5,0.26575183857245577,0.0,True,0.05,1500,6.529530519079387,0.3470469480920613
1679,34,dynamic_dijkstra,13,7,"[13, 10, 11, 12, 7]",4,13.746930584245709,11.25,2.4969305842457086,0.0,True,0.05,1500,3.1356345531809113,0.6864365446819088
1680,34,dynamic_dijkstra,2,4,"[2, 5, 4]",2,17.97868723330928,14.25,3.72868723330928,0.07318401555685838,True,0.05,1500,1.1852601563698926,0.8814739843630107
1681,34,dynamic_dijkstra,11,7,"[11, 12, 7]",2,8.684936594269779,7.5,1.1849365942697787,0.0,True,0.05,1500,3.0856345531809115,0.6914365446819088
1682,34,dynamic_dijkstra,8,10,"[8, 12, 11, 10]",3,9.464569302787627,8.25,1.214569302787627,0.0,True,0.05,1500,4.346268036815222,0.5653731963184778
1683,34,dynamic_dijkstra,6,11,"[6, 11]",1,11.844609478001482,11.5,0.3446094780014821,0.0,True,0.05,1500,5.919895679872098,0.40801043201279025
1684,34,dynamic_dijkstra,13,12,"[13, 10, 11, 12]",3,6.9531098186576195,5.5,1.4531098186576195,0.0,True,0.05,1500,4.10395088609765,0.5896049113902351
1685,34,dynamic_dijkstra,11,13,"[11, 10, 13]",2,5.160869285690821,3.75,1.4108692856908212,0.0,True,0.05,1500,4.05395088609765,0.594604911390235
1686,34,dynamic_dijkstra,3,8,"[3, 8]",1,12.534920052980262,12.0,0.5349200529802616,0.0,True,0.05,1500,4.831291060214251,0.5168708939785749
1687,34,dynamic_dijkstra,8,13,"[8, 9, 13]",2,10.284904860528304,9.5,0.7849048605283038,0.0,True,0.05,1500,4.950387848222534,0.5049612151777466
1688,34,dynamic_dijkstra,6,9,"[6, 11, 10, 13, 9]",4,21.823039720768257,19.75,2.073039720768257,0.0,True,0.05,1500,4.00395088609765,0.599604911390235
1689,34,dynamic_dijkstra,0,13,"[0, 3, 4, 9, 13]",4,26.050137780630465,24.0,2.0501377806304646,1.2201934030953154e-06,True,0.05,1500,2.992589959302439,0.7007410040697561
1690,34,dynamic_dijkstra,8,11,"[8, 12, 11]",2,6.830706028578391,6.25,0.5807060285783914,0.0,True,0.05,1500,4.967925400276316,0.5032074599723684
1691,34,dynamic_dijkstra,2,10,"[2, 5, 10]",2,21.31686297144084,18.0,3.316862971440841,0.06313948814238268,True,0.05,1500,1.3143912178660138,0.8685608782133987
1692,34,dynamic_dijkstra,4,0,"[4, 3, 0]",2,9.976845152948083,8.5,1.4768451529480835,7.324250606433047e-05,True,0.05,1500,2.942589959302439,0.705741004069756
1693,34,dynamic_dijkstra,6,4,"[6, 5, 4]",2,14.640761225764088,9.75,4.890761225764088,0.07727232632048098,True,0.05,1500,1.1352601563698919,0.8864739843630108
1694,34,dynamic_dijkstra,0,6,"[0, 3, 4, 5, 6]",4,24.878415855607372,18.25,6.628415855607372,0.08170723672985225,True,0.05,1500,1.0852601563698911,0.8914739843630108
1695,34,dynamic_dijkstra,11,4,"[11, 10, 13, 9, 4]",4,21.341178746390444,19.25,2.091178746390444,0.0,True,0.05,1500,3.95395088609765,0.604604911390235
1696,34,dynamic_dijkstra,1,7,"[1, 7]",1,16.70869378734334,15.0,1.7086937873433392,0.012044839326871504,True,0.05,1500,2.2637814388992767,0.7736218561100723
1697,34,dynamic_dijkstra,4,0,"[4, 3, 0]",2,10.048907288199779,8.5,1.5489072881997785,0.0005506204647202084,True,0.05,1500,2.8425899593024395,0.715741004069756
1698,34,dynamic_dijkstra,5,2,"[5, 2]",1,10.515463917525773,10.5,0.015463917525773141,0.0,True,0.05,1500,9.7,0.03
1699,34,dynamic_dijkstra,13,4,"[13, 9, 4]",2,16.133963959833736,15.5,0.6339639598337357,0.0,True,0.05,1500,5.9930841587260435,0.40069158412739564
1700,35,dynamic_dijkstra,13,7,"[13, 10, 11, 12, 7]",4,13.641638977615191,11.25,2.391638977615191,0.0,True,0.05,1500,3.1992760916546565,0.6800723908345343
1701,35,dynamic_dijkstra,6,1,"[6, 5, 2, 1]",3,21.30939373112203,20.25,1.0593937311220287,0.0,True,0.05,1500,4.5100895567224315,0.5489910443277568
1702,35,dynamic_dijkstra,13,9,"[13, 9]",1,4.764449822678251,4.5,0.2644498226782508,0.0,True,0.05,1500,6.540651657792912,0.3459348342207088
1703,35,dynamic_dijkstra,3,7,"[3, 8, 7]",2,16.389558526101347,13.9,2.489558526101346,0.019143378385231502,True,0.05,1500,2.0718555999547172,0.7928144400045283
1704,35,dynamic_dijkstra,0,12,"[0, 3, 8, 12]",3,23.447663423619154,22.0,1.4476634236191543,0.0,True,0.05,1500,4.460150936432595,0.5539849063567405
1705,35,dynamic_dijkstra,13,3,"[13, 9, 4, 3]",3,19.969986029322225,18.5,1.469986029322225,0.0,True,0.05,1500,3.7220991891829565,0.6277900810817043
1706,35,dynamic_dijkstra,11,0,"[11, 12, 8, 3, 0]",4,25.330591181401086,23.75,1.5805911814010862,0.0,True,0.05,1500,4.410150936432595,0.5589849063567405
1707,35,dynamic_dijkstra,8,13,"[8, 9, 13]",2,10.153873574301969,9.5,0.6538735743019686,0.0,True,0.05,1500,5.6976510879569355,0.43023489120430647
1708,35,dynamic_dijkstra,10,1,"[10, 5, 2, 1]",3,23.2912609212959,21.75,1.5412609212959012,0.0,True,0.05,1500,3.1656498048571846,0.6834350195142815
1709,35,dynamic_dijkstra,6,9,"[6, 11, 10, 13, 9]",4,21.66270860654345,19.75,1.9127086065434504,0.0,True,0.05,1500,3.1492760916546567,0.6850723908345343
1710,35,dynamic_dijkstra,5,4,"[5, 4]",1,6.159814619600762,3.75,2.4098146196007617,0.03650438119619326,True,0.05,1500,1.7183225234760897,0.828167747652391
1711,35,dynamic_dijkstra,10,0,"[10, 5, 4, 3, 0]",4,24.463171614781828,19.75,4.713171614781828,0.03940810892180202,True,0.05,1500,1.668322523476089,0.8331677476523911
1712,35,dynamic_dijkstra,9,5,"[9, 13, 10, 5]",3,16.282818027915074,13.75,2.5328180279150736,0.0,True,0.05,1500,3.065649804857185,0.6934350195142815
1713,35,dynamic_dijkstra,5,12,"[5, 10, 11, 12]",3,12.763234890331809,11.25,1.513234890331809,0.0,True,0.05,1500,3.015649804857185,0.6984350195142814
1714,35,dynamic_dijkstra,8,7,"[8, 7]",1,3.872975814945431,1.9,1.972975814945431,0.021261477051998767,True,0.05,1500,2.0218555999547174,0.7978144400045283
1715,35,dynamic_dijkstra,9,6,"[9, 13, 10, 11, 6]",4,21.744869898515077,19.75,1.994869898515077,0.0,True,0.05,1500,3.049276091654657,0.6950723908345343
1716,35,dynamic_dijkstra,7,4,"[7, 8, 3, 4]",3,20.42827025165274,16.9,3.528270251652742,0.023490686829877205,True,0.05,1500,1.9718555999547167,0.8028144400045283
1717,35,dynamic_dijkstra,8,3,"[8, 3]",1,12.624681027460205,12.0,0.6246810274602055,0.0,True,0.05,1500,4.44570494026309,0.555429505973691
1718,35,dynamic_dijkstra,10,12,"[10, 11, 12]",2,4.120301968319163,3.75,0.37030196831916307,0.0,True,0.05,1500,6.577279174800396,0.3422720825199604
1719,35,dynamic_dijkstra,1,13,"[1, 2, 5, 10, 13]",4,26.32606004549923,23.5,2.8260600454992293,2.62324430201355e-05,True,0.05,1500,2.9656498048571853,0.7034350195142814
1720,35,dynamic_dijkstra,0,4,"[0, 3, 4]",2,9.6551290950717,8.5,1.1551290950717004,0.0,True,0.05,1500,3.572099189182957,0.6427900810817043
1721,35,dynamic_dijkstra,4,10,"[4, 5, 10]",2,15.054502578149753,11.25,3.8045025781497532,0.04257435038160018,True,0.05,1500,1.6183225234760883,0.8381677476523912
1722,35,dynamic_dijkstra,2,9,"[2, 5, 10, 13, 9]",4,27.080655539322,24.25,2.8306555393219988,0.0004582635064317442,True,0.05,1500,2.8656498048571857,0.7134350195142815
1723,35,dynamic_dijkstra,8,0,"[8, 3, 0]",2,18.39861551107518,17.5,0.8986155110751817,0.0,True,0.05,1500,4.39570494026309,0.560429505973691
1724,35,dynamic_dijkstra,4,11,"[4, 5, 10, 11]",3,17.479924716414807,13.25,4.229924716414807,0.04626972027109677,True,0.05,1500,1.5683225234760876,0.8431677476523912
1725,35,dynamic_dijkstra,13,2,"[13, 10, 5, 2]",3,22.375276313951925,19.75,2.6252763139519253,0.0014456208420154937,True,0.05,1500,2.765649804857186,0.7234350195142814
1726,35,dynamic_dijkstra,1,5,"[1, 2, 5]",2,14.741442264848708,14.25,0.49144226484870757,0.0,True,0.05,1500,5.586014749503303,0.44139852504966975
1727,35,dynamic_dijkstra,9,8,"[9, 8]",1,5.385323813764277,5.0,0.38532381376427693,0.0,True,0.05,1500,5.647651087956936,0.4352348912043064
1728,35,dynamic_dijkstra,10,9,"[10, 13, 9]",2,7.812501111830459,6.25,1.5625011118304588,0.000504837701042149,True,0.05,1500,2.849276091654658,0.7150723908345342
1729,35,dynamic_dijkstra,11,1,"[11, 12, 7, 1]",3,24.52509607799195,22.5,2.0250960779919502,0.0,True,0.05,1500,3.3014685658180722,0.6698531434181928
1730,35,dynamic_dijkstra,12,9,"[12, 8, 9]",2,10.539981099814822,9.5,1.0399810998148222,0.0,True,0.05,1500,4.360150936432595,0.5639849063567405
1731,35,dynamic_dijkstra,5,1,"[5, 2, 1]",2,14.753104198280028,14.25,0.5031041982800275,0.0,True,0.05,1500,5.536014749503303,0.4463985250496697
1732,35,dynamic_dijkstra,12,13,"[12, 11, 10, 13]",3,7.175750975521467,5.5,1.675750975521467,0.00089533527514285,True,0.05,1500,2.799276091654658,0.7200723908345342
1733,35,dynamic_dijkstra,6,12,"[6, 11, 12]",2,13.683879899033492,13.25,0.4338798990334922,0.0,True,0.05,1500,6.154637822520218,0.38453621774797814
1734,35,dynamic_dijkstra,10,9,"[10, 13, 9]",2,7.882906390342582,6.25,1.6329063903425816,0.001396943960354724,True,0.05,1500,2.749276091654658,0.7250723908345342
1735,35,dynamic_dijkstra,5,9,"[5, 10, 13, 9]",3,16.764458672245652,13.75,3.0144586722456523,0.0038028313577317396,True,0.05,1500,2.6992760916546583,0.7300723908345341
1736,35,dynamic_dijkstra,0,6,"[0, 3, 4, 5, 6]",4,22.850748965408116,18.25,4.6007489654081155,0.0487859587652949,True,0.05,1500,1.5183225234760869,0.8481677476523913
1737,35,dynamic_dijkstra,1,6,"[1, 2, 5, 6]",3,21.398720502980197,20.25,1.148720502980197,0.0,True,0.05,1500,4.410089556722432,0.5589910443277568
1738,35,dynamic_dijkstra,10,3,"[10, 5, 4, 3]",3,19.47101268855423,14.25,5.221012688554229,0.05448884150717215,True,0.05,1500,1.4683225234760862,0.8531677476523913
1739,35,dynamic_dijkstra,0,8,"[0, 3, 8]",2,18.423468684616758,17.5,0.9234686846167577,0.0,True,0.05,1500,4.34570494026309,0.565429505973691
1740,35,dynamic_dijkstra,3,12,"[3, 8, 12]",2,17.824005496058614,16.5,1.3240054960586143,0.0,True,0.05,1500,4.29570494026309,0.570429505973691
1741,35,dynamic_dijkstra,7,10,"[7, 12, 11, 10]",3,10.94107182315541,9.5,1.4410718231554096,0.0,True,0.05,1500,3.2514685658180724,0.6748531434181928
1742,35,dynamic_dijkstra,10,4,"[10, 5, 4]",2,15.686862143200447,11.25,4.436862143200447,0.05869369269118596,False,0.05,1500,1.4183225234760855,0.8581677476523915
1743,35,dynamic_dijkstra,1,3,"[1, 0, 3]",2,12.686102326157389,12.0,0.6861023261573891,0.0,True,0.05,1500,5.5116183507794645,0.44883816492205353
1744,35,dynamic_dijkstra,2,3,"[2, 0, 3]",2,15.525113465788198,15.0,0.5251134657881984,0.0,True,0.05,1500,6.36908052690241,0.363091947309759
1745,35,dynamic_dijkstra,11,7,"[11, 12, 7]",2,8.691089749884313,7.5,1.1910897498843127,0.0,True,0.05,1500,3.2014685658180726,0.6798531434181927
1746,35,dynamic_dijkstra,12,11,"[12, 11]",1,1.883291840785219,1.75,0.13329184078521905,0.0,True,0.05,1500,7.895254096121775,0.21047459038782254
1747,35,dynamic_dijkstra,11,12,"[11, 12]",1,1.8873279869254587,1.75,0.13732798692545867,0.0,True,0.05,1500,7.845254096121774,0.21547459038782252
1748,35,dynamic_dijkstra,4,3,"[4, 3]",1,3.9610914890499633,3.0,0.9610914890499633,0.0,True,0.05,1500,3.4220991891829575,0.6577900810817042
1749,35,dynamic_dijkstra,12,13,"[12, 11, 10, 13]",3,7.312757344111851,5.5,1.8127573441118514,0.0027334946641117686,True,0.05,1500,2.6492760916546585,0.7350723908345341
1750,36,dynamic_dijkstra,1,5,"[1, 2, 5]",2,14.693874367546861,14.25,0.4438743675468615,0.0,True,0.05,1500,6.028339335360011,0.397166066463999
1751,36,dynamic_dijkstra,4,7,"[4, 9, 8, 7]",3,20.904191038692446,17.9,3.004191038692447,0.031205761358710782,True,0.05,1500,1.8149855439101241,0.8185014456089876
1752,36,dynamic_dijkstra,0,4,"[0, 3, 4]",2,9.28765898445016,8.5,0.7876589844501591,0.0,True,0.05,1500,4.60533332103709,0.5394666678962909
1753,36,dynamic_dijkstra,13,3,"[13, 10, 5, 4, 3]",4,19.507130759803132,16.0,3.5071307598031325,0.011871265146732424,True,0.05,1500,2.269105389537615,0.7730894610462384
1754,36,dynamic_dijkstra,7,6,"[7, 12, 11, 6]",3,20.296253766034667,19.0,1.296253766034667,0.0,True,0.05,1500,3.3158521015816707,0.6684147898418329
1755,36,dynamic_dijkstra,11,7,"[11, 12, 7]",2,8.657913557058926,7.5,1.1579135570589258,0.0,True,0.05,1500,3.265852101581671,0.6734147898418329
1756,36,dynamic_dijkstra,7,9,"[7, 8, 9]",2,9.597727775089622,6.9,2.6977277750896214,0.03389468237224391,True,0.05,1500,1.7649855439101234,0.8235014456089876
1757,36,dynamic_dijkstra,3,5,"[3, 4, 5]",2,9.112956026147758,6.75,2.3629560261477582,0.013551030947760001,True,0.05,1500,2.2191053895376154,0.7780894610462384
1758,36,dynamic_dijkstra,2,7,"[2, 1, 7]",2,19.552839399326665,18.75,0.8028393993266647,0.0,True,0.05,1500,5.173376717733836,0.48266232822661637
1759,36,dynamic_dijkstra,5,10,"[5, 10]",1,8.09505797069541,7.5,0.5950579706954109,0.0,True,0.05,1500,4.565968317480738,0.5434031682519261
1760,36,dynamic_dijkstra,9,10,"[9, 13, 10]",2,7.097578976809122,6.25,0.847578976809122,0.0,True,0.05,1500,4.403119845591909,0.5596880154408092
1761,36,dynamic_dijkstra,9,13,"[9, 13]",1,4.717126603310285,4.5,0.21712660331028477,0.0,True,0.05,1500,6.972269578230403,0.30277304217695966
1762,36,dynamic_dijkstra,12,3,"[12, 8, 3]",2,21.17970726673977,16.5,4.679707266739769,0.08294293269969244,True,0.05,1500,1.0680496974595428,0.8931950302540457
1763,36,dynamic_dijkstra,3,11,"[3, 4, 5, 10, 11]",4,19.58571744801975,16.25,3.33571744801975,0.01534190785989864,True,0.05,1500,2.1691053895376156,0.7830894610462384
1764,36,dynamic_dijkstra,4,10,"[4, 5, 10]",2,13.729064263908302,11.25,2.4790642639083025,0.01724389588314834,True,0.05,1500,2.1191053895376157,0.7880894610462384
1765,36,dynamic_dijkstra,10,0,"[10, 5, 4, 3, 0]",4,23.140669265135596,19.75,3.390669265135596,0.019256995017509215,True,0.05,1500,2.069105389537616,0.7930894610462385
1766,36,dynamic_dijkstra,11,2,"[11, 10, 5, 2]",3,21.071136582973224,20.0,1.0711365829732244,0.0,True,0.05,1500,4.365968317480739,0.563403168251926
1767,36,dynamic_dijkstra,2,12,"[2, 5, 10, 11, 12]",4,22.975700892982964,21.75,1.2257008929829638,0.0,True,0.05,1500,4.315968317480739,0.568403168251926
1768,36,dynamic_dijkstra,11,3,"[11, 10, 5, 4, 3]",4,19.86734703382797,16.25,3.6173470338279685,0.02138120526298115,True,0.05,1500,2.019105389537616,0.7980894610462383
1769,36,dynamic_dijkstra,0,9,"[0, 3, 4, 9]",3,20.773253820073123,19.5,1.2732538200731227,0.0,True,0.05,1500,4.305333321037091,0.5694666678962909
1770,36,dynamic_dijkstra,12,11,"[12, 11]",1,1.8848799212840395,1.75,0.13487992128403947,0.0,True,0.05,1500,7.875505008707066,0.2124494991292934
1771,36,dynamic_dijkstra,5,13,"[5, 10, 13]",2,10.584568670210452,9.25,1.3345686702104516,0.0,True,0.05,1500,4.21596831748074,0.5784031682519261
1772,36,dynamic_dijkstra,6,1,"[6, 5, 2, 1]",3,21.08316852448526,20.25,0.8331685244852594,0.0,True,0.05,1500,5.7886184060350105,0.42113815939649896
1773,36,dynamic_dijkstra,2,4,"[2, 5, 4]",2,16.419165637329733,14.25,2.1691656373297334,0.02361652661956426,True,0.05,1500,1.9691053895376154,0.8030894610462385
1774,36,dynamic_dijkstra,8,5,"[8, 12, 11, 10, 5]",4,17.425193830806858,15.75,1.6751938308068581,0.0,True,0.05,1500,4.16596831748074,0.5834031682519261
1775,36,dynamic_dijkstra,7,5,"[7, 12, 11, 10, 5]",4,19.247245206343266,17.0,2.2472452063432655,0.0,True,0.05,1500,3.215852101581671,0.6784147898418329
1776,36,dynamic_dijkstra,2,6,"[2, 5, 6]",2,17.005224740418058,16.5,0.5052247404180576,0.0,True,0.05,1500,5.738618406035011,0.4261381593964989
1777,36,dynamic_dijkstra,10,5,"[10, 5]",1,8.229719370538033,7.5,0.7297193705380334,0.0,True,0.05,1500,4.06596831748074,0.593403168251926
1778,36,dynamic_dijkstra,7,0,"[7, 1, 0]",2,22.498117268651466,21.5,0.9981172686514661,0.0,True,0.05,1500,4.891418329757476,0.5108581670242524
1779,36,dynamic_dijkstra,5,7,"[5, 10, 11, 12, 7]",4,19.313236119369762,17.0,2.313236119369762,0.0,True,0.05,1500,3.165852101581671,0.6834147898418329
1780,36,dynamic_dijkstra,3,8,"[3, 8]",1,16.411351589688678,12.0,4.411351589688678,0.08729171114978251,True,0.05,1500,1.018049697459542,0.8981950302540458
1781,36,dynamic_dijkstra,3,5,"[3, 4, 5]",2,9.530376712140614,6.75,2.7803767121406135,0.02596295908725854,True,0.05,1500,1.9191053895376147,0.8080894610462386
1782,36,dynamic_dijkstra,13,6,"[13, 10, 11, 6]",3,16.43052562511389,15.25,1.1805256251138907,0.0,True,0.05,1500,4.303119845591909,0.569688015440809
1783,36,dynamic_dijkstra,7,3,"[7, 8, 3]",2,20.98050055224845,13.9,7.08050055224845,0.1250795164151497,True,0.05,1500,0.9680496974595414,0.9031950302540459
1784,36,dynamic_dijkstra,1,6,"[1, 2, 5, 6]",3,21.117507660633528,20.25,0.8675076606335281,0.0,True,0.05,1500,5.688618406035011,0.4311381593964989
1785,36,dynamic_dijkstra,10,9,"[10, 13, 9]",2,7.147914051720862,6.25,0.8979140517208624,0.0,True,0.05,1500,4.253119845591909,0.574688015440809
1786,36,dynamic_dijkstra,0,4,"[0, 3, 4]",2,9.4060281213073,8.5,0.9060281213072994,0.0,True,0.05,1500,4.205333321037092,0.5794666678962909
1787,36,dynamic_dijkstra,10,8,"[10, 11, 12, 8]",3,9.276093077752908,8.25,1.0260930777529076,0.0,True,0.05,1500,4.908629023370322,0.5091370976629678
1788,36,dynamic_dijkstra,2,3,"[2, 0, 3]",2,15.356184574494451,15.0,0.35618457449445096,0.0,True,0.05,1500,6.92290040601917,0.30770995939808304
1789,36,dynamic_dijkstra,9,7,"[9, 8, 7]",2,9.775417250484946,6.9,2.8754172504849453,0.03960585773264336,True,0.05,1500,1.664985543910122,0.8335014456089878
1790,36,dynamic_dijkstra,13,10,"[13, 10]",1,2.439592536897046,1.75,0.6895925368970461,0.0,True,0.05,1500,4.203119845591909,0.5796880154408091
1791,36,dynamic_dijkstra,3,10,"[3, 4, 5, 10]",3,17.889075615532484,14.25,3.6390756155324837,0.028420502666063774,True,0.05,1500,1.869105389537614,0.8130894610462386
1792,36,dynamic_dijkstra,3,2,"[3, 0, 2]",2,15.365483327251766,15.0,0.36548332725176635,0.0,True,0.05,1500,6.87290040601917,0.312709959398083
1793,36,dynamic_dijkstra,6,2,"[6, 5, 2]",2,17.02881760934774,16.5,0.5288176093477404,0.0,True,0.05,1500,5.638618406035011,0.4361381593964989
1794,36,dynamic_dijkstra,13,5,"[13, 10, 5]",2,10.730737615240923,9.25,1.4807376152409226,0.0,True,0.05,1500,3.9159683174807407,0.608403168251926
1795,36,dynamic_dijkstra,11,3,"[11, 10, 5, 4, 3]",4,20.373316120846013,16.25,4.123316120846013,0.03098915735598029,True,0.05,1500,1.8191053895376132,0.8180894610462387
1796,36,dynamic_dijkstra,12,6,"[12, 11, 6]",2,13.579998993295623,13.25,0.3299989932956233,0.0,True,0.05,1500,7.415045283745201,0.2584954716254799
1797,36,dynamic_dijkstra,2,11,"[2, 5, 10, 11]",3,21.32747595854119,20.0,1.3274759585411893,0.0,True,0.05,1500,3.815968317480741,0.6184031682519259
1798,36,dynamic_dijkstra,7,0,"[7, 1, 0]",2,22.518292116512743,21.5,1.0182921165127432,0.0,True,0.05,1500,4.841418329757476,0.5158581670242524
1799,36,dynamic_dijkstra,5,13,"[5, 10, 13]",2,10.796264710994446,9.25,1.5462647109944463,0.0,True,0.05,1500,3.7659683174807412,0.6234031682519259
1800,37,dynamic_dijkstra,11,9,"[11, 10, 13, 9]",3,9.260569691404951,8.25,1.0105696914049513,0.0,True,0.05,1500,4.429420045841306,0.5570579954158694
1801,37,dynamic_dijkstra,0,6,"[0, 3, 4, 5, 6]",4,20.915187825283848,18.25,2.665187825283848,0.0,True,0.05,1500,3.3293885751973287,0.6670611424802672
1802,37,dynamic_dijkstra,9,11,"[9, 13, 10, 11]",3,9.283128792019996,8.25,1.0331287920199959,0.0,True,0.05,1500,4.379420045841306,0.5620579954158693
1803,37,dynamic_dijkstra,0,9,"[0, 3, 4, 9]",3,20.66920069855296,19.5,1.1692006985529595,0.0,True,0.05,1500,4.725963240358566,0.5274036759641434
1804,37,dynamic_dijkstra,12,6,"[12, 11, 6]",2,13.630277413101354,13.25,0.38027741310135355,0.0,True,0.05,1500,7.210315560604919,0.27896844393950804
1805,37,dynamic_dijkstra,4,2,"[4, 5, 2]",2,15.394837537676324,14.25,1.1448375376763238,0.0,True,0.05,1500,3.279388575197329,0.6720611424802672
1806,37,dynamic_dijkstra,7,8,"[7, 8]",1,2.881347471335574,1.9,0.9813474713355741,0.0,True,0.05,1500,3.3753053194818836,0.6624694680518116
1807,37,dynamic_dijkstra,1,12,"[1, 7, 12]",2,21.505181784326325,20.75,0.7551817843263251,0.0,True,0.05,1500,5.235230787663823,0.47647692123361773
1808,37,dynamic_dijkstra,3,13,"[3, 4, 5, 10, 13]",4,18.86873275971908,16.0,2.86873275971908,0.0,True,0.05,1500,3.229388575197329,0.677061142480267
1809,37,dynamic_dijkstra,1,0,"[1, 0]",1,6.889225366923275,6.5,0.3892253669232746,0.0,True,0.05,1500,5.622871530644739,0.43771284693552615
1810,37,dynamic_dijkstra,3,12,"[3, 8, 12]",2,17.816778760032808,16.5,1.3167787600328076,0.0,True,0.05,1500,3.5223268105642997,0.64776731894357
1811,37,dynamic_dijkstra,6,7,"[6, 11, 12, 7]",3,19.854146897795285,19.0,0.8541468977952853,0.0,True,0.05,1500,5.185230787663823,0.48147692123361774
1812,37,dynamic_dijkstra,0,5,"[0, 3, 4, 5]",3,14.137652930749216,12.25,1.8876529307492156,0.0,True,0.05,1500,3.179388575197329,0.6820611424802671
1813,37,dynamic_dijkstra,7,13,"[7, 12, 11, 10, 13]",4,12.844204462568362,11.25,1.5942044625683618,0.0,True,0.05,1500,4.279420045841307,0.5720579954158693
1814,37,dynamic_dijkstra,13,11,"[13, 10, 11]",2,4.693713725271136,3.75,0.9437137252711363,0.0,True,0.05,1500,4.229420045841307,0.5770579954158693
1815,37,dynamic_dijkstra,9,4,"[9, 4]",1,11.390254106080018,11.0,0.3902541060800182,0.0,True,0.05,1500,5.616373983396818,0.43836260166031826
1816,37,dynamic_dijkstra,2,5,"[2, 5]",1,10.624033102108143,10.5,0.12403310210814311,0.0,True,0.05,1500,8.012395469260722,0.1987604530739277
1817,37,dynamic_dijkstra,9,11,"[9, 13, 10, 11]",3,9.359170762901911,8.25,1.1091707629019112,0.0,True,0.05,1500,4.179420045841307,0.5820579954158693
1818,37,dynamic_dijkstra,1,4,"[1, 0, 3, 4]",3,16.229467073745923,15.0,1.2294670737459228,0.0,True,0.05,1500,4.575963240358567,0.5424036759641433
1819,37,dynamic_dijkstra,5,7,"[5, 10, 11, 12, 7]",4,18.566227549379917,17.0,1.5662275493799171,0.0,True,0.05,1500,4.510942810650623,0.5489057189349377
1820,37,dynamic_dijkstra,11,0,"[11, 10, 5, 4, 3, 0]",5,24.597763534473536,21.75,2.847763534473536,0.0,True,0.05,1500,3.1293885751973294,0.6870611424802671
1821,37,dynamic_dijkstra,3,2,"[3, 0, 2]",2,15.491471714714265,15.0,0.4914717147142653,0.0,True,0.05,1500,6.660434567816479,0.3339565432183521
1822,37,dynamic_dijkstra,0,4,"[0, 3, 4]",2,9.373457910167676,8.5,0.8734579101676765,0.0,True,0.05,1500,4.475963240358567,0.5524036759641433
1823,37,dynamic_dijkstra,8,3,"[8, 3]",1,12.939956626429248,12.0,0.9399566264292485,0.0,True,0.05,1500,3.4723268105643,0.65276731894357
1824,37,dynamic_dijkstra,2,10,"[2, 5, 10]",2,18.761496237188197,18.0,0.7614962371881973,0.0,True,0.05,1500,4.410942810650623,0.5589057189349377
1825,37,dynamic_dijkstra,6,3,"[6, 5, 4, 3]",3,15.416031806287368,12.75,2.666031806287368,0.0,True,0.05,1500,3.0793885751973296,0.6920611424802671
1826,37,dynamic_dijkstra,1,8,"[1, 7, 8]",2,18.21018883919257,16.9,1.3101888391925698,0.0,True,0.05,1500,3.325305319481884,0.6674694680518116
1827,37,dynamic_dijkstra,1,4,"[1, 0, 3, 4]",3,16.310076356299437,15.0,1.3100763562994366,0.0,True,0.05,1500,4.375963240358567,0.5624036759641433
1828,37,dynamic_dijkstra,2,6,"[2, 5, 6]",2,17.564796466978777,16.5,1.0647964669787768,0.0,True,0.05,1500,3.489484054275816,0.6510515945724185
1829,37,dynamic_dijkstra,12,9,"[12, 8, 9]",2,10.391396054009235,9.5,0.8913960540092347,0.0,True,0.05,1500,5.0709434574199745,0.49290565425800253
1830,37,dynamic_dijkstra,10,6,"[10, 11, 6]",2,13.988647412872412,13.5,0.4886474128724121,0.0,True,0.05,1500,6.365828295140551,0.3634171704859449
1831,37,dynamic_dijkstra,10,2,"[10, 5, 2]",2,18.782479564068964,18.0,0.7824795640689644,0.0,True,0.05,1500,4.360942810650624,0.5639057189349377
1832,37,dynamic_dijkstra,10,6,"[10, 11, 6]",2,13.999845444322537,13.5,0.49984544432253664,0.0,True,0.05,1500,6.315828295140551,0.3684171704859449
1833,37,dynamic_dijkstra,13,0,"[13, 10, 5, 4, 3, 0]",5,24.944970783208035,21.5,3.444970783208035,0.0,True,0.05,1500,3.0293885751973297,0.6970611424802671
1834,37,dynamic_dijkstra,0,10,"[0, 3, 4, 5, 10]",4,22.544914806474367,19.75,2.7949148064743667,9.44068516439689e-06,True,0.05,1500,2.97938857519733,0.702061142480267
1835,37,dynamic_dijkstra,1,10,"[1, 2, 5, 10]",3,22.930498630151238,21.75,1.180498630151238,0.0,True,0.05,1500,4.210942810650624,0.5789057189349376
1836,37,dynamic_dijkstra,12,7,"[12, 7]",1,6.243003143420926,5.75,0.49300314342092566,0.0,True,0.05,1500,5.035230787663823,0.49647692123361764
1837,37,dynamic_dijkstra,10,12,"[10, 11, 12]",2,4.254207848149837,3.75,0.5042078481498367,0.0,True,0.05,1500,6.265828295140551,0.3734171704859449
1838,37,dynamic_dijkstra,6,9,"[6, 11, 10, 13, 9]",4,21.142960864958265,19.75,1.3929608649582654,0.0,True,0.05,1500,4.0794200458413075,0.5920579954158692
1839,37,dynamic_dijkstra,8,7,"[8, 7]",1,2.926575238729482,1.9,1.0265752387294822,0.0,True,0.05,1500,3.275305319481884,0.6724694680518116
1840,37,dynamic_dijkstra,5,9,"[5, 10, 13, 9]",3,15.346436096485473,13.75,1.5964360964854727,0.0,True,0.05,1500,4.029420045841308,0.5970579954158692
1841,37,dynamic_dijkstra,8,11,"[8, 12, 11]",2,6.874910197063621,6.25,0.6249101970636213,0.0,True,0.05,1500,5.472504940361534,0.45274950596384655
1842,37,dynamic_dijkstra,4,7,"[4, 3, 8, 7]",3,19.594397350603096,16.9,2.694397350603097,0.0,True,0.05,1500,3.225305319481884,0.6774694680518116
1843,37,dynamic_dijkstra,0,8,"[0, 3, 8]",2,18.76263415050805,17.5,1.262634150508049,0.0,True,0.05,1500,3.3723268105643003,0.66276731894357
1844,37,dynamic_dijkstra,13,6,"[13, 10, 11, 6]",3,16.535743787526357,15.25,1.285743787526357,0.0,True,0.05,1500,3.979420045841308,0.6020579954158692
1845,37,dynamic_dijkstra,8,0,"[8, 3, 0]",2,18.791079152291736,17.5,1.2910791522917364,0.0,True,0.05,1500,3.3223268105643005,0.66776731894357
1846,37,dynamic_dijkstra,13,10,"[13, 10]",1,2.5224524081592494,1.75,0.7724524081592494,0.0,True,0.05,1500,3.929420045841308,0.6070579954158692
1847,37,dynamic_dijkstra,2,4,"[2, 5, 4]",2,15.600971877952457,14.25,1.3509718779524569,0.00011079940694802559,True,0.05,1500,2.92938857519733,0.707061142480267
1848,37,dynamic_dijkstra,12,2,"[12, 11, 10, 5, 2]",4,23.148470606769557,21.75,1.398470606769557,0.0,True,0.05,1500,4.1109428106506245,0.5889057189349376
1849,37,dynamic_dijkstra,0,3,"[0, 3]",1,5.7923384588282145,5.5,0.2923384588282145,0.0,True,0.05,1500,6.310434567816481,0.368956543218352
1850,38,dynamic_dijkstra,7,4,"[7, 8, 3, 4]",3,19.245371265358965,16.9,2.345371265358967,0.0,True,0.05,1500,3.0529837766808425,0.6947016223319158
1851,38,dynamic_dijkstra,8,7,"[8, 7]",1,3.065010660006439,1.9,1.165010660006439,0.0,True,0.05,1500,3.0029837766808427,0.6997016223319157
1852,38,dynamic_dijkstra,1,3,"[1, 0, 3]",2,12.41480227346997,12.0,0.4148022734699701,0.0,True,0.05,1500,6.498375281020236,0.35016247189797645
1853,38,dynamic_dijkstra,6,1,"[6, 5, 2, 1]",3,21.505919978751088,20.25,1.2559199787510877,0.0,True,0.05,1500,4.727411729402759,0.5272588270597242
1854,38,dynamic_dijkstra,1,10,"[1, 2, 5, 10]",3,23.003047659096847,21.75,1.253047659096847,0.0,True,0.05,1500,4.686344202646788,0.5313655797353212
1855,38,dynamic_dijkstra,3,8,"[3, 8]",1,12.763898855308161,12.0,0.7638988553081614,0.0,True,0.05,1500,3.9560127608319675,0.6043987239168033
1856,38,dynamic_dijkstra,4,3,"[4, 3]",1,3.468801051033292,3.0,0.46880105103329184,0.0,True,0.05,1500,5.161018348057284,0.48389816519427165
1857,38,dynamic_dijkstra,8,3,"[8, 3]",1,12.78007774325218,12.0,0.7800777432521802,0.0,True,0.05,1500,3.9060127608319677,0.6093987239168033
1858,38,dynamic_dijkstra,9,7,"[9, 8, 7]",2,8.398841517239337,6.9,1.4988415172393363,4.9122783448818375e-05,True,0.05,1500,2.952983776680843,0.7047016223319157
1859,38,dynamic_dijkstra,6,12,"[6, 11, 12]",2,13.718296357912788,13.25,0.4682963579127879,0.0,True,0.05,1500,5.894478027047438,0.41055219729525616
1860,38,dynamic_dijkstra,7,11,"[7, 8, 12, 11]",3,9.907063371405965,8.15,1.7570633714059642,0.00020915883526917423,True,0.05,1500,2.902983776680843,0.7097016223319157
1861,38,dynamic_dijkstra,0,6,"[0, 3, 4, 5, 6]",4,20.376007512255704,18.25,2.126007512255704,0.0,True,0.05,1500,3.498484550093618,0.6501515449906382
1862,38,dynamic_dijkstra,2,13,"[2, 5, 10, 13]",3,21.00552144716265,19.75,1.25552144716265,0.0,True,0.05,1500,4.742586124215411,0.5257413875784589
1863,38,dynamic_dijkstra,11,1,"[11, 10, 5, 2, 1]",4,25.1799179313604,23.75,1.4299179313604,0.0,True,0.05,1500,4.6363442026467885,0.5363655797353212
1864,38,dynamic_dijkstra,6,8,"[6, 11, 12, 8]",3,18.652494598268397,17.75,0.9024945982683974,0.0,True,0.05,1500,5.4397746877561035,0.4560225312243896
1865,38,dynamic_dijkstra,4,7,"[4, 3, 8, 7]",3,19.43717082158022,16.9,2.5371708215802222,0.00048030599820059194,True,0.05,1500,2.8529837766808432,0.7147016223319157
1866,38,dynamic_dijkstra,10,9,"[10, 13, 9]",2,7.02118617216439,6.25,0.7711861721643896,0.0,True,0.05,1500,4.692586124215411,0.5307413875784589
1867,38,dynamic_dijkstra,0,12,"[0, 3, 8, 12]",3,23.395211742970424,22.0,1.3952117429704245,0.0,True,0.05,1500,3.806012760831968,0.6193987239168032
1868,38,dynamic_dijkstra,0,7,"[0, 3, 8, 7]",3,21.67313359338169,19.4,2.27313359338169,0.0008625642722431826,True,0.05,1500,2.8029837766808434,0.7197016223319157
1869,38,dynamic_dijkstra,8,7,"[8, 7]",1,3.2162112113963444,1.9,1.3162112113963444,0.001355933657396835,True,0.05,1500,2.7529837766808436,0.7247016223319156
1870,38,dynamic_dijkstra,3,13,"[3, 4, 5, 10, 13]",4,18.59752083029008,16.0,2.5975208302900796,0.0,True,0.05,1500,3.4484845500936183,0.6551515449906382
1871,38,dynamic_dijkstra,4,8,"[4, 3, 8]",2,16.357016463835663,15.0,1.357016463835663,0.0,True,0.05,1500,3.7060127608319684,0.6293987239168032
1872,38,dynamic_dijkstra,10,2,"[10, 5, 2]",2,18.744000723415827,18.0,0.7440007234158266,0.0,True,0.05,1500,4.610607747126452,0.5389392252873548
1873,38,dynamic_dijkstra,0,2,"[0, 2]",1,9.895528510990319,9.5,0.39552851099031905,0.0,True,0.05,1500,5.58329515882276,0.441670484117724
1874,38,dynamic_dijkstra,12,2,"[12, 11, 10, 5, 2]",4,22.78094622496942,21.75,1.0309462249694192,0.0,True,0.05,1500,4.560607747126452,0.5439392252873547
1875,38,dynamic_dijkstra,5,9,"[5, 10, 13, 9]",3,15.15790008337287,13.75,1.4079000833728692,0.0,True,0.05,1500,4.5106077471264525,0.5489392252873547
1876,38,dynamic_dijkstra,0,5,"[0, 3, 4, 5]",3,13.90184402305228,12.25,1.6518440230522806,0.0,True,0.05,1500,3.3984845500936185,0.6601515449906381
1877,38,dynamic_dijkstra,13,7,"[13, 9, 8, 7]",3,13.277767497188295,11.4,1.8777674971882945,0.0019604141536616604,True,0.05,1500,2.7029837766808438,0.7297016223319156
1878,38,dynamic_dijkstra,8,9,"[8, 9]",1,5.31883251817168,5.0,0.31883251817168023,0.0,True,0.05,1500,6.106254806738971,0.3893745193261029
1879,38,dynamic_dijkstra,5,1,"[5, 2, 1]",2,15.008554202652693,14.25,0.758554202652693,0.0,True,0.05,1500,4.586344202646789,0.5413655797353212
1880,38,dynamic_dijkstra,9,4,"[9, 4]",1,11.204372534542575,11.0,0.20437253454257487,0.0,True,0.05,1500,7.098516416809245,0.2901483583190755
1881,38,dynamic_dijkstra,13,8,"[13, 9, 8]",2,10.046530819818528,9.5,0.5465308198185284,0.0,True,0.05,1500,6.056254806738972,0.3943745193261029
1882,38,dynamic_dijkstra,11,13,"[11, 10, 13]",2,4.4936826623092765,3.75,0.7436826623092765,0.0,True,0.05,1500,4.542586124215411,0.5457413875784589
1883,38,dynamic_dijkstra,12,13,"[12, 11, 10, 13]",3,6.395908036581085,5.5,0.8959080365810852,0.0,True,0.05,1500,4.4925861242154115,0.5507413875784588
1884,38,dynamic_dijkstra,6,0,"[6, 5, 4, 3, 0]",4,20.51922082823683,18.25,2.269220828236829,0.0,True,0.05,1500,3.3484845500936187,0.6651515449906381
1885,38,dynamic_dijkstra,2,11,"[2, 5, 10, 11]",3,20.945146349695694,20.0,0.945146349695694,0.0,True,0.05,1500,4.460607747126453,0.5539392252873547
1886,38,dynamic_dijkstra,10,6,"[10, 11, 6]",2,14.018525523814215,13.5,0.5185255238142155,0.0,True,0.05,1500,5.794478027047439,0.4205521972952561
1887,38,dynamic_dijkstra,12,2,"[12, 11, 10, 5, 2]",4,22.860891674982426,21.75,1.110891674982426,0.0,True,0.05,1500,4.410607747126453,0.5589392252873547
1888,38,dynamic_dijkstra,6,7,"[6, 11, 12, 8, 7]",4,21.985444090096298,19.65,2.335444090096299,0.0026760057610375476,True,0.05,1500,2.652983776680844,0.7347016223319156
1889,38,dynamic_dijkstra,10,13,"[10, 13]",1,2.3754705840695505,1.75,0.6254705840695505,0.0,True,0.05,1500,4.442586124215412,0.5557413875784588
1890,38,dynamic_dijkstra,4,9,"[4, 9]",1,11.209369135904407,11.0,0.20936913590440653,0.0,True,0.05,1500,7.048516416809246,0.29514835831907543
1891,38,dynamic_dijkstra,6,8,"[6, 11, 12, 8]",3,18.721441223640067,17.75,0.9714412236400669,0.0,True,0.05,1500,5.289774687756104,0.4710225312243896
1892,38,dynamic_dijkstra,6,5,"[6, 5]",1,6.592320353854727,6.0,0.5923203538547268,0.0,True,0.05,1500,4.577411729402759,0.5422588270597241
1893,38,dynamic_dijkstra,0,2,"[0, 2]",1,9.903620691917649,9.5,0.4036206919176486,0.0,True,0.05,1500,5.53329515882276,0.446670484117724
1894,38,dynamic_dijkstra,4,6,"[4, 5, 6]",2,11.370231396160126,9.75,1.6202313961601256,0.0,True,0.05,1500,3.298484550093619,0.6701515449906381
1895,38,dynamic_dijkstra,10,5,"[10, 5]",1,8.146629160418039,7.5,0.6466291604180388,0.0,True,0.05,1500,4.360607747126453,0.5639392252873547
1896,38,dynamic_dijkstra,2,9,"[2, 5, 10, 13, 9]",4,25.956420881368167,24.25,1.7064208813681674,0.0,True,0.05,1500,4.310607747126453,0.5689392252873546
1897,38,dynamic_dijkstra,12,7,"[12, 8, 7]",2,8.275112021620819,6.4,1.8751120216208186,0.0035027084795246077,True,0.05,1500,2.602983776680844,0.7397016223319156
1898,38,dynamic_dijkstra,0,7,"[0, 3, 8, 7]",3,21.897479506812495,19.4,2.497479506812496,0.00444052230912273,True,0.05,1500,2.5529837766808443,0.7447016223319156
1899,38,dynamic_dijkstra,10,9,"[10, 13, 9]",2,7.13287283291568,6.25,0.8828728329156803,0.0,True,0.05,1500,4.342586124215412,0.5657413875784588
1900,39,dynamic_dijkstra,5,8,"[5, 10, 11, 12, 8]",4,18.00745925520817,15.75,2.2574592552081683,0.0,True,0.05,1500,3.921783818846521,0.607821618115348
1901,39,dynamic_dijkstra,5,4,"[5, 4]",1,4.710355201733957,3.75,0.9603552017339574,0.0,True,0.05,1500,3.4238245558773874,0.6576175444122613
1902,39,dynamic_dijkstra,5,4,"[5, 4]",1,4.731997631231216,3.75,0.9819976312312164,0.0,True,0.05,1500,3.3738245558773876,0.6626175444122613
1903,39,dynamic_dijkstra,9,3,"[9, 4, 3]",2,14.947551563667787,14.0,0.9475515636677869,0.0,True,0.05,1500,4.815724188923335,0.5184275811076665
1904,39,dynamic_dijkstra,6,9,"[6, 11, 10, 13, 9]",4,21.225681730697335,19.75,1.4756817306973353,0.0,True,0.05,1500,5.64308289356236,0.435691710643764
1905,39,dynamic_dijkstra,5,2,"[5, 2]",1,10.7344194337283,10.5,0.23441943372830032,0.0,True,0.05,1500,6.808098710865208,0.31919012891347925
1906,39,dynamic_dijkstra,0,6,"[0, 3, 4, 5, 6]",4,20.35038746118825,18.25,2.1003874611882516,0.0,True,0.05,1500,3.323824555877388,0.6676175444122612
1907,39,dynamic_dijkstra,5,9,"[5, 10, 13, 9]",3,15.221973390673863,13.75,1.4719733906738632,0.0,True,0.05,1500,4.006242414087246,0.5993757585912755
1908,39,dynamic_dijkstra,2,4,"[2, 5, 4]",2,15.517118773028923,14.25,1.2671187730289226,0.0,True,0.05,1500,3.273824555877388,0.6726175444122612
1909,39,dynamic_dijkstra,5,1,"[5, 2, 1]",2,14.97641760534649,14.25,0.7264176053464908,0.0,True,0.05,1500,5.096580603171742,0.4903419396828258
1910,39,dynamic_dijkstra,10,1,"[10, 5, 2, 1]",3,23.25556049189204,21.75,1.5055604918920409,0.0,True,0.05,1500,3.956242414087246,0.6043757585912755
1911,39,dynamic_dijkstra,5,9,"[5, 10, 13, 9]",3,15.268914721214658,13.75,1.5189147212146583,0.0,True,0.05,1500,3.906242414087246,0.6093757585912754
1912,39,dynamic_dijkstra,13,3,"[13, 10, 5, 4, 3]",4,18.661990254346712,16.0,2.661990254346712,0.0,True,0.05,1500,3.223824555877388,0.6776175444122612
1913,39,dynamic_dijkstra,0,10,"[0, 3, 4, 5, 10]",4,22.262767872890237,19.75,2.5127678728902367,0.0,True,0.05,1500,3.1738245558773883,0.6826175444122612
1914,39,dynamic_dijkstra,6,11,"[6, 11]",1,11.893961361766156,11.5,0.3939613617661557,0.0,True,0.05,1500,5.59308289356236,0.440691710643764
1915,39,dynamic_dijkstra,6,0,"[6, 5, 4, 3, 0]",4,20.49215257827413,18.25,2.24215257827413,0.0,True,0.05,1500,3.1238245558773885,0.6876175444122612
1916,39,dynamic_dijkstra,11,1,"[11, 12, 8, 7, 1]",4,25.565821467618587,23.15,2.4158214676185885,0.0,True,0.05,1500,3.4655714545708456,0.6534428545429154
1917,39,dynamic_dijkstra,1,2,"[1, 2]",1,4.250684347376701,3.75,0.5006843473767013,0.0,True,0.05,1500,4.996580603171743,0.5003419396828257
1918,39,dynamic_dijkstra,5,1,"[5, 2, 1]",2,15.01744655010831,14.25,0.7674465501083105,0.0,True,0.05,1500,4.946580603171743,0.5053419396828257
1919,39,dynamic_dijkstra,7,6,"[7, 8, 12, 11, 6]",4,22.216949744229876,19.65,2.566949744229877,0.0,True,0.05,1500,3.4155714545708458,0.6584428545429154
1920,39,dynamic_dijkstra,2,1,"[2, 1]",1,4.27112073816599,3.75,0.5211207381659904,0.0,True,0.05,1500,4.896580603171743,0.5103419396828257
1921,39,dynamic_dijkstra,1,4,"[1, 0, 3, 4]",3,15.76046114778834,15.0,0.7604611477883392,0.0,True,0.05,1500,5.248819212990113,0.4751180787009887
1922,39,dynamic_dijkstra,13,4,"[13, 10, 5, 4]",3,15.354027168682391,13.0,2.354027168682391,0.0,True,0.05,1500,3.0738245558773887,0.6926175444122611
1923,39,dynamic_dijkstra,4,7,"[4, 3, 8, 7]",3,19.068351558220407,16.9,2.168351558220408,0.0,True,0.05,1500,3.365571454570846,0.6634428545429154
1924,39,dynamic_dijkstra,0,5,"[0, 3, 4, 5]",3,14.078136430737228,12.25,1.8281364307372279,0.0,True,0.05,1500,3.023824555877389,0.6976175444122611
1925,39,dynamic_dijkstra,5,12,"[5, 10, 11, 12]",3,13.312983796978541,11.25,2.062983796978541,0.0,True,0.05,1500,3.7062424140872468,0.6293757585912754
1926,39,dynamic_dijkstra,1,9,"[1, 7, 8, 9]",3,23.5518676938791,21.9,1.651867693879101,0.0,True,0.05,1500,3.315571454570846,0.6684428545429154
1927,39,dynamic_dijkstra,1,12,"[1, 7, 8, 12]",3,23.1416343229496,21.4,1.7416343229496007,0.0,True,0.05,1500,3.2655714545708463,0.6734428545429154
1928,39,dynamic_dijkstra,7,8,"[7, 8]",1,2.954933569550332,1.9,1.054933569550332,0.0,True,0.05,1500,3.2155714545708465,0.6784428545429153
1929,39,dynamic_dijkstra,7,13,"[7, 8, 9, 13]",3,13.193096461306247,11.4,1.7930964613062468,0.0,True,0.05,1500,3.1655714545708467,0.6834428545429153
1930,39,dynamic_dijkstra,1,9,"[1, 7, 8, 9]",3,23.67616221606926,21.9,1.7761622160692632,0.0,True,0.05,1500,3.115571454570847,0.6884428545429153
1931,39,dynamic_dijkstra,5,12,"[5, 10, 11, 12]",3,13.357202887335573,11.25,2.107202887335573,0.0,True,0.05,1500,3.656242414087247,0.6343757585912753
1932,39,dynamic_dijkstra,11,8,"[11, 12, 8]",2,7.520716970557867,6.25,1.2707169705578671,0.0,True,0.05,1500,3.6717838188465217,0.6328216181153479
1933,39,dynamic_dijkstra,1,5,"[1, 2, 5]",2,15.044071276699285,14.25,0.7940712766992846,0.0,True,0.05,1500,4.846580603171743,0.5153419396828257
1934,39,dynamic_dijkstra,13,5,"[13, 10, 5]",2,10.540862011733843,9.25,1.290862011733843,0.0,True,0.05,1500,3.606242414087247,0.6393757585912753
1935,39,dynamic_dijkstra,1,5,"[1, 2, 5]",2,15.060682786850187,14.25,0.8106827868501867,0.0,True,0.05,1500,4.796580603171743,0.5203419396828257
1936,39,dynamic_dijkstra,6,5,"[6, 5]",1,6.51438668402904,6.0,0.5143866840290396,0.0,True,0.05,1500,4.929086785860115,0.5070913214139885
1937,39,dynamic_dijkstra,8,4,"[8, 3, 4]",2,16.21667386526243,15.0,1.216673865262429,0.0,True,0.05,1500,4.045128525918282,0.5954871474081718
1938,39,dynamic_dijkstra,0,7,"[0, 3, 8, 7]",3,21.49103062817363,19.4,2.0910306281736304,0.0,True,0.05,1500,3.065571454570847,0.6934428545429153
1939,39,dynamic_dijkstra,11,5,"[11, 10, 5]",2,10.810320310050429,9.5,1.3103203100504288,0.0,True,0.05,1500,3.5562424140872473,0.6443757585912753
1940,39,dynamic_dijkstra,7,9,"[7, 8, 9]",2,8.42042825107696,6.9,1.5204282510769591,0.0,True,0.05,1500,3.015571454570847,0.6984428545429153
1941,39,dynamic_dijkstra,1,7,"[1, 7]",1,15.323044388701577,15.0,0.32304438870157703,0.0,True,0.05,1500,6.0750064864519935,0.39249935135480063
1942,39,dynamic_dijkstra,9,1,"[9, 8, 7, 1]",3,23.78575950811792,21.9,1.8857595081179213,2.634054978589706e-05,True,0.05,1500,2.9655714545708474,0.7034428545429152
1943,39,dynamic_dijkstra,4,5,"[4, 5]",1,4.931336577209349,3.75,1.1813365772093487,1.5225641667004908e-05,True,0.05,1500,2.973824555877389,0.7026175444122611
1944,39,dynamic_dijkstra,3,10,"[3, 4, 5, 10]",3,16.876447536773853,14.25,2.6264475367738527,0.00012894885082836982,True,0.05,1500,2.923824555877389,0.7076175444122611
1945,39,dynamic_dijkstra,12,11,"[12, 11]",1,2.6305351865513655,1.75,0.8805351865513655,0.0,True,0.05,1500,3.621783818846522,0.6378216181153478
1946,39,dynamic_dijkstra,3,9,"[3, 4, 9]",2,15.049394704484897,14.0,1.0493947044848966,0.0,True,0.05,1500,4.765724188923335,0.5234275811076665
1947,39,dynamic_dijkstra,7,12,"[7, 8, 12]",2,8.032248958709186,6.4,1.6322489587091855,0.0001584039840729634,True,0.05,1500,2.9155714545708475,0.7084428545429152
1948,39,dynamic_dijkstra,2,11,"[2, 5, 10, 11]",3,21.633474354839677,20.0,1.6334743548396773,0.0,True,0.05,1500,3.4562424140872476,0.6543757585912753
1949,39,dynamic_dijkstra,13,8,"[13, 9, 8]",2,10.250921345124116,9.5,0.7509213451241159,0.0,True,0.05,1500,5.697990659535303,0.43020093404646975
1950,40,dynamic_dijkstra,8,2,"[8, 7, 1, 2]",3,22.13841288347252,20.65,1.4884128834725203,0.0,True,0.05,1500,4.064713318711252,0.5935286681288747
1951,40,dynamic_dijkstra,8,5,"[8, 12, 11, 10, 5]",4,17.815820253589067,15.75,2.0658202535890666,0.0,True,0.05,1500,4.257717612466333,0.5742282387533667
1952,40,dynamic_dijkstra,5,6,"[5, 6]",1,6.512357072593879,6.0,0.5123570725938791,0.0,True,0.05,1500,4.938968803950678,0.5061031196049323
1953,40,dynamic_dijkstra,9,7,"[9, 8, 7]",2,7.9443025594702235,6.9,1.044302559470223,0.0,True,0.05,1500,4.0147133187112525,0.5985286681288747
1954,40,dynamic_dijkstra,7,2,"[7, 1, 2]",2,19.523911355158468,18.75,0.773911355158468,0.0,True,0.05,1500,5.572937447533013,0.4427062552466987
1955,40,dynamic_dijkstra,7,10,"[7, 12, 11, 10]",3,12.360475279536484,9.5,2.860475279536484,0.008917826961761355,True,0.05,1500,2.366515814499479,0.7633484185500521
1956,40,dynamic_dijkstra,12,9,"[12, 8, 9]",2,10.054807000385109,9.5,0.5548070003851091,0.0,True,0.05,1500,6.208733899543898,0.3791266100456102
1957,40,dynamic_dijkstra,10,6,"[10, 11, 6]",2,14.24385237900539,13.5,0.7438523790053893,0.0,True,0.05,1500,4.669777907607264,0.5330222092392736
1958,40,dynamic_dijkstra,9,1,"[9, 8, 7, 1]",3,23.357453182932804,21.9,1.457453182932806,0.0,True,0.05,1500,3.9647133187112527,0.6035286681288747
1959,40,dynamic_dijkstra,9,3,"[9, 4, 3]",2,15.380218356849335,14.0,1.3802183568493351,0.0,True,0.05,1500,3.464467171873167,0.6535532828126833
1960,40,dynamic_dijkstra,2,13,"[2, 5, 10, 13]",3,21.226715389467188,19.75,1.4767153894671878,0.0,True,0.05,1500,4.498344610587032,0.5501655389412968
1961,40,dynamic_dijkstra,2,1,"[2, 1]",1,4.155315341247148,3.75,0.40531534124714774,0.0,True,0.05,1500,5.522937447533013,0.4477062552466987
1962,40,dynamic_dijkstra,12,2,"[12, 11, 10, 5, 2]",4,24.262314099771345,21.75,2.512314099771345,0.0,True,0.05,1500,4.1577176124663335,0.5842282387533666
1963,40,dynamic_dijkstra,10,3,"[10, 5, 4, 3]",3,15.694247670334432,14.25,1.4442476703344322,0.0,True,0.05,1500,4.398344610587032,0.5601655389412967
1964,40,dynamic_dijkstra,1,4,"[1, 0, 3, 4]",3,16.119809217438547,15.0,1.1198092174385472,0.0,True,0.05,1500,5.236207866774743,0.4763792133225257
1965,40,dynamic_dijkstra,10,0,"[10, 5, 4, 3, 0]",4,21.454582023734392,19.75,1.7045820237343925,0.0,True,0.05,1500,4.3483446105870325,0.5651655389412967
1966,40,dynamic_dijkstra,8,12,"[8, 12]",1,4.755149602008797,4.5,0.2551496020087969,0.0,True,0.05,1500,6.62120457548987,0.3378795424510131
1967,40,dynamic_dijkstra,1,13,"[1, 2, 5, 10, 13]",4,25.472408239375213,23.5,1.9724082393752127,0.0,True,0.05,1500,4.298344610587033,0.5701655389412967
1968,40,dynamic_dijkstra,13,2,"[13, 10, 5, 2]",3,21.3412310333971,19.75,1.5912310333971007,0.0,True,0.05,1500,4.248344610587033,0.5751655389412967
1969,40,dynamic_dijkstra,11,13,"[11, 10, 13]",2,4.636359362074476,3.75,0.8863593620744759,0.0,True,0.05,1500,4.569777907607264,0.5430222092392736
1970,40,dynamic_dijkstra,2,4,"[2, 5, 4]",2,15.26789676754812,14.25,1.0178967675481196,0.0,True,0.05,1500,4.381388793127761,0.5618611206872239
1971,40,dynamic_dijkstra,7,2,"[7, 1, 2]",2,19.56437503353978,18.75,0.814375033539779,0.0,True,0.05,1500,5.422937447533013,0.45770625524669867
1972,40,dynamic_dijkstra,4,3,"[4, 3]",1,3.473480850014687,3.0,0.473480850014687,0.0,True,0.05,1500,5.136207866774743,0.48637921332252565
1973,40,dynamic_dijkstra,11,2,"[11, 10, 5, 2]",3,21.951558799796345,20.0,1.951558799796345,0.0,True,0.05,1500,4.198344610587033,0.5801655389412967
1974,40,dynamic_dijkstra,8,13,"[8, 9, 13]",2,11.345128852536295,9.5,1.8451288525362948,0.006309499213467795,True,0.05,1500,2.4671515556876873,0.7532848444312312
1975,40,dynamic_dijkstra,1,10,"[1, 2, 5, 10]",3,23.55373506350825,21.75,1.803735063508249,0.0,True,0.05,1500,4.148344610587033,0.5851655389412966
1976,40,dynamic_dijkstra,1,3,"[1, 0, 3]",2,12.684416217747057,12.0,0.6844162177470565,0.0,True,0.05,1500,5.221193799368987,0.4778806200631013
1977,40,dynamic_dijkstra,4,7,"[4, 3, 8, 7]",3,18.693113454799526,16.9,1.7931134547995278,0.0,True,0.05,1500,3.914713318711253,0.6085286681288747
1978,40,dynamic_dijkstra,3,10,"[3, 4, 5, 10]",3,15.847275483395515,14.25,1.5972754833955154,0.0,True,0.05,1500,4.098344610587033,0.5901655389412966
1979,40,dynamic_dijkstra,13,7,"[13, 9, 8, 7]",3,14.087562425752253,11.4,2.687562425752253,0.007549162423050704,True,0.05,1500,2.4171515556876875,0.7582848444312312
1980,40,dynamic_dijkstra,6,3,"[6, 5, 4, 3]",3,14.167829333709225,12.75,1.417829333709225,0.0,True,0.05,1500,4.888968803950678,0.5111031196049323
1981,40,dynamic_dijkstra,3,8,"[3, 8]",1,12.54360876458229,12.0,0.5436087645822898,0.0,True,0.05,1500,4.791067466744854,0.5208932533255146
1982,40,dynamic_dijkstra,3,13,"[3, 4, 5, 10, 13]",4,17.946923819799167,16.0,1.9469238197991672,0.0,True,0.05,1500,4.0483446105870335,0.5951655389412966
1983,40,dynamic_dijkstra,6,5,"[6, 5]",1,6.533277998386319,6.0,0.5332779983863194,0.0,True,0.05,1500,4.838968803950678,0.5161031196049322
1984,40,dynamic_dijkstra,2,9,"[2, 5, 4, 9]",3,27.304570444336676,25.25,2.054570444336676,0.0,True,0.05,1500,3.4144671718731674,0.6585532828126832
1985,40,dynamic_dijkstra,9,3,"[9, 4, 3]",2,15.50940785416346,14.0,1.5094078541634595,0.0,True,0.05,1500,3.3644671718731676,0.6635532828126832
1986,40,dynamic_dijkstra,12,7,"[12, 7]",1,7.408413928669997,5.75,1.6584139286699973,0.010381125151762483,True,0.05,1500,2.3165158144994793,0.7683484185500521
1987,40,dynamic_dijkstra,11,7,"[11, 12, 7]",2,9.923250135462386,7.5,2.4232501354623857,0.011955534452874783,True,0.05,1500,2.2665158144994795,0.7733484185500521
1988,40,dynamic_dijkstra,9,1,"[9, 8, 7, 1]",3,23.44323690630535,21.9,1.5432369063053528,0.0,True,0.05,1500,3.814713318711253,0.6185286681288746
1989,40,dynamic_dijkstra,2,7,"[2, 1, 7]",2,19.597912206718938,18.75,0.847912206718938,0.0,True,0.05,1500,5.322937447533014,0.4677062552466986
1990,40,dynamic_dijkstra,3,9,"[3, 4, 9]",2,15.542405982272637,14.0,1.542405982272637,0.0,True,0.05,1500,3.3144671718731678,0.6685532828126832
1991,40,dynamic_dijkstra,0,13,"[0, 3, 4, 5, 10, 13]",5,23.74915456024085,21.5,2.24915456024085,0.0,True,0.05,1500,3.9983446105870337,0.6001655389412967
1992,40,dynamic_dijkstra,2,12,"[2, 5, 10, 11, 12]",4,24.562972067031126,21.75,2.812972067031126,0.0,True,0.05,1500,3.948344610587034,0.6051655389412967
1993,40,dynamic_dijkstra,7,8,"[7, 8]",1,2.728122376582877,1.9,0.8281223765828769,0.0,True,0.05,1500,3.7647133187112534,0.6235286681288746
1994,40,dynamic_dijkstra,11,12,"[11, 12]",1,2.497592890389056,1.75,0.7475928903890559,0.0,True,0.05,1500,4.007717612466334,0.5992282387533666
1995,40,dynamic_dijkstra,4,12,"[4, 5, 10, 11, 12]",4,17.602612124113012,15.0,2.602612124113012,0.0,True,0.05,1500,3.898344610587034,0.6101655389412965
1996,40,dynamic_dijkstra,7,11,"[7, 12, 11]",2,10.035311885933638,7.5,2.5353118859336377,0.013641054865098035,True,0.05,1500,2.2165158144994797,0.778348418550052
1997,40,dynamic_dijkstra,6,11,"[6, 11]",1,11.677699497639363,11.5,0.1776994976393631,0.0,True,0.05,1500,7.377901293149172,0.2622098706850828
1998,40,dynamic_dijkstra,1,2,"[1, 2]",1,4.198238064598944,3.75,0.4482380645989439,0.0,True,0.05,1500,5.272937447533014,0.4727062552466986
1999,40,dynamic_dijkstra,10,12,"[10, 11, 12]",2,5.190326074623586,3.75,1.4403260746235862,0.0,True,0.05,1500,3.8577176124663346,0.6142282387533665
