packet_id,timestep,routing_mode,src,dst,path,hop_count,end_to_end_latency_ms,base_latency_ms,queuing_delay_ms,path_loss_prob,delivered,demand_gbps,size_bytes,bottleneck_avail_bw_gbps,max_congestion
0,1,rl_agent,11,9,"[11, 12, 7, 8, 9]",4,16.843976230957914,14.4,2.4439762309579134,0.0,True,0.05,1500,3.3154495204292536,0.6684550479570747
1,1,rl_agent,1,7,"[1, 7]",1,15.369225385877666,15.0,0.36922538587766596,0.0,True,0.05,1500,5.752248014422003,0.4247751985577997
2,1,rl_agent,5,0,"[5, 2, 0]",2,20.69643134225529,20.0,0.6964313422552912,0.0,True,0.05,1500,5.866020926119254,0.4133979073880746
3,1,rl_agent,12,13,"[12, 11, 12]",2,4.580684215624308,3.5,1.0806842156243084,0.0,False,0.05,1500,4.80611133823568,0.519388866176432
4,1,rl_agent,5,11,"[5, 10, 11]",2,10.22026528494031,9.5,0.7202652849403108,0.0,True,0.05,1500,5.468663181886129,0.45313368181138713
5,1,rl_agent,11,0,"[11, 6, 5, 2, 0]",4,39.38713725251103,37.5,1.8871372525110317,0.0,True,0.05,1500,4.546740864578722,0.5453259135421278
6,1,rl_agent,9,2,"[9, 4, 5, 2]",3,26.550201719152625,25.25,1.300201719152625,0.0,True,0.05,1500,4.7154424129220045,0.5284557587077996
7,1,rl_agent,9,12,"[9, 13, 10, 11, 12]",4,13.265297752010197,10.0,3.2652977520101967,0.02542220688598451,True,0.05,1500,1.9304209660481835,0.8069579033951817
8,1,rl_agent,8,4,"[8, 7, 1, 2, 5, 4]",5,37.464933246108274,34.9,2.564933246108275,0.0,True,0.05,1500,3.2654495204292537,0.6734550479570747
9,1,rl_agent,7,8,"[7, 8]",1,2.95499253470865,1.9,1.0549925347086502,0.0,True,0.05,1500,3.215449520429254,0.6784550479570746
10,1,rl_agent,10,7,"[10, 11, 10]",2,4.651870611393138,4.0,0.6518706113931376,0.0,False,0.05,1500,6.053742908814328,0.3946257091185671
11,1,rl_agent,12,1,"[12, 7, 1]",2,21.761086079583173,20.75,1.0110860795831726,0.0,True,0.05,1500,4.43859618034235,0.556140381965765
12,1,rl_agent,10,1,"[10, 5, 2, 0, 1]",4,35.379565393888235,34.0,1.3795653938882353,0.0,True,0.05,1500,5.418663181886129,0.45813368181138714
13,1,rl_agent,6,3,"[6, 5, 2, 0, 3]",4,33.23494871967198,31.5,1.7349487196719835,0.0,True,0.05,1500,4.594663441159511,0.5405336558840489
14,1,rl_agent,5,13,"[5, 6, 5]",2,13.224860688884027,12.0,1.2248606888840268,0.0,False,0.05,1500,4.494663441159512,0.5505336558840488
15,1,rl_agent,6,5,"[6, 5]",1,6.624944569187811,6.0,0.6249445691878108,0.0,True,0.05,1500,4.444663441159512,0.5555336558840488
16,1,rl_agent,12,10,"[12, 11, 10]",2,4.645262110905186,3.75,0.8952621109051861,0.0,True,0.05,1500,4.70611133823568,0.529388866176432
17,1,rl_agent,10,13,"[10, 13]",1,2.068033985153645,1.75,0.3180339851536451,0.0,True,0.05,1500,6.112215495620132,0.38877845043798676
18,1,rl_agent,9,5,"[9, 4, 5]",2,15.718819588501976,14.75,0.9688195885019759,0.0,True,0.05,1500,4.665442412922005,0.5334557587077995
19,1,rl_agent,9,5,"[9, 4, 5]",2,15.73855054640546,14.75,0.9885505464054596,0.0,True,0.05,1500,4.615442412922005,0.5384557587077995
20,1,rl_agent,13,8,"[13, 9, 8]",2,11.968290337518635,9.5,2.468290337518635,0.027854604739210753,True,0.05,1500,1.8804209660481828,0.8119579033951817
21,1,rl_agent,11,1,"[11, 6, 5, 2, 0, 1]",5,46.24249168489948,44.0,2.242491684899477,0.0,True,0.05,1500,4.394663441159512,0.5605336558840488
22,1,rl_agent,9,10,"[9, 8, 12, 11, 10]",4,15.022171122720133,13.25,1.7721711227201329,0.0,True,0.05,1500,4.6561113382356805,0.534388866176432
23,1,rl_agent,0,1,"[0, 1]",1,6.726526685523563,6.5,0.22652668552356303,0.0,True,0.05,1500,6.882059667769548,0.3117940332230452
24,1,rl_agent,1,6,"[1, 2, 5, 6]",3,21.7078872877903,20.25,1.4578872877902995,0.0,True,0.05,1500,4.344663441159512,0.5655336558840488
25,1,rl_agent,6,11,"[6, 11]",1,12.124419018843296,11.5,0.6244190188432963,0.0,True,0.05,1500,4.4467408645787225,0.5553259135421278
26,1,rl_agent,8,3,"[8, 3]",1,12.359899487209303,12.0,0.35989948720930265,0.0,True,0.05,1500,5.814633075578263,0.4185366924421737
27,1,rl_agent,5,12,"[5, 10, 11, 12]",3,12.613765251566456,11.25,1.3637652515664556,0.0,True,0.05,1500,4.606111338235681,0.5393888661764319
28,1,rl_agent,11,7,"[11, 10, 11]",2,4.723026012198556,4.0,0.7230260121985559,0.0,False,0.05,1500,5.803742908814329,0.41962570911856706
29,1,rl_agent,11,5,"[11, 6, 5]",2,18.80144156327236,17.5,1.301441563272359,0.0,True,0.05,1500,4.294663441159512,0.5705336558840488
30,1,rl_agent,5,7,"[5, 4, 9, 8, 7]",4,24.060865145747204,21.65,2.4108651457472057,0.0,True,0.05,1500,3.165449520429254,0.6834550479570746
31,1,rl_agent,1,13,"[1, 7, 8, 9, 13]",4,30.458465523118544,26.4,4.058465523118546,0.03039811370354817,True,0.05,1500,1.830420966048182,0.8169579033951818
32,1,rl_agent,8,12,"[8, 12]",1,5.053575732500078,4.5,0.5535757325000779,0.0,True,0.05,1500,4.74574332510039,0.525425667489961
33,1,rl_agent,7,4,"[7, 1, 2, 5, 4]",4,34.645984992632506,33.0,1.6459849926325063,0.0,True,0.05,1500,5.423453371790508,0.4576546628209492
34,1,rl_agent,7,2,"[7, 1, 2]",2,19.58557039081803,18.75,0.835570390818031,0.0,True,0.05,1500,5.394610919894652,0.46053890801053476
35,1,rl_agent,7,13,"[7, 8, 9, 13]",3,15.175793918429317,11.4,3.7757939184293168,0.033052733778996646,True,0.05,1500,1.7804209660481813,0.8219579033951818
36,1,rl_agent,13,8,"[13, 9, 8]",2,12.232911909427333,9.5,2.732911909427333,0.035818464965556296,True,0.05,1500,1.7304209660481806,0.8269579033951819
37,1,rl_agent,2,6,"[2, 5, 6]",2,17.591405953519832,16.5,1.091405953519832,0.0,True,0.05,1500,4.2446634411595126,0.5755336558840487
38,1,rl_agent,1,0,"[1, 0]",1,6.731843725485545,6.5,0.231843725485545,0.0,True,0.05,1500,6.832059667769548,0.31679403322304517
39,1,rl_agent,10,4,"[10, 5, 4]",2,12.120586155085046,11.25,0.8705861550850464,0.0,True,0.05,1500,5.318663181886129,0.4681336818113871
40,1,rl_agent,10,0,"[10, 5, 2, 0]",3,28.76119461182262,27.5,1.2611946118226207,0.0,True,0.05,1500,5.268663181886129,0.47313368181138704
41,1,rl_agent,13,6,"[13, 9, 4, 5, 6]",4,29.463986793716437,25.25,4.213986793716437,0.03869530726322712,True,0.05,1500,1.68042096604818,0.831957903395182
42,1,rl_agent,1,11,"[1, 7, 8, 12, 11]",4,25.887401735193947,23.15,2.7374017351939486,0.0,True,0.05,1500,3.0154495204292546,0.6984550479570746
43,1,rl_agent,13,5,"[13, 9, 4, 5]",3,22.884547831374434,19.25,3.6345478313744337,0.041683260672009004,True,0.05,1500,1.6304209660481792,0.8369579033951821
44,1,rl_agent,3,4,"[3, 4]",1,8.383418485834163,3.0,5.383418485834163,0.10273693288806962,True,0.05,1500,0.8498460566826544,0.9150153943317345
45,1,rl_agent,5,9,"[5, 6, 5]",2,13.44220316118783,12.0,1.4422031611878303,0.0,False,0.05,1500,4.094663441159513,0.5905336558840487
46,1,rl_agent,11,3,"[11, 6, 5, 2, 0, 3]",5,45.6139907004329,43.0,2.6139907004329004,0.0,True,0.05,1500,4.044663441159513,0.5955336558840487
47,1,rl_agent,4,1,"[4, 3, 0, 1]",3,21.395336875847093,15.0,6.395336875847093,0.10757060831766374,True,0.05,1500,0.7998460566826537,0.9200153943317346
48,1,rl_agent,11,7,"[11, 10, 11]",2,4.753234702171869,4.0,0.753234702171869,0.0,False,0.05,1500,5.70374290881433,0.429625709118567
49,1,rl_agent,4,8,"[4, 9, 8]",2,16.98300541026016,16.0,0.9830054102601586,0.0,True,0.05,1500,4.415442412922006,0.5584557587077994
50,2,rl_agent,4,12,"[4, 9, 13, 10, 11, 12]",5,31.755352111219075,21.0,10.755352111219075,0.14659197927115064,True,0.05,1500,0.6879390381034725,0.9312060961896528
51,2,rl_agent,12,8,"[12, 8]",1,5.297487729315475,4.5,0.797487729315475,0.0,True,0.05,1500,3.8536009913850116,0.6146399008614989
52,2,rl_agent,7,8,"[7, 8]",1,3.093492299865013,1.9,1.1934922998650133,5.018379575350007e-05,True,0.05,1500,2.9524787330881557,0.7047521266911845
53,2,rl_agent,9,13,"[9, 13]",1,6.843321749369454,4.5,2.343321749369454,0.03425124259004375,True,0.05,1500,1.7585065781277898,0.824149342187221
54,2,rl_agent,6,12,"[6, 11, 12]",2,14.295202800827985,13.25,1.045202800827985,0.0,True,0.05,1500,4.136893584580243,0.5863106415419758
55,2,rl_agent,3,12,"[3, 8, 12]",2,17.59231077619465,16.5,1.0923107761946511,0.0,True,0.05,1500,3.8036009913850117,0.6196399008614988
56,2,rl_agent,7,10,"[7, 8, 12, 11, 10]",4,13.418432562722359,10.15,3.2684325627223583,0.00021134216666873762,True,0.05,1500,2.902478733088156,0.7097521266911844
57,2,rl_agent,3,6,"[3, 4, 5, 6]",3,14.608253300136434,12.75,1.8582533001364343,0.0017394231507820157,True,0.05,1500,2.7202250157980723,0.7279774984201928
58,2,rl_agent,2,8,"[2, 5, 4, 9, 8]",4,31.706496312536288,30.25,1.456496312536288,0.0,True,0.05,1500,4.7220296916936855,0.5277970308306315
59,2,rl_agent,9,4,"[9, 4]",1,11.570198678079766,11.0,0.5701986780797661,0.0,True,0.05,1500,4.672029691693686,0.5327970308306315
60,2,rl_agent,6,13,"[6, 5, 6]",2,12.651286490063082,12.0,0.6512864900630824,0.0,False,0.05,1500,6.055884342406256,0.3944115657593744
61,2,rl_agent,4,1,"[4, 3, 0, 1]",3,17.118528497746077,15.0,2.1185284977460768,0.0024167008934529166,True,0.05,1500,2.6702250157980725,0.7329774984201928
62,2,rl_agent,6,9,"[6, 5, 6]",2,12.67901178483259,12.0,0.6790117848325892,0.0,False,0.05,1500,5.955884342406256,0.40441156575937437
63,2,rl_agent,12,10,"[12, 11, 10]",2,4.988770696684986,3.75,1.2387706966849859,0.0,True,0.05,1500,4.036893584580243,0.5963106415419757
64,2,rl_agent,12,10,"[12, 11, 10]",2,5.014408755163789,3.75,1.2644087551637888,0.0,True,0.05,1500,3.986893584580243,0.6013106415419757
65,2,rl_agent,4,6,"[4, 5, 6]",2,10.314719854552024,9.75,0.564719854552024,0.0,True,0.05,1500,5.905884342406257,0.4094115657593743
66,2,rl_agent,9,13,"[9, 13]",1,6.92653248398908,4.5,2.42653248398908,0.037065672416426554,True,0.05,1500,1.708506578127789,0.8291493421872211
67,2,rl_agent,5,3,"[5, 2, 0, 3]",3,26.629370456687887,25.5,1.1293704566878873,0.0,True,0.05,1500,5.4601796267804374,0.45398203732195624
68,2,rl_agent,3,0,"[3, 0]",1,5.870108336236627,5.5,0.3701083362366271,0.0,True,0.05,1500,5.746410868359091,0.42535891316409086
69,2,rl_agent,9,0,"[9, 4, 3, 0]",3,21.86775456330197,19.5,2.3677545633019683,0.0032050897472349904,True,0.05,1500,2.6202250157980727,0.7379774984201928
70,2,rl_agent,6,3,"[6, 5, 2, 0, 3]",4,33.02189589180922,31.5,1.5218958918092227,0.0,True,0.05,1500,5.410179626780438,0.45898203732195625
71,2,rl_agent,7,9,"[7, 8, 9]",2,8.500768260748178,6.9,1.6007682607481772,0.00048361164869503703,True,0.05,1500,2.852478733088156,0.7147521266911844
72,2,rl_agent,1,12,"[1, 7, 8, 12]",3,23.858437603900406,21.4,2.458437603900407,0.0008669922418323983,True,0.05,1500,2.802478733088156,0.7197521266911844
73,2,rl_agent,10,6,"[10, 5, 6]",2,14.234198677531058,13.5,0.734198677531058,0.0,True,0.05,1500,5.727354354897174,0.4272645645102826
74,2,rl_agent,10,12,"[10, 11, 12]",2,5.040647630410355,3.75,1.290647630410355,0.0,True,0.05,1500,3.9368935845802433,0.6063106415419757
75,2,rl_agent,8,9,"[8, 9]",1,5.355157754481527,5.0,0.3551577544815272,0.0,True,0.05,1500,5.846874420300901,0.41531255796990985
76,2,rl_agent,12,10,"[12, 11, 10]",2,5.06750892927456,3.75,1.3175089292745596,0.0,True,0.05,1500,3.8868935845802435,0.6113106415419757
77,2,rl_agent,12,11,"[12, 11]",1,2.553137522524488,1.75,0.8031375225244881,0.0,True,0.05,1500,3.8368935845802437,0.6163106415419757
78,2,rl_agent,10,13,"[10, 13]",1,9.087739503863082,1.75,7.337739503863082,0.12398515528256782,True,0.05,1500,0.6379390381034717,0.9362060961896528
79,2,rl_agent,12,1,"[12, 7, 1]",2,21.67055885497503,20.75,0.920558854975031,0.0,True,0.05,1500,4.589501451385995,0.5410498548614006
80,2,rl_agent,9,8,"[9, 8]",1,5.362533778977475,5.0,0.3625337789774754,0.0,True,0.05,1500,5.7968744203009015,0.42031255796990985
81,2,rl_agent,7,1,"[7, 1]",1,15.338081332274115,15.0,0.33808133227411474,0.0,True,0.05,1500,5.966008079946864,0.4033991920053136
82,2,rl_agent,12,3,"[12, 7, 1, 0, 3]",4,34.48884495942567,32.75,1.7388449594256699,0.0,True,0.05,1500,4.539501451385995,0.5460498548614006
83,2,rl_agent,2,4,"[2, 5, 4]",2,14.839084017845803,14.25,0.5890840178458028,0.0,True,0.05,1500,5.775116807201749,0.4224883192798251
84,2,rl_agent,4,7,"[4, 9, 8, 7]",3,20.180188810348696,17.9,2.2801888103486974,0.0013614839460809325,True,0.05,1500,2.7524787330881564,0.7247521266911844
85,2,rl_agent,6,9,"[6, 5, 6]",2,12.75257670851822,12.0,0.7525767085182196,0.0,False,0.05,1500,5.705884342406257,0.4294115657593743
86,2,rl_agent,10,5,"[10, 5]",1,7.88069190109423,7.5,0.38069190109423,0.0,True,0.05,1500,5.677354354897174,0.4322645645102826
87,2,rl_agent,12,5,"[12, 7, 1, 2, 5]",4,36.84970276649666,35.0,1.8497027664966623,0.0,True,0.05,1500,4.489501451385995,0.5510498548614005
88,2,rl_agent,7,8,"[7, 8]",1,3.2501533199065875,1.9,1.3501533199065876,0.0019670867614406395,True,0.05,1500,2.7024787330881566,0.7297521266911844
89,2,rl_agent,3,6,"[3, 4, 5, 6]",3,14.80796043550433,12.75,2.057960435504331,0.004104589712128126,True,0.05,1500,2.570225015798073,0.7429774984201927
90,2,rl_agent,9,5,"[9, 4, 5]",2,15.589615704332935,14.75,0.8396157043329353,0.0,True,0.05,1500,4.522029691693686,0.5477970308306314
91,2,rl_agent,12,2,"[12, 7, 1, 2]",3,26.006539931291854,24.5,1.5065399312918544,0.0,True,0.05,1500,4.439501451385995,0.5560498548614005
92,2,rl_agent,13,4,"[13, 9]",1,7.014760427205703,4.5,2.5147604272057027,0.03999121335392031,False,0.05,1500,1.6585065781277883,0.8341493421872211
93,2,rl_agent,4,1,"[4, 3, 0, 1]",3,17.292393712322152,15.0,2.292393712322152,0.005115200788132435,True,0.05,1500,2.520225015798073,0.7479774984201927
94,2,rl_agent,12,5,"[12, 7, 1, 2, 5]",4,36.918386330066184,35.0,1.918386330066184,0.0,True,0.05,1500,4.389501451385995,0.5610498548614005
95,2,rl_agent,11,1,"[11, 6, 5, 2, 0, 1]",5,45.97247989152571,44.0,1.9724798915257082,0.0,True,0.05,1500,5.360179626780438,0.4639820373219562
96,2,rl_agent,2,9,"[2, 5, 6, 5]",3,23.71308085591097,22.5,1.2130808559109703,0.0,False,0.05,1500,5.505884342406258,0.4494115657593742
97,2,rl_agent,5,13,"[5, 6, 5]",2,12.849836098333693,12.0,0.849836098333693,0.0,False,0.05,1500,5.405884342406258,0.45941156575937414
98,2,rl_agent,2,6,"[2, 5, 6]",2,17.338510889412056,16.5,0.8385108894120563,0.0,True,0.05,1500,5.3558843424062585,0.46441156575937415
99,2,rl_agent,0,4,"[0, 3, 4]",2,10.433791644180085,8.5,1.9337916441800846,0.006236922975247805,True,0.05,1500,2.470225015798073,0.7529774984201927
100,3,rl_agent,2,12,"[2, 5, 10, 11, 12]",4,23.680582177996524,21.75,1.9305821779965235,0.0,True,0.05,1500,4.75733993748368,0.524266006251632
101,3,rl_agent,12,11,"[12, 11]",1,2.2913409400865246,1.75,0.5413409400865246,0.0,True,0.05,1500,4.80150141757084,0.519849858242916
102,3,rl_agent,1,4,"[1, 2, 5, 4]",3,19.603088588584203,18.0,1.6030885885842032,0.0,True,0.05,1500,4.307692002991627,0.5692307997008373
103,3,rl_agent,7,12,"[7, 12]",1,6.585976325191869,5.75,0.8359763251918686,0.0,True,0.05,1500,3.742581291088312,0.6257418708911688
104,3,rl_agent,7,5,"[7, 1, 2, 5]",3,30.63724280665425,29.25,1.3872428066542497,0.0,True,0.05,1500,4.257692002991627,0.5742307997008373
105,3,rl_agent,12,3,"[12, 7, 1, 0, 3]",4,34.51077643421925,32.75,1.7607764342192525,0.0,True,0.05,1500,3.6925812910883122,0.6307418708911687
106,3,rl_agent,12,2,"[12, 7, 1, 2]",3,26.292038615757445,24.5,1.7920386157574448,0.0,True,0.05,1500,3.6425812910883124,0.6357418708911687
107,3,rl_agent,11,8,"[11, 10, 11]",2,5.147148401068382,4.0,1.1471484010683817,0.0,False,0.05,1500,4.65733993748368,0.534266006251632
108,3,rl_agent,4,1,"[4, 3, 0, 1]",3,16.76604416064933,15.0,1.7660441606493293,0.0,True,0.05,1500,3.182958653949501,0.6817041346050499
109,3,rl_agent,2,5,"[2, 5]",1,11.002293811831427,10.5,0.5022938118314269,0.0,True,0.05,1500,4.988557188499269,0.5011442811500731
110,3,rl_agent,4,8,"[4, 9, 8]",2,16.774121993864085,16.0,0.7741219938640853,0.0,True,0.05,1500,5.089907300678414,0.4910092699321586
111,3,rl_agent,1,9,"[1, 7, 8, 9]",3,25.44471657857536,21.9,3.544716578575361,0.05516392644199075,True,0.05,1500,1.4244440061078176,0.8575555993892182
112,3,rl_agent,4,1,"[4, 3, 0, 1]",3,16.805606003593084,15.0,1.805606003593084,0.0,True,0.05,1500,3.132958653949501,0.6867041346050499
113,3,rl_agent,10,7,"[10, 11, 10]",2,5.194262472665461,4.0,1.1942624726654607,0.0,False,0.05,1500,4.557339937483681,0.5442660062516319
114,3,rl_agent,3,13,"[3, 8, 9, 13]",3,23.639476050590652,21.5,2.139476050590652,0.006617614566571506,True,0.05,1500,2.454296183359765,0.7545703816640235
115,3,rl_agent,0,3,"[0, 3]",1,5.85548707686886,5.5,0.35548707686885983,0.0,True,0.05,1500,5.844623647969451,0.4155376352030549
116,3,rl_agent,6,7,"[6, 5, 4, 9, 8, 7]",5,32.26022546474716,27.65,4.61022546474716,0.05872071753952901,True,0.05,1500,1.374444006107817,0.8625555993892183
117,3,rl_agent,12,9,"[12, 7, 8, 9]",3,17.13460901594076,12.65,4.484609015940761,0.06238861974817833,True,0.05,1500,1.3244440061078162,0.8675555993892183
118,3,rl_agent,2,4,"[2, 5, 4]",2,15.241002896232079,14.25,0.9910028962320787,0.0,True,0.05,1500,4.938557188499269,0.5061442811500731
119,3,rl_agent,5,13,"[5, 6, 5]",2,12.420247525343441,12.0,0.42024752534344145,0.0,False,0.05,1500,7.041026174350711,0.29589738256492887
120,3,rl_agent,12,11,"[12, 11]",1,2.3022989599687844,1.75,0.5522989599687844,0.0,True,0.05,1500,4.75150141757084,0.524849858242916
121,3,rl_agent,12,0,"[12, 7, 1, 0]",3,28.772259492682384,27.25,1.5222594926823838,0.0,True,0.05,1500,3.5425812910883128,0.6457418708911687
122,3,rl_agent,7,5,"[7, 1, 2, 5]",3,30.722866857019994,29.25,1.4728668570199943,0.0,True,0.05,1500,4.157692002991627,0.5842307997008372
123,3,rl_agent,1,6,"[1, 2, 5, 6]",3,21.715797040114293,20.25,1.4657970401142926,0.0,True,0.05,1500,4.1076920029916275,0.5892307997008372
124,3,rl_agent,5,1,"[5, 2, 0, 1]",3,27.838438314856464,26.5,1.3384383148564645,0.0,True,0.05,1500,4.7885571884992695,0.521144281150073
125,3,rl_agent,10,8,"[10, 11, 10]",2,5.243490543744649,4.0,1.2434905437446488,0.0,False,0.05,1500,4.457339937483681,0.5542660062516319
126,3,rl_agent,8,1,"[8, 3, 0, 1]",3,25.051282232413183,24.0,1.0512822324131825,0.0,True,0.05,1500,5.65423538150424,0.43457646184957605
127,3,rl_agent,4,5,"[4, 5]",1,4.238231902802429,3.75,0.4882319028024291,0.0,True,0.05,1500,5.059541172290627,0.49404588277093725
128,3,rl_agent,9,6,"[9, 4, 5, 6]",3,21.970472603352903,20.75,1.2204726033529028,0.0,True,0.05,1500,4.989907300678414,0.5010092699321586
129,3,rl_agent,5,7,"[5, 4, 9, 8, 7]",4,26.41802618743735,21.65,4.76802618743735,0.06616763306793882,True,0.05,1500,1.2744440061078155,0.8725555993892185
130,3,rl_agent,8,1,"[8, 3, 0, 1]",3,25.07320048214013,24.0,1.0732004821401304,0.0,True,0.05,1500,5.60423538150424,0.439576461849576
131,3,rl_agent,2,5,"[2, 5]",1,11.055173505584204,10.5,0.5551735055842038,0.0,True,0.05,1500,4.73855718849927,0.5261442811500731
132,3,rl_agent,2,0,"[2, 0]",1,9.926241290646349,9.5,0.42624129064634886,0.0,True,0.05,1500,5.3981614191599085,0.46018385808400913
133,3,rl_agent,13,10,"[13, 10]",1,8.475549794200896,1.75,6.725549794200896,0.11837589777734159,True,0.05,1500,0.6919888648491384,0.9308011135150862
134,3,rl_agent,6,4,"[6, 5, 4]",2,10.494006447474064,9.75,0.7440064474740637,0.0,True,0.05,1500,4.909541172290628,0.5090458827709372
135,3,rl_agent,5,8,"[5, 4, 9, 8]",3,21.132695448465658,19.75,1.3826954484656575,0.0,True,0.05,1500,4.859541172290628,0.5140458827709372
136,3,rl_agent,6,13,"[6, 5, 6]",2,12.472531506029146,12.0,0.47253150602914573,0.0,False,0.05,1500,6.791026174350712,0.3208973825649288
137,3,rl_agent,1,10,"[1, 2, 5, 10]",3,23.432324167753734,21.75,1.682324167753734,0.0,True,0.05,1500,4.057692002991628,0.5942307997008373
138,3,rl_agent,12,6,"[12, 7, 1, 2, 5, 6]",5,43.751964236332384,41.0,2.751964236332384,0.0,True,0.05,1500,3.492581291088313,0.6507418708911687
139,3,rl_agent,13,7,"[13, 9, 8, 7]",3,16.901342308493398,11.4,5.501342308493397,0.07739113813341292,True,0.05,1500,1.2244440061078148,0.8775555993892186
140,3,rl_agent,9,8,"[9, 8]",1,5.34533155639351,5.0,0.34533155639350976,0.0,True,0.05,1500,5.914838931758103,0.4085161068241897
141,3,rl_agent,11,0,"[11, 6, 5, 2, 0]",4,39.23406048506909,37.5,1.7340604850690866,0.0,True,0.05,1500,4.58855718849927,0.541144281150073
142,3,rl_agent,9,0,"[9, 4, 3, 0]",3,21.532917487980495,19.5,2.0329174879804945,0.0,True,0.05,1500,3.0829586539495013,0.6917041346050499
143,3,rl_agent,9,13,"[9, 13]",1,6.123776963722809,4.5,1.6237769637228094,0.009265187084972593,True,0.05,1500,2.3542961833597653,0.7645703816640235
144,3,rl_agent,3,11,"[3, 8, 12, 11]",3,19.681373611385016,18.25,1.4313736113850162,0.0,True,0.05,1500,4.7015014175708405,0.529849858242916
145,3,rl_agent,5,12,"[5, 10, 11, 12]",3,12.850941677236714,11.25,1.6009416772367135,0.0,True,0.05,1500,4.407339937483681,0.5592660062516319
146,3,rl_agent,3,13,"[3, 8, 9, 13]",3,23.846396662890772,21.5,2.346396662890772,0.010755640010839729,True,0.05,1500,2.3042961833597655,0.7695703816640235
147,3,rl_agent,10,4,"[10, 5, 4]",2,12.189169091175355,11.25,0.939169091175355,0.0,True,0.05,1500,4.809541172290628,0.5190458827709372
148,3,rl_agent,12,8,"[12, 8]",1,5.061774628860385,4.5,0.5617746288603849,0.0,True,0.05,1500,4.709097264234461,0.5290902735765539
149,3,rl_agent,1,6,"[1, 2, 5, 6]",3,21.867929974597647,20.25,1.6179299745976472,0.0,True,0.05,1500,3.957692002991628,0.6042307997008372
150,4,rl_agent,7,2,"[7, 1, 2]",2,19.703855702403107,18.75,0.9538557024031071,0.0,True,0.05,1500,4.025495223225325,0.5974504776774675
151,4,rl_agent,5,8,"[5, 4, 9, 8]",3,23.497412547781256,19.75,3.7474125477812557,0.04942469782305725,True,0.05,1500,1.5086544994409987,0.8491345500559001
152,4,rl_agent,10,2,"[10, 5, 2]",2,18.931398565346534,18.0,0.9313985653465338,0.0,True,0.05,1500,4.080463013560337,0.5919536986439663
153,4,rl_agent,9,2,"[9, 4, 5, 2]",3,29.46238389289509,25.25,4.21238389289509,0.052794354490966255,True,0.05,1500,1.458654499440998,0.8541345500559002
154,4,rl_agent,1,8,"[1, 7, 8]",2,19.63247342635728,16.9,2.7324734263572807,0.0400186959760348,True,0.05,1500,1.6580457090788947,0.8341954290921105
155,4,rl_agent,11,5,"[11, 6, 5]",2,18.29305133403536,17.5,0.7930513340353613,0.0,True,0.05,1500,4.535707168443387,0.5464292831556613
156,4,rl_agent,11,7,"[11, 10, 11]",2,5.73179834081113,4.0,1.73179834081113,0.0,False,0.05,1500,3.660592310423171,0.6339407689576829
157,4,rl_agent,7,1,"[7, 1]",1,15.22205122361802,15.0,0.22205122361802054,0.0,True,0.05,1500,6.924716469485681,0.30752835305143195
158,4,rl_agent,4,3,"[4, 3]",1,5.275343989597734,3.0,2.275343989597734,0.03191586988894346,True,0.05,1500,1.8015784777456414,0.8198421522254359
159,4,rl_agent,2,0,"[2, 0]",1,9.860826710154647,9.5,0.3608267101546474,0.0,True,0.05,1500,5.808369955320911,0.4191630044679089
160,4,rl_agent,9,11,"[9, 8, 12, 11]",3,12.477215526564228,11.25,1.227215526564228,0.0,True,0.05,1500,5.032160142478342,0.49678398575216576
161,4,rl_agent,10,0,"[10, 5, 2, 0]",3,28.835504457250565,27.5,1.3355044572505648,0.0,True,0.05,1500,3.980463013560337,0.6019536986439663
162,4,rl_agent,13,10,"[13, 10]",1,2.9820931411772094,1.75,1.2320931411772094,0.0002853609550911296,True,0.05,1500,2.886680791658682,0.7113319208341318
163,4,rl_agent,5,11,"[5, 10, 11]",2,10.600974627214061,9.5,1.100974627214061,0.0,True,0.05,1500,3.610592310423171,0.6389407689576829
164,4,rl_agent,1,9,"[1, 7, 8]",2,19.736667071210658,16.9,2.836667071210659,0.04305637217808178,False,0.05,1500,1.608045709078894,0.8391954290921106
165,4,rl_agent,7,8,"[7, 8]",1,4.60914846776605,1.9,2.7091484677660502,0.04620515949123982,True,0.05,1500,1.5580457090788933,0.8441954290921106
166,4,rl_agent,9,12,"[9, 13, 10, 11, 12]",4,14.652204962673274,10.0,4.652204962673274,0.02822012589028078,True,0.05,1500,1.884666037380514,0.8115333962619486
167,4,rl_agent,9,7,"[9, 8, 7]",2,10.132018377054886,6.9,3.232018377054885,0.049465057915509036,True,0.05,1500,1.5080457090788926,0.8491954290921108
168,4,rl_agent,4,11,"[4, 5, 10, 11]",3,14.950616998383627,13.25,1.7006169983836266,0.0,True,0.05,1500,3.5105923104231715,0.6489407689576828
169,4,rl_agent,3,2,"[3, 0, 2]",2,15.634160099433867,15.0,0.634160099433867,0.0,True,0.05,1500,5.7083699553209115,0.42916300446790884
170,4,rl_agent,11,4,"[11, 6, 5, 4]",3,22.62642185980815,21.25,1.3764218598081506,0.0,True,0.05,1500,4.485707168443387,0.5514292831556613
171,4,rl_agent,2,10,"[2, 5, 10]",2,18.998681815399493,18.0,0.9986818153994932,0.0,True,0.05,1500,3.9304630135603373,0.6069536986439663
172,4,rl_agent,3,12,"[3, 8, 12]",2,17.231002191429884,16.5,0.7310021914298837,0.0,True,0.05,1500,4.982160142478342,0.5017839857521658
173,4,rl_agent,13,6,"[13, 9, 4, 5, 6]",4,31.302911459681482,25.25,6.052911459681482,0.08475470995467171,True,0.05,1500,1.4086544994409973,0.8591345500559002
174,4,rl_agent,10,1,"[10, 5, 2, 0, 1]",4,36.008946096217144,34.0,2.0089460962171444,0.0,True,0.05,1500,3.8804630135603375,0.6119536986439662
175,4,rl_agent,10,13,"[10, 13]",1,3.044249278556196,1.75,1.294249278556196,0.0010112241032748104,True,0.05,1500,2.786680791658682,0.7213319208341318
176,4,rl_agent,5,6,"[5, 6]",1,6.205301689211282,6.0,0.20530168921128222,0.0,True,0.05,1500,7.089164929679025,0.2910835070320975
177,4,rl_agent,7,8,"[7, 8]",1,4.829247772457495,1.9,2.929247772457495,0.0528360674508892,True,0.05,1500,1.4580457090788919,0.8541954290921108
178,4,rl_agent,6,5,"[6, 5]",1,6.210311528419891,6.0,0.21031152841989087,0.0,True,0.05,1500,7.039164929679025,0.2960835070320975
179,4,rl_agent,1,9,"[1, 7, 8, 9]",3,25.608598101668584,21.9,3.708598101668585,0.05631818809738065,True,0.05,1500,1.4080457090788912,0.8591954290921109
180,4,rl_agent,11,12,"[11, 12]",1,2.089316772605352,1.75,0.33931677260535187,0.0,True,0.05,1500,5.957226357432759,0.40427736425672406
181,4,rl_agent,13,7,"[13, 9, 8, 7]",3,17.316986787128613,11.4,5.916986787128613,0.09076798159663724,True,0.05,1500,1.3580457090788904,0.864195429092111
182,4,rl_agent,7,3,"[7, 1, 0, 3]",3,28.119338276095046,27.0,1.1193382760950463,0.0,True,0.05,1500,4.475260932709209,0.5524739067290791
183,4,rl_agent,12,11,"[12, 11]",1,2.0964209253990678,1.75,0.34642092539906777,0.0,True,0.05,1500,5.9072263574327595,0.40927736425672406
184,4,rl_agent,11,0,"[11, 6, 5, 2, 0]",4,39.53945889239822,37.5,2.0394588923982226,0.0,True,0.05,1500,3.8304630135603377,0.6169536986439662
185,4,rl_agent,7,1,"[7, 1]",1,15.24352577133745,15.0,0.2435257713374508,0.0,True,0.05,1500,6.724716469485681,0.32752835305143185
186,4,rl_agent,5,8,"[5, 4, 9, 8]",3,23.96200416566584,19.75,4.212004165665839,0.05986700116011745,True,0.05,1500,1.3586544994409966,0.8641345500559003
187,4,rl_agent,10,7,"[10, 11, 10]",2,5.932042029602548,4.0,1.932042029602548,0.0,False,0.05,1500,3.410592310423172,0.6589407689576828
188,4,rl_agent,6,2,"[6, 5, 2]",2,17.54313711486303,16.5,1.043137114863029,0.0,True,0.05,1500,3.780463013560338,0.6219536986439662
189,4,rl_agent,0,10,"[0, 3, 4, 5, 10]",4,23.213293171588322,19.75,3.4632931715883224,0.03463458438284206,True,0.05,1500,1.7515784777456407,0.8248421522254359
190,4,rl_agent,0,8,"[0, 3, 8]",2,18.008654882678915,17.5,0.5086548826789148,0.0,True,0.05,1500,6.4441024371681515,0.3555897562831849
191,4,rl_agent,4,13,"[4, 9, 13]",2,21.203117352371947,15.5,5.703117352371947,0.09688754735825256,True,0.05,1500,1.3086544994409959,0.8691345500559005
192,4,rl_agent,7,11,"[7, 8, 12, 11]",3,12.339897349618386,8.15,4.189897349618386,0.06361576272369684,True,0.05,1500,1.3080457090788897,0.869195429092111
193,4,rl_agent,6,9,"[6, 5, 6]",2,12.462166814636143,12.0,0.4621668146361433,0.0,False,0.05,1500,6.839164929679026,0.3160835070320974
194,4,rl_agent,11,6,"[11, 6]",1,12.140066996715296,11.5,0.6400669967152961,0.0,True,0.05,1500,4.385707168443387,0.5614292831556613
195,4,rl_agent,4,5,"[4, 5]",1,4.363783515116394,3.75,0.6137835151163937,0.0,True,0.05,1500,4.4892027329722906,0.551079726702771
196,4,rl_agent,0,9,"[0, 3, 8, 9]",3,23.47147520402189,22.5,0.971475204021889,0.0,True,0.05,1500,5.255721861944979,0.47442781380550214
197,4,rl_agent,8,3,"[8, 3]",1,12.243649849335723,12.0,0.2436498493357231,0.0,True,0.05,1500,6.72359445035365,0.327640554964635
198,4,rl_agent,2,6,"[2, 5, 6]",2,17.576783796905076,16.5,1.076783796905076,0.0,True,0.05,1500,3.730463013560338,0.6269536986439662
199,4,rl_agent,1,7,"[1, 7]",1,15.249095489352715,15.0,0.2490954893527153,0.0,True,0.05,1500,6.6747164694856815,0.33252835305143186
200,5,rl_agent,11,3,"[11, 6, 5, 2, 0, 3]",5,44.87316894604666,43.0,1.8731689460466612,0.0,True,0.05,1500,4.49758885577942,0.550241114422058
201,5,rl_agent,3,5,"[3, 4, 5]",2,8.267833634856878,6.75,1.5178336348568777,0.0,True,0.05,1500,3.0231297986627066,0.6976870201337293
202,5,rl_agent,6,10,"[6, 11, 10]",2,14.800247854711984,13.5,1.3002478547119836,0.0,True,0.05,1500,4.2515444247517244,0.5748455575248276
203,5,rl_agent,11,12,"[11, 12]",1,2.031846927727381,1.75,0.28184692772738096,0.0,True,0.05,1500,6.395113701519117,0.3604886298480884
204,5,rl_agent,11,8,"[11, 10, 11]",2,5.4087421395226984,4.0,1.4087421395226984,0.0,False,0.05,1500,4.151544424751725,0.5848455575248275
205,5,rl_agent,4,8,"[4, 9, 8]",2,18.078868071399707,16.0,2.0788680713997074,0.011146013735361171,True,0.05,1500,2.2917834949033944,0.7708216505096606
206,5,rl_agent,11,6,"[11, 6]",1,12.136986690656375,11.5,0.636986690656375,0.0,True,0.05,1500,4.3975888557794205,0.5602411144220579
207,5,rl_agent,0,9,"[0, 3, 8, 9]",3,23.24558835038932,22.5,0.745588350389319,0.0,True,0.05,1500,5.523135006043369,0.4476864993956631
208,5,rl_agent,0,7,"[0, 3, 8, 7]",3,20.913877562075854,19.4,1.513877562075855,0.0,True,0.05,1500,3.004072988940793,0.6995927011059206
209,5,rl_agent,0,11,"[0, 3, 4, 5, 10, 11]",5,24.658119396689038,21.75,2.908119396689038,1.604461599791218e-05,True,0.05,1500,2.9731297986627068,0.7026870201337293
210,5,rl_agent,2,5,"[2, 5]",1,11.028886842845509,10.5,0.5288868428455089,0.0,True,0.05,1500,4.859620894919701,0.5140379105080299
211,5,rl_agent,10,5,"[10, 5]",1,8.04695696051905,7.5,0.5469569605190507,0.0,True,0.05,1500,4.775745506788686,0.5224254493211313
212,5,rl_agent,2,10,"[2, 5, 10]",2,19.097617097707094,18.0,1.0976170977070936,0.0,True,0.05,1500,4.725745506788686,0.5274254493211313
213,5,rl_agent,12,2,"[12, 7, 1, 2]",3,26.250184890420584,24.5,1.7501848904205843,0.0,True,0.05,1500,4.058077532397254,0.5941922467602746
214,5,rl_agent,10,12,"[10, 11, 12]",2,4.772105234883463,3.75,1.0221052348834627,0.0,True,0.05,1500,4.051544424751725,0.5948455575248275
215,5,rl_agent,3,8,"[3, 8]",1,12.25898322249611,12.0,0.2589832224961093,0.0,True,0.05,1500,6.587760904063508,0.34122390959364923
216,5,rl_agent,12,2,"[12, 7, 1, 2]",3,26.28621454734779,24.5,1.7862145473477895,0.0,True,0.05,1500,4.008077532397254,0.5991922467602746
217,5,rl_agent,9,5,"[9, 4, 5]",2,16.859475130332356,14.75,2.1094751303323562,0.012775383746686964,True,0.05,1500,2.2417834949033946,0.7758216505096606
218,5,rl_agent,1,11,"[1, 7, 8, 12, 11]",4,25.619691299489958,23.15,2.469691299489959,4.687311877404898e-05,True,0.05,1500,2.9540729889407933,0.7045927011059206
219,5,rl_agent,11,1,"[11, 6, 5, 2, 0, 1]",5,46.27390894548474,44.0,2.2739089454847417,0.0,True,0.05,1500,4.347588855779421,0.5652411144220579
220,5,rl_agent,8,0,"[8, 3, 0]",2,17.86818736427087,17.5,0.3681873642708702,0.0,True,0.05,1500,6.537760904063507,0.34622390959364924
221,5,rl_agent,11,0,"[11, 6, 5, 2, 0]",4,39.40745997117553,37.5,1.907459971175527,0.0,True,0.05,1500,4.297588855779421,0.5702411144220579
222,5,rl_agent,13,10,"[13, 10]",1,7.119673589672012,1.75,5.369673589672012,0.10254684528853342,True,0.05,1500,0.8518361240389503,0.914816387596105
223,5,rl_agent,12,7,"[12, 7]",1,6.348203265565576,5.75,0.5982032655655756,0.0,True,0.05,1500,4.5528912149291365,0.5447108785070863
224,5,rl_agent,6,1,"[6, 5, 2, 0, 1]",4,34.183652294965384,32.5,1.683652294965384,0.0,True,0.05,1500,4.659620894919701,0.5340379105080298
225,5,rl_agent,5,7,"[5, 4, 9]",2,16.918152169453037,14.75,2.1681521694530375,0.014515864869123818,False,0.05,1500,2.1917834949033947,0.7808216505096606
226,5,rl_agent,10,9,"[10, 11, 10]",2,5.530656099261316,4.0,1.530656099261316,0.0,False,0.05,1500,3.9515444247517255,0.6048455575248275
227,5,rl_agent,9,1,"[9, 4, 3, 0, 1]",4,29.57410563270912,26.0,3.57410563270912,0.01649661959364357,True,0.05,1500,2.141783494903395,0.7858216505096605
228,5,rl_agent,5,12,"[5, 10, 11, 12]",3,12.901517909304854,11.25,1.6515179093048538,0.0,True,0.05,1500,3.9015444247517257,0.6098455575248274
229,5,rl_agent,4,9,"[4, 9]",1,12.890304738603415,11.0,1.8903047386034153,0.018330160447330934,True,0.05,1500,2.091783494903395,0.7908216505096605
230,5,rl_agent,13,2,"[13, 9, 4, 5, 2]",4,33.589581225019096,29.75,3.8395812250190957,0.020403974903101196,True,0.05,1500,2.0417834949033953,0.7958216505096605
231,5,rl_agent,2,5,"[2, 5]",1,11.09658239472737,10.5,0.5965823947273705,0.0,True,0.05,1500,4.559620894919702,0.5440379105080299
232,5,rl_agent,11,6,"[11, 6]",1,12.177138411877323,11.5,0.6771384118773227,0.0,True,0.05,1500,4.247588855779421,0.5752411144220579
233,5,rl_agent,5,3,"[5, 2, 0, 3]",3,26.710741203336504,25.5,1.2107412033365037,0.0,True,0.05,1500,4.509620894919702,0.5490379105080299
234,5,rl_agent,0,12,"[0, 3, 8, 12]",3,22.91696935874882,22.0,0.916969358748819,0.0,True,0.05,1500,4.846070319451004,0.5153929680548995
235,5,rl_agent,6,8,"[6, 5, 4, 9, 8]",4,28.797424873874146,25.75,3.047424873874146,0.02258890046998252,True,0.05,1500,1.9917834949033946,0.8008216505096606
236,5,rl_agent,2,11,"[2, 5, 10, 11]",3,22.000258917543846,20.0,2.000258917543846,0.0,True,0.05,1500,3.851544424751726,0.6148455575248274
237,5,rl_agent,7,5,"[7, 1, 2, 5]",3,31.118079699972384,29.25,1.8680796999723839,0.0,True,0.05,1500,3.9580775323972546,0.6041922467602745
238,5,rl_agent,10,12,"[10, 11, 12]",2,4.872342606756119,3.75,1.1223426067561189,0.0,True,0.05,1500,3.801544424751726,0.6198455575248274
239,5,rl_agent,4,2,"[4, 5, 2]",2,15.308036715388031,14.25,1.058036715388031,0.0,True,0.05,1500,4.359620894919702,0.5640379105080298
240,5,rl_agent,1,11,"[1, 7, 8, 12, 11]",4,25.708370403051617,23.15,2.558370403051619,0.00020448869890565824,True,0.05,1500,2.9040729889407935,0.7095927011059207
241,5,rl_agent,13,10,"[13, 10]",1,7.485688128908899,1.75,5.735688128908899,0.10737609834622464,True,0.05,1500,0.8018361240389495,0.9198163875961051
242,5,rl_agent,12,9,"[12, 7, 8, 9]",3,14.934255946918295,12.65,2.284255946918295,0.00047321539014832936,True,0.05,1500,2.8540729889407936,0.7145927011059207
243,5,rl_agent,3,10,"[3, 4, 5, 10]",3,16.50250684463582,14.25,2.252506844635821,0.00035768995527474257,True,0.05,1500,2.873129798662707,0.7126870201337293
244,5,rl_agent,11,3,"[11, 6, 5, 2, 0, 3]",5,45.19670073831286,43.0,2.196700738312863,0.0,True,0.05,1500,4.197588855779421,0.5802411144220578
245,5,rl_agent,0,8,"[0, 3, 8]",2,17.898837948421395,17.5,0.3988379484213951,0.0,True,0.05,1500,6.4377609040635075,0.3562239095936492
246,5,rl_agent,7,10,"[7, 8, 12, 11, 10]",4,13.139737304760743,10.15,2.9897373047607427,0.0008530531925020624,True,0.05,1500,2.804072988940794,0.7195927011059207
247,5,rl_agent,0,11,"[0, 3, 4, 5, 10, 11]",5,25.03078746238379,21.75,3.2807874623837883,0.0006951792915799171,True,0.05,1500,2.8231297986627073,0.7176870201337293
248,5,rl_agent,2,10,"[2, 5, 10]",2,19.290945708507614,18.0,1.2909457085076141,0.0,True,0.05,1500,4.259620894919703,0.5740379105080298
249,5,rl_agent,11,7,"[11, 10, 11]",2,5.776586603034711,4.0,1.776586603034711,0.0,False,0.05,1500,3.6015444247517268,0.6398455575248273
250,6,rl_agent,12,3,"[12, 7, 1, 0, 3]",4,33.89285062956696,32.75,1.1428506295669578,0.0,True,0.05,1500,5.295241328518667,0.4704758671481333
251,6,rl_agent,4,10,"[4, 5, 10]",2,13.395560829586755,11.25,2.1455608295867545,0.007313257194074385,True,0.05,1500,2.4263306058945213,0.7573669394105479
252,6,rl_agent,12,5,"[12, 7, 1, 2, 5]",4,36.746884676870046,35.0,1.746884676870046,0.0,True,0.05,1500,4.633502562590067,0.5366497437409933
253,6,rl_agent,3,13,"[3, 8, 9, 13]",3,24.534229766609872,21.5,3.0342297666098723,0.03224164683386466,True,0.05,1500,1.7954776434105053,0.8204522356589494
254,6,rl_agent,3,6,"[3, 4, 5, 6]",3,15.554653704036344,12.75,2.804653704036344,0.008643633625419866,True,0.05,1500,2.3763306058945215,0.7623669394105479
255,6,rl_agent,0,4,"[0, 3, 4]",2,9.67730529414944,8.5,1.1773052941494395,0.0,True,0.05,1500,3.128348826760168,0.6871651173239832
256,6,rl_agent,8,4,"[8, 7, 1, 2, 5, 4]",5,38.75932215232438,34.9,3.8593221523243812,0.01008512116787652,True,0.05,1500,2.3263306058945217,0.7673669394105478
257,6,rl_agent,7,12,"[7, 12]",1,6.100520067673247,5.75,0.35052006767324695,0.0,True,0.05,1500,5.878756057665301,0.4121243942334699
258,6,rl_agent,11,9,"[11, 12, 7, 8, 9]",4,18.928558635955213,14.4,4.528558635955212,0.05705949971757762,True,0.05,1500,1.3976025813516202,0.860239741864838
259,6,rl_agent,9,5,"[9, 4, 5]",2,17.587748750236496,14.75,2.8377487502364964,0.011637719821444237,True,0.05,1500,2.276330605894522,0.7723669394105478
260,6,rl_agent,8,11,"[8, 12, 11]",2,9.863869434680048,6.25,3.6138694346800477,0.060675938425685194,True,0.05,1500,1.3476025813516195,0.8652397418648381
261,6,rl_agent,2,7,"[2, 5, 4, 9, 8, 7]",5,36.56770337549845,32.15,4.417703375498455,0.013301699218914442,True,0.05,1500,2.226330605894522,0.7773669394105478
262,6,rl_agent,4,3,"[4, 3]",1,4.1242473746103325,3.0,1.1242473746103325,0.0,True,0.05,1500,3.078348826760168,0.6921651173239832
263,6,rl_agent,1,8,"[1, 7, 8]",2,18.2005884269078,16.9,1.300588426907801,0.0,True,0.05,1500,3.7627461805511846,0.6237253819448816
264,6,rl_agent,11,5,"[11, 6, 5]",2,18.71978757977296,17.5,1.2197875797729587,0.0,True,0.05,1500,3.147820508181935,0.6852179491818065
265,6,rl_agent,11,7,"[11, 10, 11]",2,4.868864024972013,4.0,0.8688640249720132,0.0,False,0.05,1500,5.350844077674273,0.4649155922325727
266,6,rl_agent,6,5,"[6, 5]",1,6.135398799914426,6.0,0.13539879991442572,0.0,True,0.05,1500,7.8690737229491035,0.2130926277050896
267,6,rl_agent,8,0,"[8, 3, 0]",2,18.048650851776898,17.5,0.5486508517768982,0.0,True,0.05,1500,5.174587212558761,0.48254127874412395
268,6,rl_agent,6,3,"[6, 5, 2, 0, 3]",4,32.51647753392166,31.5,1.016477533921659,0.0,True,0.05,1500,5.576386070879902,0.44236139291200977
269,6,rl_agent,7,0,"[7, 1, 0]",2,22.2741721753098,21.5,0.7741721753098005,0.0,True,0.05,1500,5.095241328518668,0.4904758671481332
270,6,rl_agent,0,13,"[0, 3, 8, 9, 13]",4,30.241227244058436,27.0,3.241227244058436,0.03497391873739697,True,0.05,1500,1.7454776434105046,0.8254522356589495
271,6,rl_agent,6,4,"[6, 5, 4]",2,11.691022425887583,9.75,1.9410224258875832,0.015076250461912966,True,0.05,1500,2.176330605894522,0.7823669394105478
272,6,rl_agent,5,4,"[5, 4]",1,5.601468763201365,3.75,1.8514687632013649,0.01696218244881409,True,0.05,1500,2.1263306058945224,0.7873669394105478
273,6,rl_agent,8,1,"[8, 3, 0, 1]",3,24.877249278424877,24.0,0.8772492784248769,0.0,True,0.05,1500,5.074587212558761,0.4925412787441239
274,6,rl_agent,3,9,"[3, 8, 9]",2,17.813489521569394,17.0,0.8134895215693945,0.0,True,0.05,1500,5.024587212558761,0.4975412787441239
275,6,rl_agent,2,13,"[2, 5, 6, 5]",3,23.20658901251393,22.5,0.7065890125139305,0.0,False,0.05,1500,5.5392420201984836,0.4460757979801516
276,6,rl_agent,7,6,"[7, 1, 2, 5, 6]",4,36.911053200594566,35.25,1.6610532005945657,0.0,True,0.05,1500,4.533502562590067,0.5466497437409933
277,6,rl_agent,11,0,"[11, 6, 5, 2, 0]",4,39.59861693408367,37.5,2.0986169340836724,0.0,True,0.05,1500,3.097820508181935,0.6902179491818065
278,6,rl_agent,10,3,"[10, 5, 2, 0, 3]",4,34.53379969879541,33.0,1.5337996987954128,0.0,True,0.05,1500,4.558992072176239,0.5441007927823761
279,6,rl_agent,2,9,"[2, 5, 6, 5]",3,23.27531661610302,22.5,0.7753166161030194,0.0,False,0.05,1500,5.339242020198484,0.4660757979801516
280,6,rl_agent,12,7,"[12, 7]",1,6.115238115280483,5.75,0.36523811528048267,0.0,True,0.05,1500,5.778756057665301,0.42212439423346987
281,6,rl_agent,7,8,"[7, 8]",1,2.746712044629378,1.9,0.8467120446293781,0.0,True,0.05,1500,3.7127461805511848,0.6287253819448815
282,6,rl_agent,4,3,"[4, 3]",1,4.151064750473007,3.0,1.1510647504730072,0.0,True,0.05,1500,3.028348826760168,0.6971651173239832
283,6,rl_agent,7,1,"[7, 1]",1,15.500952640957337,15.0,0.5009526409573368,0.0,True,0.05,1500,4.995241328518668,0.5004758671481332
284,6,rl_agent,10,9,"[10, 11, 10]",2,4.904455712657391,4.0,0.9044557126573913,0.0,False,0.05,1500,5.250844077674273,0.4749155922325727
285,6,rl_agent,8,7,"[8, 7]",1,2.765095956293531,1.9,0.8650959562935312,0.0,True,0.05,1500,3.662746180551185,0.6337253819448815
286,6,rl_agent,5,3,"[5, 2, 0, 3]",3,26.4665963660096,25.5,0.9665963660096004,0.0,True,0.05,1500,5.289242020198484,0.47107579798015153
287,6,rl_agent,2,6,"[2, 5, 6]",2,17.12827509925827,16.5,0.6282750992582713,0.0,True,0.05,1500,5.239242020198485,0.47607579798015154
288,6,rl_agent,11,4,"[11, 6, 5, 4]",3,24.477122232795836,21.25,3.2271222327958355,0.018959225546826164,True,0.05,1500,2.0763306058945226,0.7923669394105477
289,6,rl_agent,6,9,"[6, 5, 6]",2,12.37569109643628,12.0,0.3756910964362792,0.0,False,0.05,1500,7.269073722949106,0.2730926277050894
290,6,rl_agent,4,13,"[4, 9, 13]",2,19.145953912388507,15.5,3.6459539123885065,0.037878517279003265,True,0.05,1500,1.6954776434105039,0.8304522356589497
291,6,rl_agent,6,0,"[6, 5, 2, 0]",3,27.086134227231604,26.0,1.0861342272316037,0.0,True,0.05,1500,5.189242020198485,0.48107579798015154
292,6,rl_agent,0,3,"[0, 3]",1,5.603477775066854,5.5,0.10347777506685407,0.0,True,0.05,1500,8.285309263371126,0.1714690736628875
293,6,rl_agent,13,8,"[13, 9, 8]",2,12.363767048974761,9.5,2.8637670489747613,0.04077179587779478,True,0.05,1500,1.6454776434105032,0.8354522356589497
294,6,rl_agent,4,5,"[4, 5]",1,5.717514425067252,3.75,1.967514425067252,0.021067379755949522,True,0.05,1500,2.0263306058945227,0.7973669394105477
295,6,rl_agent,7,10,"[7, 8, 12, 11, 10]",4,15.260446747701561,10.15,5.110446747701561,0.06440348824490383,True,0.05,1500,1.2976025813516188,0.8702397418648381
296,6,rl_agent,3,5,"[3, 4, 5]",2,9.958723623499354,6.75,3.2087236234993544,0.02329681967940933,True,0.05,1500,1.976330605894523,0.8023669394105477
297,6,rl_agent,13,3,"[13, 9, 4, 3]",3,23.567529923766607,18.5,5.067529923766607,0.0441741043867242,True,0.05,1500,1.5954776434105025,0.8404522356589498
298,6,rl_agent,8,6,"[8, 9, 4, 5, 6]",4,29.631596693687086,25.75,3.8815966936870865,0.02612725848107056,True,0.05,1500,1.9263306058945222,0.8073669394105478
299,6,rl_agent,9,13,"[9, 13]",1,7.2352457645172965,4.5,2.7352457645172965,0.04701411746263706,True,0.05,1500,1.5454776434105018,0.8454522356589498
300,7,rl_agent,6,13,"[6, 5, 6]",2,12.592910878077983,12.0,0.5929108780779835,0.0,False,0.05,1500,6.277815123006798,0.3722184876993202
301,7,rl_agent,11,5,"[11, 6, 5]",2,18.537945792904335,17.5,1.0379457929043348,0.0,True,0.05,1500,4.048268269720247,0.5951731730279752
302,7,rl_agent,2,6,"[2, 5, 6]",2,17.246578371512758,16.5,0.7465783715127579,0.0,True,0.05,1500,5.334865528865196,0.4665134471134804
303,7,rl_agent,0,5,"[0, 3, 4, 5]",3,13.941497482266879,12.25,1.691497482266879,0.0,True,0.05,1500,4.166954223183985,0.5833045776816015
304,7,rl_agent,0,5,"[0, 3, 4, 5]",3,13.97667210333358,12.25,1.7266721033335806,0.0,True,0.05,1500,4.116954223183985,0.5883045776816015
305,7,rl_agent,7,8,"[7, 8]",1,30.39999999999998,1.9,28.499999999999982,0.19999999999999996,True,0.05,1500,0.0,1.0
306,7,rl_agent,2,1,"[2, 0, 1]",2,16.964366332589606,16.0,0.9643663325896057,0.0,True,0.05,1500,4.899395141815506,0.5100604858184494
307,7,rl_agent,12,4,"[12, 7, 1, 2, 5, 4]",5,41.06790942872923,38.75,2.31790942872923,0.0,True,0.05,1500,4.066954223183985,0.5933045776816015
308,7,rl_agent,3,6,"[3, 4, 5, 6]",3,14.500469718414092,12.75,1.7504697184140916,0.0,True,0.05,1500,4.016954223183985,0.5983045776816015
309,7,rl_agent,9,5,"[9, 4, 5]",2,16.11674920089517,14.75,1.3667492008951712,0.0,True,0.05,1500,3.9669542231839854,0.6033045776816015
310,7,rl_agent,6,10,"[6, 11, 10]",2,14.711340624637025,13.5,1.2113406246370246,0.0,True,0.05,1500,3.9982682697202474,0.6001731730279752
311,7,rl_agent,2,13,"[2, 5, 6, 5]",3,23.614110269005113,22.5,1.1141102690051135,0.0,False,0.05,1500,5.234865528865196,0.47651344711348037
312,7,rl_agent,5,6,"[5, 6]",1,6.336426001325553,6.0,0.33642600132555334,0.0,True,0.05,1500,5.977815123006799,0.4022184876993201
313,7,rl_agent,1,8,"[1, 7, 8]",2,45.83799354227031,16.9,28.937993542270313,0.19999999999999996,True,0.05,1500,0.0,1.0
314,7,rl_agent,2,10,"[2, 5, 10]",2,18.93648479573627,18.0,0.9364847957362699,0.0,True,0.05,1500,5.143294068063445,0.4856705931936555
315,7,rl_agent,2,9,"[2, 5, 6, 5]",3,23.675047775752144,22.5,1.1750477757521445,0.0,False,0.05,1500,5.1348655288651965,0.4865134471134803
316,7,rl_agent,0,1,"[0, 1]",1,7.031056421219597,6.5,0.5310564212195974,0.0,True,0.05,1500,4.849395141815506,0.5150604858184493
317,7,rl_agent,1,10,"[1, 2, 5, 10]",3,23.183224659754412,21.75,1.433224659754412,0.0,True,0.05,1500,5.084865528865197,0.49151344711348033
318,7,rl_agent,7,9,"[7, 8, 9]",2,35.71966886842302,6.9,28.819668868423022,0.19999999999999996,True,0.05,1500,0.0,1.0
319,7,rl_agent,8,6,"[8, 9, 4, 5, 6]",4,27.829612554207806,25.75,2.079612554207806,0.0,True,0.05,1500,3.9169542231839856,0.6083045776816014
320,7,rl_agent,8,13,"[8, 9, 13]",2,11.104238836277357,9.5,1.6042388362773572,0.0006929865023875825,True,0.05,1500,2.823408967930301,0.7176591032069699
321,7,rl_agent,12,3,"[12, 7, 1, 0, 3]",4,34.34200254554706,32.75,1.5920025455470608,0.0,True,0.05,1500,4.7993951418155065,0.5200604858184493
322,7,rl_agent,4,12,"[4, 9, 13, 10, 11, 12]",5,28.023365021801947,21.0,7.023365021801947,0.06853851455412674,True,0.05,1500,1.2574862876912682,0.8742513712308732
323,7,rl_agent,7,11,"[7, 8, 12, 11]",3,40.539970697765916,8.15,32.38997069776592,0.2571218739344858,True,0.05,1500,0.0,1.0
324,7,rl_agent,11,5,"[11, 6, 5]",2,18.631757002959883,17.5,1.1317570029598834,0.0,True,0.05,1500,3.9482682697202476,0.6051731730279752
325,7,rl_agent,3,9,"[3, 8, 9]",2,17.833646749971216,17.0,0.8336467499712157,0.0,True,0.05,1500,5.033654790307873,0.49663452096921273
326,7,rl_agent,11,13,"[11, 12, 11]",2,11.52945716903332,3.5,8.02945716903332,0.15284781069906261,False,0.05,1500,1.1074862876912661,0.8892513712308734
327,7,rl_agent,1,9,"[1, 7, 8]",2,45.855926601858876,16.9,28.955926601858877,0.19999999999999996,False,0.05,1500,0.0,1.0
328,7,rl_agent,11,13,"[11, 12, 11]",2,12.425693403645022,3.5,8.925693403645022,0.1686657777421583,False,0.05,1500,1.0074862876912647,0.8992513712308735
329,7,rl_agent,5,6,"[5, 6]",1,6.372933202734949,6.0,0.37293320273494857,0.0,True,0.05,1500,5.7278151230068,0.42721848769932
330,7,rl_agent,13,12,"[13, 10, 11, 12]",3,11.871924084317023,5.5,6.371924084317023,0.09270890589824088,True,0.05,1500,0.957486287691264,0.9042513712308736
331,7,rl_agent,0,5,"[0, 3, 4, 5]",3,14.097734094766604,12.25,1.8477340947666043,0.0,True,0.05,1500,3.8669542231839857,0.6133045776816014
332,7,rl_agent,3,10,"[3, 4, 5, 10]",3,16.27015686662242,14.25,2.0201568666224183,0.0,True,0.05,1500,3.816954223183986,0.6183045776816014
333,7,rl_agent,7,10,"[7, 8, 12, 11, 10]",4,44.403831694513705,10.15,34.25383169451371,0.27784202019911264,True,0.05,1500,0.0,1.0
334,7,rl_agent,12,7,"[12, 7]",1,6.015716163673267,5.75,0.2657161636732672,0.0,True,0.05,1500,6.52983473146782,0.34701652685321804
335,7,rl_agent,3,4,"[3, 4]",1,3.733834302728524,3.0,0.7338343027285239,0.0,True,0.05,1500,4.052408000768748,0.5947591999231252
336,7,rl_agent,2,11,"[2, 5, 10, 11]",3,21.493618635145676,20.0,1.4936186351456762,0.0,True,0.05,1500,4.993294068063445,0.5006705931936555
337,7,rl_agent,6,3,"[6, 5, 2, 0, 3]",4,33.19438537008768,31.5,1.69438537008768,0.0,True,0.05,1500,4.984865528865197,0.5015134471134803
338,7,rl_agent,10,9,"[10, 11, 10]",2,5.03915135129154,4.0,1.0391513512915402,0.0,False,0.05,1500,4.904000869609942,0.5095999130390058
339,7,rl_agent,1,0,"[1, 0]",1,7.052765636612981,6.5,0.552765636612981,0.0,True,0.05,1500,4.749395141815507,0.5250604858184493
340,7,rl_agent,5,0,"[5, 2, 0]",2,20.97519019654544,20.0,0.9751901965454408,0.0,True,0.05,1500,4.934865528865197,0.5065134471134802
341,7,rl_agent,7,3,"[7, 1, 0, 3]",3,28.394446729319174,27.0,1.3944467293191742,0.0,True,0.05,1500,4.699395141815507,0.5300604858184493
342,7,rl_agent,0,2,"[0, 2]",1,9.971335526368087,9.5,0.47133552636808673,0.0,True,0.05,1500,5.147551864694441,0.4852448135305559
343,7,rl_agent,8,7,"[8, 7]",1,30.39999999999998,1.9,28.499999999999982,0.19999999999999996,True,0.05,1500,0.0,1.0
344,7,rl_agent,0,11,"[0, 3, 4, 5, 10, 11]",5,24.74101017104056,21.75,2.9910101710405606,0.0,True,0.05,1500,3.766954223183986,0.6233045776816014
345,7,rl_agent,1,0,"[1, 0]",1,7.075408703173288,6.5,0.575408703173288,0.0,True,0.05,1500,4.649395141815507,0.5350604858184493
346,7,rl_agent,8,1,"[8, 3, 0, 1]",3,25.470946061795665,24.0,1.4709460617956651,0.0,True,0.05,1500,4.599395141815507,0.5400604858184492
347,7,rl_agent,4,1,"[4, 3, 0, 1]",3,16.752488482948124,15.0,1.7524884829481238,0.0,True,0.05,1500,3.9524080007687488,0.6047591999231251
348,7,rl_agent,2,11,"[2, 5, 10, 11]",3,21.586175339421153,20.0,1.5861753394211533,0.0,True,0.05,1500,4.8040008696099425,0.5195999130390058
349,7,rl_agent,2,12,"[2, 5, 10, 11, 12]",4,28.699252902806442,21.75,6.9492529028064425,0.10200811127624376,True,0.05,1500,0.8574862876912626,0.9142513712308737
350,8,rl_agent,7,4,"[7, 1, 2, 5, 4]",4,35.19852958576438,33.0,2.1985295857643834,0.0,True,0.05,1500,4.202528709127096,0.5797471290872904
351,8,rl_agent,8,3,"[8, 3]",1,12.887085273511607,12.0,0.887085273511607,0.0,True,0.05,1500,3.6046810498836726,0.6395318950116328
352,8,rl_agent,8,11,"[8, 12, 11]",2,35.03048999373196,6.25,28.780489993731962,0.19999999999999996,True,0.05,1500,0.0,1.0
353,8,rl_agent,2,9,"[2, 5, 6, 5]",3,23.65064554348332,22.5,1.1506455434833214,0.0,False,0.05,1500,5.121423827431585,0.4878576172568415
354,8,rl_agent,1,5,"[1, 2, 5]",2,15.280275978894313,14.25,1.0302759788943128,0.0,True,0.05,1500,4.787623127044757,0.5212376872955243
355,8,rl_agent,1,0,"[1, 0]",1,6.762289934282973,6.5,0.26228993428297276,0.0,True,0.05,1500,6.559184078303635,0.3440815921696365
356,8,rl_agent,5,0,"[5, 2, 0]",2,20.950794513435163,20.0,0.950794513435163,0.0,True,0.05,1500,5.021423827431585,0.4978576172568415
357,8,rl_agent,11,1,"[11, 6, 5, 2, 0, 1]",5,46.21002212911577,44.0,2.210022129115771,0.0,True,0.05,1500,4.434144827434665,0.5565855172565335
358,8,rl_agent,12,7,"[12, 7]",1,6.019947569473146,5.75,0.26994756947314613,0.0,True,0.05,1500,6.493948676818818,0.3506051323181182
359,8,rl_agent,5,7,"[5, 4, 9, 8, 7]",4,26.55484011008297,21.65,4.904840110082972,0.0551550462396071,True,0.05,1500,1.4245708264786021,0.8575429173521398
360,8,rl_agent,4,1,"[4, 3, 0, 1]",3,16.46890148379263,15.0,1.4689014837926315,0.0,True,0.05,1500,3.423307139362727,0.6576692860637273
361,8,rl_agent,2,6,"[2, 5, 6]",2,17.36739942883753,16.5,0.8673994288375297,0.0,True,0.05,1500,4.921423827431585,0.5078576172568414
362,8,rl_agent,6,10,"[6, 11, 10]",2,14.504912607874193,13.5,1.0049126078741928,0.0,True,0.05,1500,4.384144827434665,0.5615855172565335
363,8,rl_agent,10,11,"[10, 11]",1,2.371977047614501,2.0,0.371977047614501,0.0,True,0.05,1500,5.734095884379848,0.42659041156201516
364,8,rl_agent,4,8,"[4, 9, 8]",2,17.21528273910529,16.0,1.215282739105291,0.0,True,0.05,1500,4.25414017058808,0.574585982941192
365,8,rl_agent,12,7,"[12, 7]",1,6.025921760206872,5.75,0.275921760206872,0.0,True,0.05,1500,6.4439486768188186,0.35560513231811813
366,8,rl_agent,11,6,"[11, 6]",1,12.153630115992097,11.5,0.6536301159920974,0.0,True,0.05,1500,4.334144827434665,0.5665855172565335
367,8,rl_agent,10,9,"[10, 11, 10]",2,4.774907670230521,4.0,0.7749076702305207,0.0,False,0.05,1500,5.634095884379849,0.4365904115620151
368,8,rl_agent,6,12,"[6, 11, 12]",2,42.4170940646033,13.25,29.167094064603297,0.19999999999999996,True,0.05,1500,0.0,1.0
369,8,rl_agent,0,8,"[0, 3, 8]",2,18.646260807246357,17.5,1.1462608072463567,0.0,True,0.05,1500,3.5546810498836727,0.6445318950116328
370,8,rl_agent,11,5,"[11, 6, 5]",2,18.539620920965213,17.5,1.0396209209652127,0.0,True,0.05,1500,4.234144827434665,0.5765855172565335
371,8,rl_agent,4,5,"[4, 5]",1,4.468760514430102,3.75,0.7187605144301017,0.0,True,0.05,1500,4.102528709127096,0.5897471290872904
372,8,rl_agent,12,11,"[12, 11]",1,30.249999999999982,1.75,28.499999999999982,0.19999999999999996,True,0.05,1500,0.0,1.0
373,8,rl_agent,0,7,"[0, 3, 8, 7]",3,23.709339001136552,19.4,4.3093390011365535,0.05871155551409901,True,0.05,1500,1.3745708264786014,0.8625429173521398
374,8,rl_agent,7,9,"[7, 8, 9]",2,10.725693448689174,6.9,3.825693448689174,0.06237917589970221,True,0.05,1500,1.3245708264786007,0.86754291735214
375,8,rl_agent,4,12,"[4, 9, 13, 10, 11, 12]",5,53.29279846213781,21.0,32.29279846213781,0.20326586350341813,True,0.05,1500,0.0,1.0
376,8,rl_agent,7,0,"[7, 1, 0]",2,22.298754401837794,21.5,0.7987544018377939,0.0,True,0.05,1500,4.908583046798179,0.5091416953201822
377,8,rl_agent,11,0,"[11, 6, 5, 2, 0]",4,39.561223579454484,37.5,2.0612235794544844,0.0,True,0.05,1500,4.1841448274346655,0.5815855172565334
378,8,rl_agent,2,13,"[2, 5, 6, 5]",3,23.79994451177635,22.5,1.2999445117763493,0.0,False,0.05,1500,4.821423827431586,0.5178576172568414
379,8,rl_agent,1,7,"[1, 7]",1,15.529106624676306,15.0,0.5291066246763059,0.0,True,0.05,1500,4.858583046798179,0.5141416953201821
380,8,rl_agent,10,9,"[10, 11, 10]",2,4.823454624213015,4.0,0.8234546242130154,0.0,False,0.05,1500,5.484095884379849,0.45159041156201507
381,8,rl_agent,10,1,"[10, 5, 2, 0, 1]",4,35.87952793008019,34.0,1.8795279300801866,0.0,True,0.05,1500,4.707539853005169,0.5292460146994831
382,8,rl_agent,0,12,"[0, 3, 8, 12]",3,23.484712401033363,22.0,1.484712401033363,0.0,True,0.05,1500,3.454681049883673,0.6545318950116327
383,8,rl_agent,6,13,"[6, 5, 6]",2,12.794542560989818,12.0,0.794542560989818,0.0,False,0.05,1500,5.572450727768913,0.4427549272231087
384,8,rl_agent,12,7,"[12, 7]",1,6.031989386015474,5.75,0.2819893860154741,0.0,True,0.05,1500,6.393948676818819,0.36060513231811814
385,8,rl_agent,7,10,"[7, 8, 12, 11, 10]",4,42.7858718423477,10.15,32.635871842347704,0.25292632591713315,True,0.05,1500,0.0,1.0
386,8,rl_agent,8,2,"[8, 3, 0, 2]",3,28.718012648648177,27.0,1.7180126486481768,0.0,True,0.05,1500,3.4046810498836733,0.6595318950116327
387,8,rl_agent,10,7,"[10, 11, 10]",2,4.87473195397248,4.0,0.8747319539724803,0.0,False,0.05,1500,5.33409588437985,0.46659041156201503
388,8,rl_agent,5,4,"[5, 4]",1,4.483797551819685,3.75,0.7337975518196851,0.0,True,0.05,1500,4.052528709127096,0.5947471290872903
389,8,rl_agent,0,12,"[0, 3, 8, 12]",3,23.551873983626106,22.0,1.5518739836261055,0.0,True,0.05,1500,3.3546810498836734,0.6645318950116327
390,8,rl_agent,10,4,"[10, 5, 4]",2,12.5727383971653,11.25,1.3227383971653008,0.0,True,0.05,1500,4.0025287091270965,0.5997471290872903
391,8,rl_agent,13,2,"[13, 9, 4, 5, 2]",4,33.170121459241926,29.75,3.4201214592419262,0.002847683433031656,True,0.05,1500,2.6420254834678527,0.7357974516532148
392,8,rl_agent,1,6,"[1, 2, 5, 6]",3,21.781114151121407,20.25,1.5311141511214075,0.0,True,0.05,1500,4.671423827431586,0.5328576172568413
393,8,rl_agent,7,1,"[7, 1]",1,15.539807351009415,15.0,0.539807351009415,0.0,True,0.05,1500,4.808583046798179,0.5191416953201821
394,8,rl_agent,1,9,"[1, 7, 8]",2,21.033796086261045,16.9,4.1337960862610466,0.0700477500042419,False,0.05,1500,1.2245708264785993,0.8775429173521401
395,8,rl_agent,13,7,"[13, 9, 8, 7]",3,17.1479141351031,11.4,5.7479141351031,0.0774735548894333,True,0.05,1500,1.1745708264785986,0.8825429173521402
396,8,rl_agent,3,12,"[3, 8, 12]",2,17.818647125698206,16.5,1.318647125698206,0.0,True,0.05,1500,3.3046810498836736,0.6695318950116327
397,8,rl_agent,0,1,"[0, 1]",1,6.792495501469718,6.5,0.2924955014697179,0.0,True,0.05,1500,6.309184078303636,0.36908159216963643
398,8,rl_agent,11,12,"[11, 12]",1,30.249999999999982,1.75,28.499999999999982,0.19999999999999996,True,0.05,1500,0.0,1.0
399,8,rl_agent,1,9,"[1, 7, 8, 9]",3,26.981478452662802,21.9,5.081478452662804,0.07816076855322596,True,0.05,1500,1.1245708264785979,0.8875429173521402
400,9,rl_agent,4,3,"[4, 3]",1,3.4282251240586255,3.0,0.42822512405862545,0.0,True,0.05,1500,5.386624290169727,0.4613375709830273
401,9,rl_agent,12,5,"[12, 7, 1, 2, 5]",4,40.13277103073579,35.0,5.132771030735789,0.05797361149976654,True,0.05,1500,1.3848181162824122,0.8615181883717588
402,9,rl_agent,6,12,"[6, 11, 12]",2,20.587895500563675,13.25,7.3378955005636755,0.11629021917970217,True,0.05,1500,0.7124117802614478,0.9287588219738552
403,9,rl_agent,10,11,"[10, 11]",1,2.718028279352656,2.0,0.718028279352656,0.0,True,0.05,1500,4.104995002790366,0.5895004997209634
404,9,rl_agent,2,13,"[2, 5, 6, 5]",3,26.356640117940866,22.5,3.8566401179408665,0.061618460130250186,False,0.05,1500,1.3348181162824115,0.8665181883717589
405,9,rl_agent,7,0,"[7, 1, 0]",2,22.532035659858128,21.5,1.0320356598581277,0.0,True,0.05,1500,4.807489917883069,0.5192510082116931
406,9,rl_agent,7,5,"[7, 1, 2, 5]",3,34.19326217490711,29.25,4.943262174907112,0.06537441987184478,True,0.05,1500,1.2848181162824108,0.8715181883717589
407,9,rl_agent,3,9,"[3, 8, 9]",2,20.4878297340668,17.0,3.4878297340668,0.048497858566901364,True,0.05,1500,1.5227039445288693,0.8477296055471131
408,9,rl_agent,10,7,"[10, 11, 10]",2,5.496882016839668,4.0,1.4968820168396677,0.0,False,0.05,1500,4.004995002790366,0.5995004997209634
409,9,rl_agent,4,3,"[4, 3]",1,3.4369218682323575,3.0,0.43692186823235746,0.0,True,0.05,1500,5.336624290169727,0.4663375709830273
410,9,rl_agent,11,10,"[11, 10]",1,2.764224100529167,2.0,0.7642241005291668,0.0,True,0.05,1500,3.9549950027903664,0.6045004997209633
411,9,rl_agent,8,5,"[8, 3, 4, 5]",3,20.555694525093585,18.75,1.8056945250935854,0.0,True,0.05,1500,4.102143371446953,0.5897856628553046
412,9,rl_agent,0,3,"[0, 3]",1,5.695161138093294,5.5,0.19516113809329383,0.0,True,0.05,1500,7.192576981092663,0.2807423018907337
413,9,rl_agent,5,4,"[5, 4]",1,4.404206322840118,3.75,0.6542063228401176,0.0,True,0.05,1500,4.3319811207554855,0.5668018879244514
414,9,rl_agent,12,6,"[12, 7, 1, 2, 5, 6]",5,46.97156543118571,41.0,5.971565431185709,0.06924149072455066,True,0.05,1500,1.2348181162824101,0.876518188371759
415,9,rl_agent,8,2,"[8, 3, 0, 2]",3,28.249580280912795,27.0,1.2495802809127952,0.0,True,0.05,1500,4.052143371446953,0.5947856628553047
416,9,rl_agent,9,4,"[9, 4]",1,11.505267074515595,11.0,0.5052670745155954,0.0,True,0.05,1500,4.973802611021886,0.5026197388978114
417,9,rl_agent,7,13,"[7, 8]",1,30.39999999999998,1.9,28.499999999999982,0.19999999999999996,False,0.05,1500,0.0,1.0
418,9,rl_agent,0,11,"[0, 3, 4, 5, 10, 11]",5,24.105639081953516,21.75,2.355639081953516,0.0,True,0.05,1500,3.9049950027903666,0.6095004997209633
419,9,rl_agent,13,2,"[13, 9, 4, 5, 2]",4,35.64286794749718,29.75,5.89286794749718,0.0732196726883676,True,0.05,1500,1.1848181162824094,0.8815181883717591
420,9,rl_agent,12,1,"[12, 7, 1]",2,21.807263397878447,20.75,1.0572633978784474,0.0,True,0.05,1500,4.8316433858379,0.51683566141621
421,9,rl_agent,9,7,"[9, 8, 7]",2,38.295115507482066,6.9,31.395115507482068,0.24146903539658093,True,0.05,1500,0.0,1.0
422,9,rl_agent,8,0,"[8, 3, 0]",2,18.459297945404124,17.5,0.9592979454041242,0.0,True,0.05,1500,4.002143371446953,0.5997856628553047
423,9,rl_agent,3,10,"[3, 4, 5, 10]",3,15.663025382924044,14.25,1.4130253829240438,0.0,True,0.05,1500,4.181981120755486,0.5818018879244514
424,9,rl_agent,6,7,"[6, 5, 4, 9, 8, 7]",5,60.71899259944467,27.65,33.06899259944467,0.24422867282852956,True,0.05,1500,0.0,1.0
425,9,rl_agent,6,0,"[6, 5, 2, 0]",3,30.553685618648153,26.0,4.553685618648153,0.0773089657632956,True,0.05,1500,1.1348181162824087,0.8865181883717591
426,9,rl_agent,5,0,"[5, 2, 0]",2,24.43823146598285,20.0,4.438231465982849,0.08150936994933478,True,0.05,1500,1.084818116282408,0.8915181883717592
427,9,rl_agent,0,10,"[0, 3, 4, 5, 10]",4,21.42246218888545,19.75,1.6724621888854507,0.0,True,0.05,1500,4.081981120755486,0.5918018879244513
428,9,rl_agent,11,2,"[11, 6, 5, 2]",3,33.501109351374495,28.0,5.501109351374495,0.08582088524648501,True,0.05,1500,1.0348181162824073,0.8965181883717592
429,9,rl_agent,6,7,"[6, 5, 4, 9, 8, 7]",5,60.908258394251405,27.65,33.258258394251406,0.2470771991493672,True,0.05,1500,0.0,1.0
430,9,rl_agent,8,3,"[8, 3]",1,12.765136289367307,12.0,0.765136289367307,0.0,True,0.05,1500,3.9521433714469536,0.6047856628553047
431,9,rl_agent,4,13,"[4, 9, 13]",2,17.045346718185915,15.5,1.5453467181859146,0.0,True,0.05,1500,3.337864695226866,0.6662135304773134
432,9,rl_agent,8,3,"[8, 3]",1,12.78134707622133,12.0,0.7813470762213299,0.0,True,0.05,1500,3.902143371446954,0.6097856628553047
433,9,rl_agent,3,12,"[3, 8, 12]",2,17.7699562996548,16.5,1.269956299654801,0.0,True,0.05,1500,3.852143371446954,0.6147856628553046
434,9,rl_agent,0,1,"[0, 1]",1,7.05097437646801,6.5,0.5509743764680097,0.0,True,0.05,1500,4.757489917883069,0.5242510082116931
435,9,rl_agent,6,8,"[6, 5, 4, 9, 8]",4,30.690563803624443,25.75,4.940563803624443,0.06251826794886717,True,0.05,1500,1.3227039445288664,0.8677296055471133
436,9,rl_agent,4,13,"[4, 9, 13]",2,17.09053656375953,15.5,1.5905365637595317,0.0,True,0.05,1500,3.287864695226866,0.6712135304773134
437,9,rl_agent,4,11,"[4, 5, 10, 11]",3,15.083569734646005,13.25,1.8335697346460051,0.0,True,0.05,1500,3.8549950027903668,0.6145004997209633
438,9,rl_agent,11,8,"[11, 10, 11]",2,5.663119389658021,4.0,1.6631193896580214,0.0,False,0.05,1500,3.754995002790367,0.6245004997209633
439,9,rl_agent,12,6,"[12, 7, 1, 2, 5, 6]",5,48.10855102854974,41.0,7.108551028549741,0.09024351165474642,True,0.05,1500,0.9848181162824066,0.9015181883717593
440,9,rl_agent,13,0,"[13, 9, 4, 3, 0]",4,26.32875248332259,24.0,2.3287524833225888,0.0,True,0.05,1500,3.2378646952268664,0.6762135304773134
441,9,rl_agent,6,8,"[6, 5, 4, 9, 8]",4,30.920701802727738,25.75,5.170701802727738,0.0663011480721365,True,0.05,1500,1.2727039445288657,0.8727296055471134
442,9,rl_agent,1,4,"[1, 2, 5, 4]",3,24.778734888021518,18.0,6.778734888021518,0.094777249174119,True,0.05,1500,0.9348181162824059,0.9065181883717595
443,9,rl_agent,11,3,"[11, 6, 5, 2, 0, 3]",5,49.93598993531482,43.0,6.935989935314822,0.09942209780460254,True,0.05,1500,0.8848181162824051,0.9115181883717595
444,9,rl_agent,4,1,"[4, 3, 0, 1]",3,16.285584423823323,15.0,1.2855844238233232,0.0,True,0.05,1500,4.707489917883069,0.5292510082116931
445,9,rl_agent,5,9,"[5, 6, 5]",2,12.767392946111947,12.0,0.7673929461119471,0.0,False,0.05,1500,5.658051324692002,0.43419486753079983
446,9,rl_agent,6,7,"[6, 5, 4, 9, 8, 7]",5,61.55819591312085,27.65,33.90819591312085,0.25615611144521344,True,0.05,1500,0.0,1.0
447,9,rl_agent,11,7,"[11, 10, 11]",2,5.735981852879581,4.0,1.735981852879581,0.0,False,0.05,1500,3.6549950027903675,0.6345004997209632
448,9,rl_agent,3,0,"[3, 0]",1,5.7360976568859865,5.5,0.2360976568859865,0.0,True,0.05,1500,6.792576981092664,0.32074230189073355
449,9,rl_agent,6,8,"[6, 5, 4, 9, 8]",4,31.370635031112855,25.75,5.620635031112855,0.07420024165200823,True,0.05,1500,1.1727039445288643,0.8827296055471135
450,10,rl_agent,7,2,"[7, 1, 2]",2,20.04418078334142,18.75,1.294180783341421,0.0,True,0.05,1500,3.574355616001224,0.6425644383998776
451,10,rl_agent,5,6,"[5, 6]",1,6.256370235135771,6.0,0.25637023513577084,0.0,True,0.05,1500,6.610519250671577,0.3389480749328423
452,10,rl_agent,11,2,"[11, 6, 5, 2]",3,32.08955243688604,28.0,4.089552436886038,0.05965011760563932,True,0.05,1500,1.361630294392084,0.8638369705607916
453,10,rl_agent,1,6,"[1, 2, 5, 6]",3,24.748736757947384,20.25,4.498736757947384,0.0633464947292125,True,0.05,1500,1.3116302943920832,0.8688369705607917
454,10,rl_agent,11,0,"[11, 6, 5, 2, 0]",4,42.106369260923394,37.5,4.606369260923394,0.06715398296389685,True,0.05,1500,1.2616302943920825,0.8738369705607918
455,10,rl_agent,7,0,"[7, 1, 0]",2,22.449653888210513,21.5,0.9496538882105128,0.0,True,0.05,1500,4.779026806750579,0.5220973193249421
456,10,rl_agent,4,11,"[4, 5, 10, 11]",3,15.46210496904203,13.25,2.2121049690420307,0.0001334748267675101,True,0.05,1500,2.922499243845375,0.7077500756154624
457,10,rl_agent,4,11,"[4, 5, 10, 11]",3,15.512509173451761,13.25,2.262509173451761,0.0003612542848888678,True,0.05,1500,2.8724992438453754,0.7127500756154624
458,10,rl_agent,3,12,"[3, 8, 12]",2,17.662948042670543,16.5,1.1629480426705427,0.0,True,0.05,1500,3.7067310488398117,0.6293268951160188
459,10,rl_agent,10,13,"[10, 13]",1,3.1244606254630263,1.75,1.3744606254630263,0.0024577810173984638,True,0.05,1500,2.6674339978546664,0.7332566002145333
460,10,rl_agent,11,2,"[11, 6, 5, 2]",3,32.58931637283343,28.0,4.58931637283343,0.07107258230969227,True,0.05,1500,1.2116302943920818,0.8788369705607918
461,10,rl_agent,9,5,"[9, 4, 5]",2,17.481620953167017,14.75,2.731620953167017,0.005180291011958826,True,0.05,1500,2.550836522179786,0.7449163477820214
462,10,rl_agent,1,7,"[1, 7]",1,15.411651778717825,15.0,0.4116517787178253,0.0,True,0.05,1500,5.484550260004041,0.4515449739995959
463,10,rl_agent,11,7,"[11, 10, 11]",2,5.359422763327521,4.0,1.3594227633275207,0.0,False,0.05,1500,4.2383247951278085,0.5761675204872192
464,10,rl_agent,13,5,"[13, 9, 4, 5]",3,23.39492293059607,19.25,4.144922930596071,0.008483808524997749,True,0.05,1500,2.500836522179786,0.7499163477820214
465,10,rl_agent,8,7,"[8, 7]",1,9.893367993834515,1.9,7.993367993834514,0.12920874800893634,True,0.05,1500,0.5886946148606285,0.9411305385139371
466,10,rl_agent,7,6,"[7, 1, 2, 5, 6]",4,40.699549916212305,35.25,5.449549916212305,0.07510229276659885,True,0.05,1500,1.161630294392081,0.8838369705607919
467,10,rl_agent,9,6,"[9, 4, 5, 6]",3,23.918995380256924,20.75,3.1689953802569235,0.008401580278920573,True,0.05,1500,2.4508365221797863,0.7549163477820213
468,10,rl_agent,2,0,"[2, 0]",1,9.70539928384337,9.5,0.20539928384337003,0.0,True,0.05,1500,7.088184117167637,0.2911815882832362
469,10,rl_agent,13,4,"[13, 9, 4]",2,18.459344961206444,15.5,2.959344961206444,0.010463564264757141,True,0.05,1500,2.4008365221797865,0.7599163477820213
470,10,rl_agent,8,11,"[8, 12, 11]",2,35.07073178081159,6.25,28.82073178081159,0.19999999999999996,True,0.05,1500,0.0,1.0
471,10,rl_agent,7,4,"[7, 1, 2, 5, 4]",4,39.757517593719534,33.0,6.757517593719534,0.08143772292911244,True,0.05,1500,1.1116302943920804,0.8888369705607919
472,10,rl_agent,2,7,"[2, 5, 4, 9, 8, 7]",5,52.748241782649586,32.15,20.598241782649588,0.2874212707585164,True,0.05,1500,0.5386946148606278,0.9461305385139372
473,10,rl_agent,6,13,"[6, 5, 6]",2,12.610171323262325,12.0,0.6101713232623247,0.0,False,0.05,1500,6.210519250671578,0.37894807493284216
474,10,rl_agent,9,4,"[9, 4]",1,12.67312266725628,11.0,1.6731226672562798,0.010862879304836759,True,0.05,1500,2.300836522179787,0.7699163477820213
475,10,rl_agent,3,0,"[3, 0]",1,5.791170621351222,5.5,0.2911706213512222,0.0,True,0.05,1500,6.319749324691326,0.36802506753086744
476,10,rl_agent,2,12,"[2, 5, 10, 11, 12]",4,55.76328177078534,21.75,34.01328177078534,0.27028647264318817,True,0.05,1500,0.0,1.0
477,10,rl_agent,7,12,"[7, 12]",1,6.247773843078379,5.75,0.49777384307837913,0.0,True,0.05,1500,5.011155618766034,0.49888443812339656
478,10,rl_agent,13,0,"[13, 9, 4, 3, 0]",4,27.8186548303887,24.0,3.8186548303886987,0.015738507816978498,True,0.05,1500,2.250836522179787,0.7749163477820213
479,10,rl_agent,1,8,"[1, 7, 8]",2,27.068624579089736,16.9,10.168624579089737,0.14014788305400028,True,0.05,1500,0.48869461486062704,0.9511305385139373
480,10,rl_agent,13,7,"[13, 9, 8, 7]",3,28.59184704491337,11.4,17.191847044913366,0.22995102836669057,True,0.05,1500,0.43869461486062633,0.9561305385139374
481,10,rl_agent,9,0,"[9, 4, 3, 0]",3,21.970840897401178,19.5,2.470840897401178,0.0141924947618155,True,0.05,1500,2.200836522179787,0.7799163477820212
482,10,rl_agent,10,13,"[10, 13]",1,3.160267844040446,1.75,1.4102678440404461,0.003252372133277004,True,0.05,1500,2.6174339978546666,0.7382566002145333
483,10,rl_agent,5,3,"[5, 2, 0, 1, 0]",4,39.047110490833944,33.0,6.047110490833944,0.09233224570533616,False,0.05,1500,0.9616302943920783,0.9038369705607922
484,10,rl_agent,7,10,"[7, 8, 12, 11, 10]",4,52.049310894769455,10.15,41.89931089476946,0.3212251700348071,True,0.05,1500,0.0,1.0
485,10,rl_agent,2,13,"[2, 5, 6, 5]",3,28.121201647358973,22.5,5.621201647358973,0.09691751171779828,False,0.05,1500,0.9116302943920775,0.9088369705607923
486,10,rl_agent,2,7,"[2, 5, 4, 9, 8, 7]",5,60.13005660735419,32.15,27.980056607354193,0.3318697623950786,True,0.05,1500,0.3386946148606249,0.9661305385139375
487,10,rl_agent,11,12,"[11, 12]",1,30.249999999999982,1.75,28.499999999999982,0.19999999999999996,True,0.05,1500,0.0,1.0
488,10,rl_agent,1,7,"[1, 7]",1,15.446154309070035,15.0,0.4461543090700353,0.0,True,0.05,1500,5.284550260004042,0.47154497399959583
489,10,rl_agent,2,3,"[2, 0, 3]",2,15.525899151971691,15.0,0.5258991519716911,0.0,True,0.05,1500,6.169749324691326,0.3830250675308674
490,10,rl_agent,2,7,"[2, 5, 4, 9, 8, 7]",5,63.47605198805193,32.15,31.32605198805193,0.3455936155908942,True,0.05,1500,0.2886946148606242,0.9711305385139376
491,10,rl_agent,3,1,"[3, 0, 1]",2,12.89716757432438,12.0,0.8971675743243797,0.0,True,0.05,1500,4.62902680675058,0.537097319324942
492,10,rl_agent,7,8,"[7, 8]",1,22.347267716615843,1.9,20.447267716615844,0.16944016511110482,True,0.05,1500,0.2386946148606235,0.9761305385139376
493,10,rl_agent,4,3,"[4, 3]",1,3.403170712706023,3.0,0.4031707127060229,0.0,True,0.05,1500,5.536051966321312,0.44639480336786874
494,10,rl_agent,0,8,"[0, 3, 8]",2,18.691098715930057,17.5,1.1910987159300568,0.0,True,0.05,1500,3.656731048839812,0.6343268951160188
495,10,rl_agent,7,10,"[7, 8]",1,26.626107702787525,1.9,24.726107702787527,0.17563195485585914,False,0.05,1500,0.18869461486062278,0.9811305385139377
496,10,rl_agent,2,0,"[2, 0]",1,9.72064965638893,9.5,0.22064965638893064,0.0,True,0.05,1500,6.938184117167639,0.30618158828323616
497,10,rl_agent,8,13,"[8, 9, 13]",2,16.853700837874445,9.5,7.353700837874445,0.11364643524923179,True,0.05,1500,0.7855465781560866,0.9214453421843913
498,10,rl_agent,2,9,"[2, 5, 6, 5]",3,29.228614684340656,22.5,6.728614684340656,0.11133997642185134,False,0.05,1500,0.7616302943920754,0.9238369705607925
499,10,rl_agent,5,13,"[5, 6, 5]",2,12.691898727656417,12.0,0.691898727656417,0.0,False,0.05,1500,5.910519250671579,0.4089480749328421
500,11,rl_agent,7,11,"[7, 8, 12, 11]",3,13.463933453375885,8.15,5.313933453375885,0.08039013870722977,True,0.05,1500,1.098012554766635,0.8901987445233365
501,11,rl_agent,4,5,"[4, 5]",1,5.2244465117865175,3.75,1.4744465117865175,0.004859813498885646,True,0.05,1500,2.532355255081538,0.7467644744918462
502,11,rl_agent,0,4,"[0, 3, 4]",2,10.62321589557861,8.5,2.1232158955786105,0.00932295648589565,True,0.05,1500,2.3522862963736966,0.7647713703626303
503,11,rl_agent,4,0,"[4, 3, 0]",2,10.679431352886997,8.5,2.179431352886997,0.010817875827287438,True,0.05,1500,2.3022862963736968,0.7697713703626303
504,11,rl_agent,10,6,"[10, 5, 6]",2,14.078601166138423,13.5,0.5786011661384229,0.0,True,0.05,1500,6.173081980356199,0.38269180196438013
505,11,rl_agent,5,3,"[5, 2, 0, 1, 0]",4,36.33718042825128,33.0,3.33718042825128,0.023619893638603062,False,0.05,1500,1.9690319045978502,0.803096809540215
506,11,rl_agent,12,0,"[12, 7, 1, 0]",3,28.777777542841463,27.25,1.5277775428414628,0.0,True,0.05,1500,4.292800787086559,0.5707199212913441
507,11,rl_agent,0,7,"[0, 3, 8, 7]",3,21.595151983662237,19.4,2.195151983662239,0.0,True,0.05,1500,3.575492669793249,0.6424507330206751
508,11,rl_agent,7,11,"[7, 8, 12, 11]",3,13.728138150923106,8.15,5.578138150923106,0.08467233302997079,True,0.05,1500,1.0480125547666344,0.8951987445233366
509,11,rl_agent,7,5,"[7, 1, 2, 5]",3,32.26895536501915,29.25,3.0189553650191527,0.025966489406163418,True,0.05,1500,1.9190319045978494,0.808096809540215
510,11,rl_agent,0,10,"[0, 3, 4, 5, 10]",4,23.787172376596523,19.75,4.037172376596523,0.018304506739624804,True,0.05,1500,2.252286296373697,0.7747713703626303
511,11,rl_agent,12,9,"[12, 7, 8, 9]",3,15.190847623370942,12.65,2.540847623370942,0.0,True,0.05,1500,3.4754926697932493,0.652450733020675
512,11,rl_agent,8,3,"[8, 3]",1,12.795374036618739,12.0,0.795374036618739,0.0,True,0.05,1500,3.8598890039909204,0.6140110996009079
513,11,rl_agent,0,7,"[0, 3, 8, 7]",3,21.7111073569847,19.4,2.311107356984703,0.0,True,0.05,1500,3.4254926697932495,0.657450733020675
514,11,rl_agent,4,3,"[4, 3]",1,4.770367848282507,3.0,1.7703678482825067,0.014141047843404309,True,0.05,1500,2.202286296373697,0.7797713703626303
515,11,rl_agent,13,11,"[13, 10, 11]",2,5.955954439862911,3.75,2.2059544398629107,0.007246429256829723,True,0.05,1500,2.4289576928481234,0.7571042307151876
516,11,rl_agent,12,2,"[12, 7, 1, 2]",3,26.125003686760795,24.5,1.6250036867607953,0.0,True,0.05,1500,4.19280078708656,0.5807199212913441
517,11,rl_agent,6,13,"[6, 5, 6]",2,12.646610408413007,12.0,0.6466104084130073,0.0,False,0.05,1500,6.073081980356199,0.3926918019643801
518,11,rl_agent,2,0,"[2, 0]",1,9.680717117430607,9.5,0.18071711743060703,0.0,True,0.05,1500,7.345195047941049,0.2654804952058951
519,11,rl_agent,12,13,"[12, 11, 12]",2,13.04838351002814,3.5,9.54838351002814,0.17838475482322436,False,0.05,1500,0.9480125547666329,0.9051987445233367
520,11,rl_agent,0,11,"[0, 3, 4, 5, 10, 11]",5,26.62014248499182,21.75,4.8701424849918205,0.023015409841123602,True,0.05,1500,2.1522862963736973,0.7847713703626302
521,11,rl_agent,2,8,"[2, 5, 4, 9, 8]",4,36.326001013363744,30.25,6.076001013363744,0.038699169437166,True,0.05,1500,1.8690319045978487,0.8130968095402151
522,11,rl_agent,9,2,"[9, 4, 5, 2]",3,30.535393565907277,25.25,5.2853935659072775,0.04333293470716859,True,0.05,1500,1.819031904597848,0.8180968095402152
523,11,rl_agent,3,6,"[3, 4, 5, 6]",3,16.649222244020383,12.75,3.8992222440203825,0.02914845913576658,True,0.05,1500,2.1022862963736975,0.7897713703626302
524,11,rl_agent,8,11,"[8, 12, 11]",2,11.714785734954543,6.25,5.464785734954543,0.0981855826648601,True,0.05,1500,0.8980125547666322,0.9101987445233368
525,11,rl_agent,5,0,"[5, 2, 0]",2,22.511787283690303,20.0,2.5117872836903032,0.03367294337551119,True,0.05,1500,1.7690319045978473,0.8230968095402152
526,11,rl_agent,10,3,"[10, 5, 2, 0, 3]",4,36.446643142358454,33.0,3.446643142358454,0.03646398358751601,True,0.05,1500,1.7190319045978466,0.8280968095402154
527,11,rl_agent,10,13,"[10, 13]",1,3.3517607900432753,1.75,1.6017607900432753,0.008570967717167255,True,0.05,1500,2.3789576928481235,0.7621042307151876
528,11,rl_agent,1,12,"[1, 7, 8, 12]",3,23.096322282827153,21.4,1.696322282827154,0.0,True,0.05,1500,3.3754926697932497,0.662450733020675
529,11,rl_agent,7,13,"[7, 8, 9, 13]",3,14.27529614792487,11.4,2.8752961479248693,0.0,True,0.05,1500,3.32549266979325,0.667450733020675
530,11,rl_agent,13,6,"[13, 9, 4, 5, 6]",4,29.68267530988497,25.25,4.432675309884971,0.01675626581364764,True,0.05,1500,2.232355255081539,0.776764474491846
531,11,rl_agent,12,6,"[12, 7, 1, 2, 5, 6]",5,45.50531477104683,41.0,4.505314771046827,0.0393661349106319,True,0.05,1500,1.669031904597846,0.8330968095402154
532,11,rl_agent,7,2,"[7, 1, 2]",2,19.728411130438488,18.75,0.9784111304384879,0.0,True,0.05,1500,4.328747773334403,0.5671252226665597
533,11,rl_agent,0,9,"[0, 3, 8, 9]",3,24.889608786024954,22.5,2.3896087860249544,0.0,True,0.05,1500,3.361887440648017,0.6638112559351983
534,11,rl_agent,11,1,"[11, 6, 5, 2, 0, 1]",5,48.18979745660441,44.0,4.18979745660441,0.04237939734485896,True,0.05,1500,1.6190319045978452,0.8380968095402155
535,11,rl_agent,5,10,"[5, 10]",1,7.793014465291165,7.5,0.29301446529116504,0.0,True,0.05,1500,6.305055227667492,0.3694944772332508
536,11,rl_agent,4,0,"[4, 3, 0]",2,11.02045752180224,8.5,2.520457521802239,0.019959139200912968,True,0.05,1500,2.0522862963736976,0.7947713703626302
537,11,rl_agent,2,8,"[2, 5, 4, 9, 8]",4,37.204900108557204,30.25,6.954900108557204,0.06407861692023997,True,0.05,1500,1.5690319045978445,0.8430968095402156
538,11,rl_agent,8,12,"[8, 12]",1,4.9133185929610015,4.5,0.4133185929610015,0.0,True,0.05,1500,5.474540908873731,0.4525459091126269
539,11,rl_agent,9,11,"[9, 8, 12, 11]",3,18.10073096516975,11.25,6.850730965169749,0.10291222143204537,True,0.05,1500,0.8480125547666315,0.9151987445233368
540,11,rl_agent,13,3,"[13, 9, 4, 3]",3,22.951027968609388,18.5,4.451027968609388,0.02774149005353488,True,0.05,1500,2.002286296373698,0.7997713703626302
541,11,rl_agent,8,10,"[8, 12, 11, 10]",3,15.120287649480233,8.25,6.8702876494802325,0.10774997131034181,True,0.05,1500,0.7980125547666308,0.9201987445233369
542,11,rl_agent,6,1,"[6, 5, 2, 0, 1]",4,36.44573975465272,32.5,3.9457397546527204,0.04873925554664649,True,0.05,1500,1.5190319045978438,0.8480968095402156
543,11,rl_agent,8,10,"[8, 12, 11, 10]",3,15.561794219855742,8.25,7.3117942198557415,0.11269883229974931,True,0.05,1500,0.7480125547666301,0.925198744523337
544,11,rl_agent,1,8,"[1, 7, 8]",2,18.256665807152622,16.9,1.3566658071526234,0.0,True,0.05,1500,3.27549266979325,0.672450733020675
545,11,rl_agent,5,4,"[5, 4]",1,5.594825041739494,3.75,1.8448250417394938,0.016729053408547134,True,0.05,1500,2.1323552550815394,0.786764474491846
546,11,rl_agent,13,10,"[13, 10]",1,3.3968831380467934,1.75,1.6468831380467934,0.010006617288615849,True,0.05,1500,2.3289576928481237,0.7671042307151876
547,11,rl_agent,5,4,"[5, 4]",1,5.651127275376561,3.75,1.9011272753765613,0.018712708397254807,True,0.05,1500,2.0823552550815396,0.7917644744918461
548,11,rl_agent,3,6,"[3, 4, 5, 6]",3,17.137388096890582,12.75,4.387388096890582,0.044693331312225526,True,0.05,1500,1.952286296373698,0.8047713703626302
549,11,rl_agent,2,12,"[2, 5, 10, 11, 12]",4,32.31880876799765,21.75,10.568808767997652,0.16371108813754365,True,0.05,1500,0.6980125547666294,0.9301987445233371
550,12,rl_agent,1,4,"[1, 2, 5, 4]",3,20.61315087691312,18.0,2.613150876913121,5.633747015565405e-06,True,0.05,1500,2.9840777320804737,0.7015922267919527
551,12,rl_agent,12,4,"[12, 7, 1, 2, 5, 4]",5,42.479071068835964,38.75,3.729071068835964,9.657212017011307e-05,True,0.05,1500,2.934077732080474,0.7065922267919527
552,12,rl_agent,3,12,"[3, 8, 12]",2,17.84658060434861,16.5,1.3465806043486097,0.0,True,0.05,1500,3.441304951545928,0.6558695048454072
553,12,rl_agent,5,3,"[5, 2, 0, 1, 0]",4,35.1259327262629,33.0,2.125932726262903,0.0002986216044357226,False,0.05,1500,2.884077732080474,0.7115922267919526
554,12,rl_agent,8,0,"[8, 3, 0]",2,19.00644914771315,17.5,1.5064491477131483,0.0,True,0.05,1500,3.391304951545928,0.6608695048454072
555,12,rl_agent,9,12,"[9, 13, 10, 11, 12]",4,14.307585904947159,10.0,4.3075859049471585,0.005232806247886468,True,0.05,1500,2.5920553534712063,0.7407944646528793
556,12,rl_agent,6,13,"[6, 5, 6]",2,12.842321258695353,12.0,0.8423212586953532,0.0,False,0.05,1500,5.42793497757364,0.457206502242636
557,12,rl_agent,3,1,"[3, 0, 1]",2,12.903501730225006,12.0,0.9035017302250061,0.0,True,0.05,1500,4.794536705768591,0.5205463294231409
558,12,rl_agent,10,9,"[10, 11, 10]",2,4.828236962328544,4.0,0.8282369623285444,0.0,False,0.05,1500,5.469750478769142,0.4530249521230858
559,12,rl_agent,6,1,"[6, 5, 2, 0, 1]",4,34.752488625691974,32.5,2.2524886256919743,0.000611782199812394,True,0.05,1500,2.834077732080474,0.7165922267919526
560,12,rl_agent,12,6,"[12, 7, 1, 2, 5, 6]",5,44.57375440068198,41.0,3.5737544006819775,0.0010360539063002383,True,0.05,1500,2.7840777320804744,0.7215922267919526
561,12,rl_agent,3,7,"[3, 8, 7]",2,15.52587512495817,13.9,1.6258751249581689,0.0,True,0.05,1500,3.3413049515459283,0.6658695048454072
562,12,rl_agent,7,0,"[7, 1, 0]",2,22.18476832230935,21.5,0.684768322309349,0.0,True,0.05,1500,5.709575352884555,0.42904246471154445
563,12,rl_agent,10,3,"[10, 5, 2, 0, 3]",4,35.71090082348745,33.0,2.7109008234874494,0.0015714367238992555,True,0.05,1500,2.7340777320804746,0.7265922267919526
564,12,rl_agent,3,11,"[3, 8, 12, 11]",3,21.031857524585917,18.25,2.7818575245859165,0.002180917628897383,True,0.05,1500,2.6867248919872804,0.731327510801272
565,12,rl_agent,2,8,"[2, 5, 4, 9, 8]",4,34.19024451729457,30.25,3.9402445172945733,0.0022179306526092235,True,0.05,1500,2.6840777320804747,0.7315922267919526
566,12,rl_agent,13,2,"[13, 9, 4, 5, 2]",4,33.94867268336357,29.75,4.198672683363569,0.0029915152789935506,True,0.05,1500,2.634077732080475,0.7365922267919525
567,12,rl_agent,12,0,"[12, 7, 1, 0]",3,28.742860849654583,27.25,1.4928608496545834,0.0,True,0.05,1500,3.864713574868878,0.6135286425131122
568,12,rl_agent,10,5,"[10, 5]",1,8.146071372628787,7.5,0.6460713726287874,0.0,True,0.05,1500,4.3627300353304435,0.5637269964669557
569,12,rl_agent,9,1,"[9, 4, 3, 0, 1]",4,31.17357044308381,26.0,5.173570443083811,0.0639110645575528,True,0.05,1500,1.3041232635919933,0.8695876736408007
570,12,rl_agent,4,13,"[4, 9, 13]",2,17.613063116289712,15.5,2.1130631162897124,0.00013126211598457616,True,0.05,1500,2.9231443221400957,0.7076855677859905
571,12,rl_agent,5,8,"[5, 4, 9, 8]",3,22.458085512276323,19.75,2.708085512276323,0.0,True,0.05,1500,3.2999543821542154,0.6700045617845785
572,12,rl_agent,7,3,"[7, 1, 0, 1]",3,29.137374800480558,28.0,1.1373748004805577,0.0,False,0.05,1500,5.509575352884556,0.4490424647115444
573,12,rl_agent,2,6,"[2, 5, 6]",2,18.382266517838335,16.5,1.8822665178383353,0.0038442518433626782,True,0.05,1500,2.584077732080475,0.7415922267919525
574,12,rl_agent,3,4,"[3, 4]",1,6.486848936745872,3.0,3.486848936745872,0.06773523508290391,True,0.05,1500,1.2541232635919926,0.8745876736408007
575,12,rl_agent,12,10,"[12, 11, 10]",2,5.568843575785781,3.75,1.818843575785781,0.002932640091147798,True,0.05,1500,2.6367248919872806,0.7363275108012719
576,12,rl_agent,5,13,"[5, 6, 5]",2,12.931271837771504,12.0,0.9312718377715044,0.0,False,0.05,1500,5.177934977573641,0.4822065022426359
577,12,rl_agent,11,4,"[11, 6, 5, 4]",3,23.0205471323279,21.25,1.7705471323278985,0.0,True,0.05,1500,3.8858154517713164,0.6114184548228684
578,12,rl_agent,12,13,"[12, 11, 12]",2,6.442090855648899,3.5,2.9420908556488987,0.009516089346576662,False,0.05,1500,2.536724891987281,0.7463275108012719
579,12,rl_agent,10,3,"[10, 5, 2, 0, 3]",4,35.90906490224786,33.0,2.909064902247863,0.004824079105406054,True,0.05,1500,2.5340777320804753,0.7465922267919525
580,12,rl_agent,6,11,"[6, 11]",1,12.019044319858416,11.5,0.5190443198584163,0.0,True,0.05,1500,4.906557941164604,0.5093442058835396
581,12,rl_agent,9,5,"[9, 4, 5]",2,16.496559961454473,14.75,1.746559961454473,0.0,True,0.05,1500,3.46486860162704,0.653513139837296
582,12,rl_agent,12,3,"[12, 7, 1, 0, 3]",4,34.893957148142555,32.75,2.1439571481425546,0.0,True,0.05,1500,3.814713574868878,0.6185286425131122
583,12,rl_agent,4,8,"[4, 9, 8]",2,18.002668313553027,16.0,2.002668313553027,0.0,True,0.05,1500,3.2499543821542156,0.6750045617845785
584,12,rl_agent,12,1,"[12, 7, 1]",2,21.91422662952619,20.75,1.1642266295261905,0.0,True,0.05,1500,3.7647135748688783,0.6235286425131121
585,12,rl_agent,0,9,"[0, 3, 8, 9]",3,25.205333015932915,22.5,2.705333015932915,0.0,True,0.05,1500,3.199954382154216,0.6800045617845785
586,12,rl_agent,12,10,"[12, 11, 10]",2,5.691818743274396,3.75,1.9418187432743963,0.005854474144565969,True,0.05,1500,2.486724891987281,0.7513275108012719
587,12,rl_agent,6,4,"[6, 5, 4]",2,11.055371653357266,9.75,1.3053716533572661,0.0,True,0.05,1500,3.7858154517713167,0.6214184548228683
588,12,rl_agent,13,5,"[13, 9, 4, 5]",3,22.31459168953215,19.25,3.0645916895321506,0.00035760806678430956,True,0.05,1500,2.873144322140096,0.7126855677859905
589,12,rl_agent,1,9,"[1, 7, 8, 9]",3,23.972834745195875,21.9,2.072834745195877,0.0,True,0.05,1500,3.149954382154216,0.6850045617845784
590,12,rl_agent,6,10,"[6, 11, 10]",2,14.4694294528053,13.5,0.9694294528053007,0.0,True,0.05,1500,4.8565579411646045,0.5143442058835396
591,12,rl_agent,4,1,"[4, 3, 0, 1]",3,19.689147484492935,15.0,4.689147484492935,0.0716705167193662,True,0.05,1500,1.2041232635919918,0.8795876736408008
592,12,rl_agent,13,7,"[13, 9, 8, 7]",3,14.439558597753884,11.4,3.0395585977538833,0.0006950651286952159,True,0.05,1500,2.823144322140096,0.7176855677859904
593,12,rl_agent,6,0,"[6, 5, 2, 0]",3,28.212267400532895,26.0,2.2122674005328946,0.0059150174785606024,True,0.05,1500,2.4840777320804754,0.7515922267919525
594,12,rl_agent,6,12,"[6, 11, 12]",2,15.342179996248792,13.25,2.0921799962487917,0.007050641051260853,True,0.05,1500,2.4367248919872813,0.7563275108012719
595,12,rl_agent,12,8,"[12, 8]",1,4.909906029050787,4.5,0.409906029050787,0.0,True,0.05,1500,5.495072942000391,0.4504927057999609
596,12,rl_agent,4,8,"[4, 9, 8]",2,18.14772419520208,16.0,2.1477241952020805,0.0,True,0.05,1500,3.0499543821542163,0.6950045617845784
597,12,rl_agent,3,2,"[3, 0, 2]",2,15.834986136055655,15.0,0.8349861360556545,0.0,True,0.05,1500,4.444536705768592,0.5555463294231408
598,12,rl_agent,11,9,"[11, 12, 7, 8, 9]",4,18.67667774053871,14.4,4.276677740538711,0.008357919114924561,True,0.05,1500,2.3867248919872814,0.7613275108012718
599,12,rl_agent,9,4,"[9, 4]",1,12.031455200833584,11.0,1.0314552008335838,0.0,True,0.05,1500,3.2648686016270405,0.673513139837296
600,13,rl_agent,9,1,"[9, 4, 3, 0, 1]",4,31.47151761679828,26.0,5.47151761679828,0.059778675528647796,True,0.05,1500,1.546420061223026,0.8453579938776974
601,13,rl_agent,5,4,"[5, 4]",1,4.282583009543396,3.75,0.5325830095433961,0.0,True,0.05,1500,4.842225713369989,0.5157774286630011
602,13,rl_agent,10,5,"[10, 5]",1,8.041021436031157,7.5,0.5410214360311567,0.0,True,0.05,1500,4.802975065587754,0.5197024934412247
603,13,rl_agent,1,3,"[1, 0, 3]",2,14.30050095360372,12.0,2.30050095360372,0.015242192715703928,True,0.05,1500,2.171810002350502,0.7828189997649498
604,13,rl_agent,7,3,"[7, 1, 0, 1]",3,32.209817967687,28.0,4.209817967687002,0.03792397778742962,False,0.05,1500,2.071810002350502,0.7928189997649497
605,13,rl_agent,11,7,"[11, 10, 11]",2,5.3653802820814676,4.0,1.3653802820814676,0.0,False,0.05,1500,4.227650021331996,0.5772349978668003
606,13,rl_agent,13,1,"[13, 9, 4, 3, 0, 1]",5,37.09565325689794,30.5,6.59565325689794,0.07043415293464839,True,0.05,1500,1.4964200612230254,0.8503579938776975
607,13,rl_agent,13,1,"[13, 9, 4, 3, 0, 1]",5,37.31059940510241,30.5,6.810599405102408,0.07586850882190943,True,0.05,1500,1.4464200612230247,0.8553579938776975
608,13,rl_agent,0,3,"[0, 3]",1,6.029093286939599,5.5,0.5290932869395988,0.0,True,0.05,1500,4.858646017281297,0.5141353982718704
609,13,rl_agent,11,4,"[11, 6, 5, 4]",3,28.67006719205377,21.25,7.4200671920537715,0.1109883736492504,True,0.05,1500,0.7651673856379606,0.923483261436204
610,13,rl_agent,2,4,"[2, 5, 4]",2,16.04369778616693,14.25,1.7936977861669305,0.00034915436662730226,True,0.05,1500,2.874652696486014,0.7125347303513986
611,13,rl_agent,2,3,"[2, 0, 3]",2,15.665742324855639,15.0,0.6657423248556391,0.0,True,0.05,1500,4.808646017281297,0.5191353982718703
612,13,rl_agent,9,2,"[9, 4, 5, 2]",3,27.61603212470233,25.25,2.366032124702329,0.0006832594855472607,True,0.05,1500,2.824652696486014,0.7175347303513986
613,13,rl_agent,7,0,"[7, 1, 0]",2,23.992703057715374,21.5,2.4927030577153744,0.02583319268958728,True,0.05,1500,1.921810002350501,0.8078189997649499
614,13,rl_agent,1,13,"[1, 7, 8, 9, 13]",4,28.74724848640458,26.4,2.347248486404581,0.0,True,0.05,1500,3.85736918465848,0.614263081534152
615,13,rl_agent,11,2,"[11, 6, 5, 2]",3,36.6538502339477,28.0,8.6538502339477,0.11700778489853281,True,0.05,1500,0.7151673856379599,0.928483261436204
616,13,rl_agent,7,1,"[7, 1]",1,15.40715434347307,15.0,0.40715434347307067,0.0,True,0.05,1500,5.511741233423777,0.4488258766576223
617,13,rl_agent,9,13,"[9, 13]",1,5.3132427556926025,4.5,0.8132427556926025,0.0,True,0.05,1500,3.80736918465848,0.619263081534152
618,13,rl_agent,9,13,"[9, 13]",1,5.330718317597121,4.5,0.8307183175971211,0.0,True,0.05,1500,3.7573691846584802,0.624263081534152
619,13,rl_agent,6,1,"[6, 5, 2, 0, 1]",4,37.01541515151297,32.5,4.515415151512968,0.029921874881564614,True,0.05,1500,1.8718100023505002,0.81281899976495
620,13,rl_agent,7,1,"[7, 1]",1,15.415458969275567,15.0,0.41545896927556747,0.0,True,0.05,1500,5.461741233423777,0.4538258766576223
621,13,rl_agent,10,1,"[10, 5, 2, 0, 1]",4,38.29978175463668,34.0,4.299781754636683,0.033127051500660865,True,0.05,1500,1.8218100023504995,0.8178189997649501
622,13,rl_agent,3,2,"[3, 0, 2]",2,15.68864693760467,15.0,0.6886469376046698,0.0,True,0.05,1500,4.758646017281297,0.5241353982718703
623,13,rl_agent,3,2,"[3, 0, 2]",2,15.703899922228667,15.0,0.7038999222286666,0.0,True,0.05,1500,4.708646017281297,0.5291353982718703
624,13,rl_agent,2,3,"[2, 0, 3]",2,15.719445334141483,15.0,0.7194453341414828,0.0,True,0.05,1500,4.658646017281297,0.5341353982718703
625,13,rl_agent,7,3,"[7, 1, 0, 1]",3,33.231758790785236,28.0,5.231758790785236,0.07129386023372908,False,0.05,1500,1.721810002350498,0.8278189997649502
626,13,rl_agent,8,2,"[8, 3, 0, 2]",3,29.07869496849373,27.0,2.0786949684937284,0.001838403982374226,True,0.05,1500,2.712374932930314,0.7287625067069686
627,13,rl_agent,10,6,"[10, 5, 6]",2,14.96166142996763,13.5,1.4616614299676307,0.0,True,0.05,1500,3.5752474126686327,0.6424752587331367
628,13,rl_agent,2,8,"[2, 5, 4, 9, 8]",4,33.22613904077749,30.25,2.9761390407774897,0.003130791072338268,True,0.05,1500,2.624652696486015,0.7375347303513985
629,13,rl_agent,1,0,"[1, 0]",1,8.990770478086745,6.5,2.490770478086745,0.03920197044124851,True,0.05,1500,1.6718100023504974,0.8328189997649502
630,13,rl_agent,6,5,"[6, 5]",1,6.918340165865116,6.0,0.918340165865116,0.0,True,0.05,1500,3.525247412668633,0.6474752587331367
631,13,rl_agent,2,1,"[2, 0, 1]",2,18.737607408313632,16.0,2.7376074083136324,0.042209059324914255,True,0.05,1500,1.6218100023504967,0.8378189997649503
632,13,rl_agent,4,10,"[4, 5, 10]",2,12.413377957039014,11.25,1.163377957039014,0.0,True,0.05,1500,4.59222571336999,0.540777428663001
633,13,rl_agent,0,2,"[0, 2]",1,9.658945890501261,9.5,0.1589458905012613,0.0,True,0.05,1500,7.587876443385192,0.24121235566148078
634,13,rl_agent,3,4,"[3, 4]",1,6.080584480876665,3.0,3.0805844808766647,0.05714374711217718,True,0.05,1500,1.396420061223024,0.8603579938776976
635,13,rl_agent,4,5,"[4, 5]",1,4.350781932805003,3.75,0.6007819328050026,0.0,True,0.05,1500,4.54222571336999,0.545777428663001
636,13,rl_agent,9,10,"[9, 8, 12, 11, 10]",4,16.614038001021207,13.25,3.364038001021207,0.014116994890245649,True,0.05,1500,2.2029650132766747,0.7797034986723326
637,13,rl_agent,8,12,"[8, 12]",1,4.944166803922837,4.5,0.4441668039228368,0.0,True,0.05,1500,5.295674428740697,0.4704325571259303
638,13,rl_agent,0,11,"[0, 3, 4, 5, 10, 11]",5,27.470999227940002,21.75,5.720999227940002,0.06076281364279268,True,0.05,1500,1.3464200612230233,0.8653579938776976
639,13,rl_agent,6,4,"[6, 5, 4]",2,11.314308381959208,9.75,1.5643083819592078,0.0,True,0.05,1500,3.475247412668633,0.6524752587331367
640,13,rl_agent,7,6,"[7, 1, 2, 5, 6]",4,38.78031941754747,35.25,3.5303194175474673,0.004020451746813758,True,0.05,1500,2.574652696486015,0.7425347303513985
641,13,rl_agent,3,10,"[3, 4, 5, 10]",3,18.843332681001456,14.25,4.593332681001456,0.06449299128451935,True,0.05,1500,1.2964200612230226,0.8703579938776977
642,13,rl_agent,10,0,"[10, 5, 2, 0]",3,29.75416422705222,27.5,2.2541642270522217,0.005021223532400421,True,0.05,1500,2.524652696486015,0.7475347303513985
643,13,rl_agent,4,5,"[4, 5]",1,4.401483209314679,3.75,0.6514832093146792,0.0,True,0.05,1500,4.342225713369991,0.565777428663001
644,13,rl_agent,13,10,"[13, 10]",1,2.757793126316078,1.75,1.007793126316078,0.0,True,0.05,1500,3.316104784358761,0.6683895215641239
645,13,rl_agent,4,5,"[4, 5]",1,4.414896800376863,3.75,0.6648968003768632,0.0,True,0.05,1500,4.292225713369991,0.570777428663001
646,13,rl_agent,1,10,"[1, 2, 5, 10]",3,24.60383683777029,21.75,2.8538368377702916,0.006133106429098145,True,0.05,1500,2.4746526964860154,0.7525347303513985
647,13,rl_agent,9,3,"[9, 4, 3]",2,18.063476811867435,14.0,4.063476811867435,0.0683342800373572,True,0.05,1500,1.2464200612230218,0.8753579938776979
648,13,rl_agent,7,10,"[7, 8, 12, 11, 10]",4,13.874519560104998,10.15,3.724519560104998,0.015943739305186333,True,0.05,1500,2.152965013276675,0.7847034986723325
649,13,rl_agent,5,8,"[5, 4, 9, 8]",3,21.46333600747778,19.75,1.7133360074777784,0.0,True,0.05,1500,4.242225713369991,0.5757774286630009
650,14,rl_agent,10,3,"[10, 5, 2, 0, 3]",4,39.16732099439508,33.0,6.167320994395077,0.08724881971103138,True,0.05,1500,1.1932103513838968,0.8806789648616103
651,14,rl_agent,5,13,"[5, 6, 5]",2,13.89457169563942,12.0,1.8945716956394207,0.0,False,0.05,1500,3.4547425496714004,0.65452574503286
652,14,rl_agent,7,0,"[7, 1, 0]",2,22.707460446473284,21.5,1.2074604464732843,0.0,True,0.05,1500,3.661821618542353,0.6338178381457646
653,14,rl_agent,7,8,"[7, 8]",1,2.500762867414765,1.9,0.6007628674147649,0.0,True,0.05,1500,4.542304385451268,0.5457695614548732
654,14,rl_agent,7,0,"[7, 1, 0]",2,22.733513008007254,21.5,1.2335130080072538,0.0,True,0.05,1500,3.6118216185423533,0.6388178381457646
655,14,rl_agent,4,1,"[4, 3, 0, 1]",3,21.010375038500992,15.0,6.010375038500992,0.07688502289107269,True,0.05,1500,1.143210351383896,0.8856789648616104
656,14,rl_agent,7,5,"[7, 1, 2, 5]",3,32.31770483149451,29.25,3.0677048314945097,0.017787394853048255,True,0.05,1500,2.1053309168261327,0.7894669083173868
657,14,rl_agent,6,7,"[6, 5, 4, 9, 8, 7]",5,31.23044254188413,27.65,3.580442541884132,0.0006790744308411423,True,0.05,1500,2.825190534043922,0.7174809465956078
658,14,rl_agent,9,10,"[9, 8, 12, 11, 10]",4,16.88701478395641,13.25,3.6370147839564098,0.02039006064052873,True,0.05,1500,2.0421102731400707,0.7957889726859929
659,14,rl_agent,12,4,"[12, 7, 1, 2, 5, 4]",5,43.0707609567492,38.75,4.320760956749197,0.0198311039267679,True,0.05,1500,2.055330916826133,0.7944669083173868
660,14,rl_agent,3,7,"[3, 8, 7]",2,15.784646690140475,13.9,1.8846466901404746,0.0005522659276048225,True,0.05,1500,2.8423549342915644,0.7157645065708436
661,14,rl_agent,2,8,"[2, 5, 4, 9, 8]",4,34.30458646262032,30.25,4.054586462620321,0.023084327286205686,True,0.05,1500,2.005330916826133,0.7994669083173866
662,14,rl_agent,10,3,"[10, 5, 2, 0, 3]",4,39.802097091281354,33.0,6.802097091281354,0.1030889828311704,True,0.05,1500,1.0932103513838953,0.8906789648616105
663,14,rl_agent,0,7,"[0, 3, 8, 7]",3,25.62185516333416,19.4,6.221855163334162,0.08596607655078159,True,0.05,1500,1.0432103513838946,0.8956789648616106
664,14,rl_agent,11,4,"[11, 6, 5, 4]",3,25.446683092327074,21.25,4.196683092327074,0.05046259181696722,True,0.05,1500,1.4930770982682873,0.8506922901731713
665,14,rl_agent,9,10,"[9, 8, 12, 11, 10]",4,16.99176571144934,13.25,3.7417657114493394,0.022574260033550786,True,0.05,1500,1.9921102731400708,0.8007889726859929
666,14,rl_agent,2,12,"[2, 5, 10, 11, 12]",4,27.220077095396444,21.75,5.470077095396444,0.0508362190997369,True,0.05,1500,1.9053309168261325,0.8094669083173868
667,14,rl_agent,6,13,"[6, 5, 6]",2,14.072439631518506,12.0,2.072439631518506,0.0,False,0.05,1500,3.254742549671401,0.6745257450328599
668,14,rl_agent,4,5,"[4, 5]",1,4.11488295049305,3.75,0.3648829504930502,0.0,True,0.05,1500,5.7811291078747855,0.42188708921252144
669,14,rl_agent,3,2,"[3, 0]",1,10.034180315411763,5.5,4.5341803154117635,0.08949343763983897,False,0.05,1500,0.9932103513838939,0.9006789648616106
670,14,rl_agent,3,11,"[3, 8, 12, 11]",3,22.261907752370316,18.25,4.011907752370316,0.028710889326205802,True,0.05,1500,1.8921102731400694,0.810788972685993
671,14,rl_agent,7,13,"[7, 8, 9, 13]",3,13.418791347785046,11.4,2.0187913477850454,0.0,True,0.05,1500,3.4695577565412243,0.6530442243458776
672,14,rl_agent,3,9,"[3, 8, 9]",2,18.791992510839474,17.0,1.7919925108394743,0.0021032330323277337,True,0.05,1500,2.692354934291565,0.7307645065708435
673,14,rl_agent,8,6,"[8, 9, 4, 5, 6]",4,28.961055032171807,25.75,3.2110550321718065,0.0016782276128680662,True,0.05,1500,2.7251905340439224,0.7274809465956078
674,14,rl_agent,12,3,"[12, 7, 1, 0, 3]",4,39.69078854524291,32.75,6.94078854524291,0.09400852574787488,True,0.05,1500,0.9432103513838932,0.9056789648616107
675,14,rl_agent,6,1,"[6, 5, 2, 0, 1]",4,36.9340050105322,32.5,4.4340050105322035,0.02911705133275788,True,0.05,1500,1.8553309168261318,0.8144669083173868
676,14,rl_agent,3,7,"[3, 8, 7]",2,15.957126916125311,13.9,2.057126916125311,0.0028424442894575686,True,0.05,1500,2.642354934291565,0.7357645065708435
677,14,rl_agent,6,5,"[6, 5]",1,7.110439487335008,6.0,1.1104394873350083,0.0,True,0.05,1500,3.1047425496714016,0.6895257450328598
678,14,rl_agent,8,4,"[8, 7, 1, 2, 5, 4]",5,39.48034999066998,34.9,4.58034999066998,0.03171631596203317,True,0.05,1500,1.8053309168261311,0.8194669083173869
679,14,rl_agent,12,5,"[12, 7, 1, 2, 5]",4,39.49037871781012,35.0,4.490378717810117,0.03442669170241963,True,0.05,1500,1.7553309168261304,0.824466908317387
680,14,rl_agent,11,8,"[11, 10, 11]",2,5.659777892664112,4.0,1.6597778926641116,0.0,False,0.05,1500,3.759712428462854,0.6240287571537146
681,14,rl_agent,6,13,"[6, 5, 6]",2,14.328072150838214,12.0,2.3280721508382136,0.0,False,0.05,1500,3.004742549671402,0.6995257450328598
682,14,rl_agent,3,12,"[3, 8, 12]",2,18.485912423807783,16.5,1.9859124238077825,0.0036927666576985763,True,0.05,1500,2.5923549342915653,0.7407645065708435
683,14,rl_agent,9,3,"[9, 4, 3]",2,16.632537199620998,14.0,2.632537199620998,0.0029462075488856376,True,0.05,1500,2.6751905340439226,0.7324809465956077
684,14,rl_agent,8,6,"[8, 9, 4, 5, 6]",4,29.187435259659182,25.75,3.437435259659182,0.003167199518736785,True,0.05,1500,2.6251905340439228,0.7374809465956077
685,14,rl_agent,11,5,"[11, 6, 5]",2,21.686141287669766,17.5,4.186141287669766,0.05405764704056604,True,0.05,1500,1.4430770982682866,0.8556922901731714
686,14,rl_agent,1,9,"[1, 7, 8, 9]",3,23.44927858375209,21.9,1.5492785837520913,0.0,True,0.05,1500,4.192304385451269,0.5807695614548731
687,14,rl_agent,4,7,"[4, 9, 8, 7]",3,20.51986207550858,17.9,2.619862075508582,0.004010290719241971,True,0.05,1500,2.575190534043923,0.7424809465956077
688,14,rl_agent,11,10,"[11, 10]",1,2.8478133673212467,2.0,0.8478133673212467,0.0,True,0.05,1500,3.709712428462854,0.6290287571537145
689,14,rl_agent,8,5,"[8, 3, 4, 5]",3,21.907726084315208,18.75,3.1577260843152075,0.005674242617708103,True,0.05,1500,2.5423549342915654,0.7457645065708435
690,14,rl_agent,11,3,"[11, 6, 5, 2, 0, 3]",5,55.085316886304255,43.0,12.085316886304255,0.1823882864371137,True,0.05,1500,0.8932103513838925,0.9106789648616107
691,14,rl_agent,3,7,"[3, 8, 7]",2,16.12794031156429,13.9,2.227940311564291,0.005726744727513777,True,0.05,1500,2.4923549342915656,0.7507645065708435
692,14,rl_agent,2,0,"[2, 0]",1,9.720048481010858,9.5,0.22004848101085805,0.0,True,0.05,1500,6.943976873585825,0.30560231264141746
693,14,rl_agent,10,11,"[10, 11]",1,2.8662275650713056,2.0,0.8662275650713056,0.0,True,0.05,1500,3.6597124284628544,0.6340287571537145
694,14,rl_agent,10,1,"[10, 5, 2, 0, 1]",4,38.196834123636016,34.0,4.196834123636016,0.04018077651652574,True,0.05,1500,1.655330916826129,0.8344669083173871
695,14,rl_agent,1,9,"[1, 7, 8, 9]",3,23.520479917493475,21.9,1.6204799174934763,0.0,True,0.05,1500,4.04230438545127,0.595769561454873
696,14,rl_agent,13,9,"[13, 9]",1,5.4621773796437765,4.5,0.9621773796437765,0.0,True,0.05,1500,3.4195577565412245,0.6580442243458775
697,14,rl_agent,5,13,"[5, 6, 5]",2,14.630103292662627,12.0,2.6301032926626267,0.0026716006695566286,False,0.05,1500,2.754742549671403,0.7245257450328597
698,14,rl_agent,2,0,"[2, 0]",1,9.730569388581278,9.5,0.2305693885812783,0.0,True,0.05,1500,6.8439768735858255,0.3156023126414174
699,14,rl_agent,0,5,"[0, 3, 4, 5]",3,19.41167792918532,12.25,7.16167792918532,0.1047686092846205,True,0.05,1500,0.8432103513838918,0.9156789648616108
700,15,rl_agent,9,3,"[9, 4, 3]",2,16.290710380769063,14.0,2.290710380769063,0.003535210407576761,True,0.05,1500,2.6011460563803386,0.7398853943619661
701,15,rl_agent,11,10,"[11, 10]",1,2.5242533820693436,2.0,0.5242533820693436,0.0,True,0.05,1500,4.881604579033249,0.511839542096675
702,15,rl_agent,2,12,"[2, 5, 10, 11, 12]",4,24.875226989345585,21.75,3.1252269893455846,7.342325993753285e-05,True,0.05,1500,2.942519162347873,0.7057480837652127
703,15,rl_agent,11,9,"[11, 12, 7, 8, 9]",4,17.293811542847493,14.4,2.8938115428474926,0.0002567140102756049,True,0.05,1500,2.892519162347873,0.7107480837652127
704,15,rl_agent,6,10,"[6, 11, 10]",2,15.703857058502594,13.5,2.203857058502594,0.01037359602472776,True,0.05,1500,2.3167637150203815,0.7683236284979619
705,15,rl_agent,3,4,"[3, 4]",1,3.8874679915492125,3.0,0.8874679915492125,0.0,True,0.05,1500,3.603686737606915,0.6396313262393085
706,15,rl_agent,13,0,"[13, 9, 4, 3, 0]",4,27.979711265202624,24.0,3.9797112652026243,0.00447710806006496,True,0.05,1500,2.5511460563803388,0.7448853943619661
707,15,rl_agent,10,11,"[10, 11]",1,2.556723975235815,2.0,0.5567239752358151,0.0,True,0.05,1500,4.73160457903325,0.526839542096675
708,15,rl_agent,9,2,"[9, 4, 5, 2]",3,28.302094053873986,25.25,3.0520940538739865,0.005530116823664222,True,0.05,1500,2.501146056380339,0.7498853943619661
709,15,rl_agent,2,12,"[2, 5, 10, 11, 12]",4,25.021889045377257,21.75,3.2718890453772573,0.0005511158717247389,True,0.05,1500,2.842519162347873,0.7157480837652127
710,15,rl_agent,9,7,"[9, 8, 7]",2,7.685104161577769,6.9,0.7851041615777685,0.0,True,0.05,1500,5.394778322252643,0.4605221677747357
711,15,rl_agent,5,1,"[5, 2, 0, 1]",3,32.10641554791036,26.5,5.606415547910359,0.08638499796731547,True,0.05,1500,1.0283699869069771,0.8971630013093023
712,15,rl_agent,5,6,"[5, 6]",1,6.483274728597684,6.0,0.48327472859768417,0.0,True,0.05,1500,5.085048821635888,0.4914951178364112
713,15,rl_agent,4,6,"[4, 5, 6]",2,10.800060160079287,9.75,1.050060160079287,0.0,True,0.05,1500,4.730274409608313,0.5269725590391687
714,15,rl_agent,6,3,"[6, 5, 2, 0, 3]",4,34.02104562348057,31.5,2.5210456234805676,0.0,True,0.05,1500,3.167750036391233,0.6832249963608767
715,15,rl_agent,10,5,"[10, 5]",1,7.923216584914312,7.5,0.4232165849143117,0.0,True,0.05,1500,5.415847247224304,0.45841527527756953
716,15,rl_agent,0,5,"[0, 3, 4, 5]",3,14.505428227532192,12.25,2.2554282275321924,0.0,True,0.05,1500,3.503686737606915,0.6496313262393085
717,15,rl_agent,4,5,"[4, 5]",1,4.329849606672224,3.75,0.5798496066722238,0.0,True,0.05,1500,4.6302744096083135,0.5369725590391686
718,15,rl_agent,2,8,"[2, 5, 4, 9, 8]",4,33.85093266077737,30.25,3.6009326607773673,0.006694236698374545,True,0.05,1500,2.451146056380339,0.7548853943619661
719,15,rl_agent,11,7,"[11, 10, 11]",2,5.182641436531406,4.0,1.182641436531406,0.0,False,0.05,1500,4.58160457903325,0.541839542096675
720,15,rl_agent,1,8,"[1, 7, 8]",2,18.128621655812605,16.9,1.2286216558126064,0.0,True,0.05,1500,3.8665897775737275,0.6133410222426272
721,15,rl_agent,9,7,"[9, 8, 7]",2,7.717598895811913,6.9,0.8175988958119129,0.0,True,0.05,1500,5.294778322252643,0.47052216777473566
722,15,rl_agent,12,11,"[12, 11]",1,3.0404980089003715,1.75,1.2904980089003715,0.0009566288442850457,True,0.05,1500,2.7925191623478733,0.7207480837652127
723,15,rl_agent,9,4,"[9, 4]",1,12.582338967558417,11.0,1.5823389675584174,0.007969467684196041,True,0.05,1500,2.4011460563803393,0.7598853943619661
724,15,rl_agent,2,0,"[2, 0]",1,9.700139953647472,9.5,0.20013995364747217,0.0,True,0.05,1500,7.1414293298816,0.28585706701184
725,15,rl_agent,4,0,"[4, 3, 0]",2,10.223854656180148,8.5,1.7238546561801478,0.0,True,0.05,1500,3.4536867376069154,0.6546313262393084
726,15,rl_agent,1,10,"[1, 2, 5, 10]",3,24.011031573640434,21.75,2.261031573640434,0.0,True,0.05,1500,3.0677500363912333,0.6932249963608766
727,15,rl_agent,11,2,"[11, 6, 5, 2]",3,31.375812651243542,28.0,3.3758126512435425,0.011947454435793592,True,0.05,1500,2.2667637150203817,0.7733236284979619
728,15,rl_agent,9,1,"[9, 4, 3, 0, 1]",4,33.998780731672156,26.0,7.998780731672156,0.09932805041171255,True,0.05,1500,0.9783699869069764,0.9021630013093024
729,15,rl_agent,12,6,"[12, 7, 1, 2, 5, 6]",5,45.14797887388682,41.0,4.147978873886821,2.3112447839257477e-05,True,0.05,1500,2.9677500363912337,0.7032249963608767
730,15,rl_agent,13,3,"[13, 9, 4, 3]",3,22.066888572972882,18.5,3.566888572972882,0.010853262989172219,True,0.05,1500,2.3011460563803396,0.769885394361966
731,15,rl_agent,6,5,"[6, 5]",1,6.534115721360658,6.0,0.5341157213606582,0.0,True,0.05,1500,4.835048821635889,0.5164951178364111
732,15,rl_agent,1,0,"[1, 0]",1,11.385783761341056,6.5,4.885783761341056,0.095370020247729,True,0.05,1500,0.9283699869069757,0.9071630013093024
733,15,rl_agent,2,3,"[2, 0, 3]",2,16.014625850090418,15.0,1.0146258500904182,0.0,True,0.05,1500,3.818107280261189,0.6181892719738811
734,15,rl_agent,1,7,"[1, 7]",1,15.82746072581888,15.0,0.8274607258188809,0.0,True,0.05,1500,3.766589777573728,0.6233410222426272
735,15,rl_agent,11,0,"[11, 6, 5, 2, 0]",4,41.224194064793785,37.5,3.7241940647937852,0.013780709122307222,True,0.05,1500,2.216763715020382,0.7783236284979618
736,15,rl_agent,5,3,"[5, 2, 0, 3]",3,27.78561460500498,25.5,2.28561460500498,0.00038866784165603185,True,0.05,1500,2.867750036391234,0.7132249963608766
737,15,rl_agent,8,5,"[8, 3, 4, 5]",3,21.51390163741753,18.75,2.763901637417529,0.0,True,0.05,1500,3.0362742816698693,0.696372571833013
738,15,rl_agent,4,1,"[4, 3, 0, 1]",3,22.07385062296369,15.0,7.07385062296369,0.10002919805460242,True,0.05,1500,0.878369986906975,0.9121630013093025
739,15,rl_agent,13,1,"[13, 9, 4, 3, 0, 1]",5,40.60397430728344,30.5,10.103974307283437,0.11595532117226037,True,0.05,1500,0.8283699869069743,0.9171630013093026
740,15,rl_agent,2,10,"[2, 5, 10]",2,19.71504925623659,18.0,1.7150492562365898,0.0007381122052310118,True,0.05,1500,2.8177500363912342,0.7182249963608766
741,15,rl_agent,0,1,"[0, 1]",1,12.423680362944893,6.5,5.923680362944893,0.10968088700168266,True,0.05,1500,0.7783699869069736,0.9221630013093026
742,15,rl_agent,3,8,"[3, 8]",1,13.174327114120306,12.0,1.174327114120306,4.1865631928983404e-06,True,0.05,1500,2.9862742816698695,0.701372571833013
743,15,rl_agent,8,12,"[8, 12]",1,5.022373829041495,4.5,0.522373829041495,0.0,True,0.05,1500,4.890579021068687,0.5109420978931313
744,15,rl_agent,11,5,"[11, 6, 5]",2,19.86354426854917,17.5,2.3635442685491697,0.015428504591258552,True,0.05,1500,2.166763715020382,0.7833236284979618
745,15,rl_agent,3,10,"[3, 4, 5, 10]",3,16.400963883364422,14.25,2.1509638833644225,0.0,True,0.05,1500,3.1536867376069164,0.6846313262393083
746,15,rl_agent,2,9,"[2, 5, 6, 5]",3,24.96399609691566,22.5,2.463996096915661,0.0011986676799171647,False,0.05,1500,2.7677500363912344,0.7232249963608766
747,15,rl_agent,5,4,"[5, 4]",1,4.378598262255736,3.75,0.6285982622557356,0.0,True,0.05,1500,4.430274409608314,0.5569725590391685
748,15,rl_agent,2,7,"[2, 5, 4, 9, 8, 7]",5,36.73707673531733,32.15,4.587076735317332,0.01592673100407005,True,0.05,1500,2.20114605638034,0.779885394361966
749,15,rl_agent,7,0,"[7, 1, 0]",2,28.709962404629955,21.5,7.209962404629955,0.11467339814188948,True,0.05,1500,0.7283699869069729,0.9271630013093027
750,16,rl_agent,9,11,"[9, 8, 12, 11]",3,12.599536892061263,11.25,1.3495368920612627,0.0,True,0.05,1500,4.649442247900679,0.5350557752099321
751,16,rl_agent,8,6,"[8, 9, 4, 5, 6]",4,28.95762204890935,25.75,3.20762204890935,0.012525526769349704,True,0.05,1500,2.249234587490383,0.7750765412509617
752,16,rl_agent,13,11,"[13, 10, 11]",2,5.285453914304641,3.75,1.5354539143046413,0.0,True,0.05,1500,3.230172588205413,0.6769827411794587
753,16,rl_agent,5,3,"[5, 2, 0, 3]",3,27.349569395759225,25.5,1.8495693957592252,0.0,True,0.05,1500,3.6096871749338266,0.6390312825066173
754,16,rl_agent,8,13,"[8, 9, 13]",2,11.325522705901307,9.5,1.8255227059013066,0.007706085405751795,True,0.05,1500,2.411124934082931,0.7588875065917069
755,16,rl_agent,5,8,"[5, 4, 9, 8]",3,22.355036399476,19.75,2.605036399475999,0.014249449908259937,True,0.05,1500,2.199234587490383,0.7800765412509617
756,16,rl_agent,1,3,"[1, 0, 3]",2,15.690545047644353,12.0,3.6905450476443526,0.05304316495517003,True,0.05,1500,1.455026724184961,0.8544973275815039
757,16,rl_agent,8,12,"[8, 12]",1,5.04426609588593,4.5,0.5442660958859298,0.0,True,0.05,1500,4.788051646700377,0.5211948353299622
758,16,rl_agent,9,3,"[9, 4, 3]",2,16.623760979179067,14.0,2.6237609791790675,0.016084484158281342,True,0.05,1500,2.1492345874903833,0.7850765412509617
759,16,rl_agent,7,1,"[7, 1]",1,15.682990955203158,15.0,0.6829909552031577,0.0,True,0.05,1500,4.226575002968924,0.5773424997031076
760,16,rl_agent,7,6,"[7, 1, 2, 5, 6]",4,38.102687164080955,35.25,2.8526871640809546,0.0,True,0.05,1500,3.559687174933827,0.6440312825066173
761,16,rl_agent,4,13,"[4, 9, 13]",2,18.999455173276196,15.5,3.4994551732761963,0.026937339380908032,True,0.05,1500,2.0992345874903835,0.7900765412509616
762,16,rl_agent,7,9,"[7, 8, 9]",2,7.371976172467155,6.9,0.47197617246715495,0.0,True,0.05,1500,6.550688381528858,0.34493116184711414
763,16,rl_agent,4,10,"[4, 5, 10]",2,12.1229204592701,11.25,0.8729204592700999,0.0,True,0.05,1500,4.605400783224474,0.5394599216775526
764,16,rl_agent,6,8,"[6, 5, 4, 9, 8]",4,29.260843929392287,25.75,3.510843929392287,0.02008788599165734,True,0.05,1500,2.0492345874903837,0.7950765412509616
765,16,rl_agent,0,5,"[0, 3, 4, 5]",3,14.444294545243977,12.25,2.1942945452439773,0.0,True,0.05,1500,3.8040060322177247,0.6195993967782275
766,16,rl_agent,9,13,"[9, 13]",1,6.163448598673023,4.5,1.663448598673023,0.010545530143161064,True,0.05,1500,2.3111249340829314,0.7688875065917069
767,16,rl_agent,10,9,"[10, 11, 10]",2,5.014894148774003,4.0,1.0148941487740029,0.0,False,0.05,1500,4.963039872881002,0.5036960127118998
768,16,rl_agent,7,8,"[7, 8]",1,2.1137559832896393,1.9,0.2137559832896394,0.0,True,0.05,1500,7.005195216655746,0.29948047833442537
769,16,rl_agent,4,11,"[4, 5, 10, 11]",3,14.683418599242518,13.25,1.4334185992425184,0.0,True,0.05,1500,4.455400783224475,0.5544599216775525
770,16,rl_agent,8,12,"[8, 12]",1,5.0552860907461925,4.5,0.5552860907461925,0.0,True,0.05,1500,4.738051646700377,0.5261948353299623
771,16,rl_agent,3,0,"[3, 0]",1,6.286450919918428,5.5,0.786450919918428,0.0,True,0.05,1500,3.886662073604054,0.6113337926395946
772,16,rl_agent,13,1,"[13, 9, 4, 3, 0, 1]",5,38.90602364022904,30.5,8.406023640229037,0.088721388413737,True,0.05,1500,1.4050267241849603,0.859497327581504
773,16,rl_agent,5,11,"[5, 10, 11]",2,10.327995268083077,9.5,0.8279952680830771,0.0,True,0.05,1500,4.863039872881003,0.5136960127118997
774,16,rl_agent,0,11,"[0, 3, 4, 5, 10, 11]",5,24.900409640054118,21.75,3.150409640054118,0.0,True,0.05,1500,3.704006032217725,0.6295993967782275
775,16,rl_agent,2,10,"[2, 5, 10]",2,19.237462796794468,18.0,1.2374627967944676,0.0,True,0.05,1500,3.509687174933827,0.6490312825066173
776,16,rl_agent,13,11,"[13, 10, 11]",2,5.371991481396732,3.75,1.6219914813967318,0.0,True,0.05,1500,3.180172588205413,0.6819827411794587
777,16,rl_agent,6,7,"[6, 5, 4, 9, 8, 7]",5,31.575945278333066,27.65,3.9259452783330673,0.024535732269477917,True,0.05,1500,1.9492345874903823,0.8050765412509617
778,16,rl_agent,2,8,"[2, 5, 4, 9, 8]",4,34.27035491996234,30.25,4.020354919962337,0.026926322075054965,True,0.05,1500,1.8992345874903815,0.8100765412509618
779,16,rl_agent,13,0,"[13, 9, 4, 3, 0]",4,29.671567581568894,24.0,5.671567581568894,0.042850469846898664,True,0.05,1500,1.8492345874903808,0.815076541250962
780,16,rl_agent,9,3,"[9, 4, 3]",2,17.166304542122628,14.0,3.166304542122628,0.032040835019542135,True,0.05,1500,1.7992345874903801,0.820076541250962
781,16,rl_agent,8,9,"[8, 9]",1,5.287316224575375,5.0,0.28731622457537487,0.0,True,0.05,1500,6.350688381528859,0.3649311618471141
782,16,rl_agent,10,2,"[10, 5, 2]",2,19.285905730224677,18.0,1.2859057302246768,0.0,True,0.05,1500,3.4096871749338273,0.6590312825066172
783,16,rl_agent,13,8,"[13, 9, 8]",2,11.607173963629684,9.5,2.107173963629684,0.015638030582608153,True,0.05,1500,2.161124934082932,0.7838875065917068
784,16,rl_agent,9,5,"[9, 4, 5]",2,17.783370516195003,14.75,3.033370516195003,0.03476475815845248,True,0.05,1500,1.7492345874903794,0.8250765412509621
785,16,rl_agent,9,11,"[9, 8, 12, 11]",3,12.703541379730082,11.25,1.4535413797300816,0.0,True,0.05,1500,4.599442247900679,0.5400557752099321
786,16,rl_agent,7,1,"[7, 1]",1,15.711658577973907,15.0,0.7116585779739069,0.0,True,0.05,1500,4.1265750029689245,0.5873424997031076
787,16,rl_agent,1,5,"[1, 2, 5]",2,15.810696249509173,14.25,1.5606962495091725,0.0,True,0.05,1500,3.3596871749338275,0.6640312825066172
788,16,rl_agent,4,9,"[4, 9]",1,13.44250131018376,11.0,2.4425013101837596,0.03759979240847389,True,0.05,1500,1.6992345874903787,0.8300765412509621
789,16,rl_agent,6,8,"[6, 5, 4, 9, 8]",4,30.010895483991806,25.75,4.260895483991806,0.040545937769606466,True,0.05,1500,1.649234587490378,0.8350765412509622
790,16,rl_agent,10,11,"[10, 11]",1,2.560886420412052,2.0,0.5608864204120518,0.0,True,0.05,1500,4.713039872881003,0.5286960127118997
791,16,rl_agent,1,10,"[1, 2, 5, 10]",3,23.671072458663943,21.75,1.921072458663943,0.0,True,0.05,1500,3.3096871749338277,0.6690312825066173
792,16,rl_agent,12,10,"[12, 11, 10]",2,4.921297723190586,3.75,1.1712977231905857,0.0,True,0.05,1500,4.5494422479006795,0.5450557752099321
793,16,rl_agent,7,13,"[7, 8, 9, 13]",3,13.805415173879796,11.4,2.4054151738797955,0.017557752951312677,True,0.05,1500,2.111124934082932,0.7888875065917068
794,16,rl_agent,0,9,"[0, 3, 8, 9]",3,24.720264204562817,22.5,2.2202642045628167,0.0,True,0.05,1500,3.237410637124168,0.6762589362875832
795,16,rl_agent,8,4,"[8, 7, 1, 2, 5, 4]",5,38.18900672437641,34.9,3.2890067243764136,0.0,True,0.05,1500,3.259687174933828,0.6740312825066173
796,16,rl_agent,2,12,"[2, 5, 10, 11, 12]",4,24.336067844065038,21.75,2.586067844065038,0.0,True,0.05,1500,3.209687174933828,0.6790312825066172
797,16,rl_agent,9,13,"[9, 13]",1,6.425859741600127,4.5,1.925859741600127,0.019588586431128485,True,0.05,1500,2.0611249340829323,0.7938875065917068
798,16,rl_agent,3,2,"[3, 0, 2]",2,16.105953611783846,15.0,1.1059536117838462,0.0,True,0.05,1500,3.6366620736040547,0.6363337926395946
799,16,rl_agent,11,3,"[11, 6, 5, 2, 0, 3]",5,47.1242307454763,43.0,4.1242307454762965,0.0,True,0.05,1500,3.008423594530849,0.6991576405469151
800,17,rl_agent,1,5,"[1, 2, 5]",2,15.86204528477236,14.25,1.6120452847723605,2.2913345248620764e-05,True,0.05,1500,2.9678892457860364,0.7032110754213964
801,17,rl_agent,3,7,"[3, 8, 7]",2,15.540565636223992,13.9,1.6405656362239913,0.006627748496677244,True,0.05,1500,2.453878509532469,0.7546121490467531
802,17,rl_agent,0,3,"[0, 3]",1,6.048428825462541,5.5,0.5484288254625413,0.0,True,0.05,1500,4.7690409482914795,0.523095905170852
803,17,rl_agent,1,8,"[1, 7, 8]",2,18.142030039812084,16.9,1.2420300398120858,0.0,True,0.05,1500,3.0573611440826705,0.6942638855917329
804,17,rl_agent,13,6,"[13, 9, 4, 5, 6]",4,29.784762752229945,25.25,4.534762752229945,0.025543514711493298,True,0.05,1500,1.9364071255439388,0.8063592874456061
805,17,rl_agent,13,9,"[13, 9]",1,5.777298853798397,4.5,1.2772988537983974,0.0007749471233594596,True,0.05,1500,2.8132578768697947,0.7186742123130205
806,17,rl_agent,4,2,"[4, 5, 2]",2,15.742199219070297,14.25,1.4921992190702973,0.00014982613239078457,True,0.05,1500,2.9178892457860366,0.7082110754213964
807,17,rl_agent,11,9,"[11, 12, 7, 8, 9]",4,19.10728851210758,14.4,4.70728851210758,0.07571338262310134,True,0.05,1500,1.1541662539547168,0.8845833746045283
808,17,rl_agent,12,1,"[12, 7, 1]",2,22.254814249106577,20.75,1.5048142491065768,0.0,True,0.05,1500,3.0073611440826706,0.6992638855917329
809,17,rl_agent,6,13,"[6, 5, 6]",2,13.952222141552248,12.0,1.952222141552248,0.0,False,0.05,1500,3.3872789785195856,0.6612721021480414
810,17,rl_agent,5,8,"[5, 4, 9, 8]",3,22.62363536210693,19.75,2.8736353621069313,0.027557535334207017,True,0.05,1500,1.886407125543938,0.8113592874456061
811,17,rl_agent,10,8,"[10, 11, 10]",2,5.253522365144811,4.0,1.2535223651448106,0.0,False,0.05,1500,4.437497561448609,0.5562502438551391
812,17,rl_agent,13,6,"[13, 9, 4, 5, 6]",4,30.07134163284701,25.25,4.821341632847009,0.03129575306039056,True,0.05,1500,1.8364071255439374,0.8163592874456063
813,17,rl_agent,5,2,"[5, 2]",1,11.74344250125656,10.5,1.2434425012565598,0.00038785003064401025,True,0.05,1500,2.8678892457860368,0.7132110754213963
814,17,rl_agent,0,12,"[0, 3, 8, 12]",3,24.660185469683448,22.0,2.660185469683448,0.007896907364382866,True,0.05,1500,2.4038785095324693,0.7596121490467531
815,17,rl_agent,4,7,"[4, 9, 8, 7]",3,20.760237779392664,17.9,2.8602377793926657,0.03272905922067848,True,0.05,1500,1.7864071255439367,0.8213592874456064
816,17,rl_agent,12,8,"[12, 8]",1,5.031201372314736,4.5,0.5312013723147357,0.0,True,0.05,1500,4.848713485297747,0.5151286514702254
817,17,rl_agent,1,8,"[1, 7, 8]",2,18.208573989602794,16.9,1.3085739896027953,4.040160075424737e-05,True,0.05,1500,2.957361144082671,0.7042638855917329
818,17,rl_agent,7,5,"[7, 1, 2, 5]",3,32.180176852487705,29.25,2.9301768524877048,0.0009275546589259109,True,0.05,1500,2.817889245786037,0.7182110754213963
819,17,rl_agent,8,0,"[8, 3, 0]",2,19.69503754112241,17.5,2.19503754112241,0.00927717734319966,True,0.05,1500,2.3538785095324695,0.764612149046753
820,17,rl_agent,10,4,"[10, 5, 4]",2,11.963425561639795,11.25,0.7134255616397951,0.0,True,0.05,1500,5.4574980048131,0.45425019951868995
821,17,rl_agent,1,10,"[1, 2, 5, 10]",3,23.925943451152826,21.75,2.1759434511528255,0.0011972311604838692,True,0.05,1500,2.767889245786037,0.7232110754213963
822,17,rl_agent,12,5,"[12, 7, 1, 2, 5]",4,38.39279373324074,35.0,3.3927937332407367,0.0022199186097430212,True,0.05,1500,2.7178892457860373,0.7282110754213963
823,17,rl_agent,2,1,"[2, 0, 1]",2,17.07009609921601,16.0,1.0700960992160091,0.0,True,0.05,1500,3.8297956575622214,0.6170204342437778
824,17,rl_agent,7,8,"[7, 8]",1,2.0217189974518086,1.9,0.1217189974518087,0.0,True,0.05,1500,8.04221846283146,0.19577815371685395
825,17,rl_agent,2,1,"[2, 0, 1]",2,17.093256548457227,16.0,1.0932565484572265,0.0,True,0.05,1500,3.7797956575622216,0.6220204342437778
826,17,rl_agent,13,1,"[13, 9, 4, 3, 0, 1]",5,36.24625108432074,30.5,5.74625108432074,0.037243792723099745,True,0.05,1500,1.736407125543936,0.8263592874456064
827,17,rl_agent,7,4,"[7, 1, 2, 5, 4]",4,36.42190509604859,33.0,3.42190509604859,0.003273696084955202,True,0.05,1500,2.6678892457860375,0.7332110754213963
828,17,rl_agent,0,5,"[0, 3, 4, 5]",3,13.767656702533836,12.25,1.517656702533836,0.0,True,0.05,1500,4.4917090448127786,0.5508290955187222
829,17,rl_agent,4,12,"[4, 9]",1,13.464883108156517,11.0,2.464883108156517,0.03834502755159441,False,0.05,1500,1.6864071255439352,0.8313592874456065
830,17,rl_agent,1,9,"[1, 7, 8, 9]",3,23.795235391808408,21.9,1.8952353918084093,0.0013083025422415684,True,0.05,1500,2.7573611440826715,0.7242638855917328
831,17,rl_agent,7,4,"[7, 1, 2, 5, 4]",4,36.54597848266485,33.0,3.54597848266485,0.005141517021044262,True,0.05,1500,2.6178892457860377,0.7382110754213962
832,17,rl_agent,5,0,"[5, 2, 0]",2,21.723539957247482,20.0,1.7235399572474819,0.004149326753496885,True,0.05,1500,2.567889245786038,0.7432110754213962
833,17,rl_agent,1,4,"[1, 2, 5, 4]",3,20.29129190853817,18.0,2.29129190853817,0.0051651284295278765,True,0.05,1500,2.517889245786038,0.7482110754213962
834,17,rl_agent,11,12,"[11, 12]",1,5.778303579367551,1.75,4.028303579367551,0.0798707909476466,True,0.05,1500,1.1041662539547161,0.8895833746045284
835,17,rl_agent,13,0,"[13, 9, 4]",2,19.432874224139802,15.5,3.932874224139802,0.04373545175973015,False,0.05,1500,1.6364071255439345,0.8363592874456065
836,17,rl_agent,11,13,"[11, 12, 11]",2,12.458510317008695,3.5,8.958510317008695,0.1692022789567591,False,0.05,1500,1.0041662539547147,0.8995833746045285
837,17,rl_agent,2,9,"[2, 5, 6, 5]",3,26.11503682195422,22.5,3.61503682195422,0.006292041216670041,False,0.05,1500,2.467889245786038,0.7532110754213962
838,17,rl_agent,3,5,"[3, 4, 5]",2,7.706047871586531,6.75,0.9560478715865308,0.0,True,0.05,1500,4.441709044812779,0.5558290955187222
839,17,rl_agent,4,3,"[4, 3]",1,3.638508937860011,3.0,0.6385089378600108,0.0,True,0.05,1500,4.391709044812779,0.5608290955187221
840,17,rl_agent,6,12,"[6, 11, 12]",2,18.71181038679882,13.25,5.46181038679882,0.09300968258794873,True,0.05,1500,0.954166253954714,0.9045833746045286
841,17,rl_agent,4,5,"[4, 5]",1,4.087307673674119,3.75,0.3373076736741192,0.0,True,0.05,1500,5.971520573864949,0.4028479426135051
842,17,rl_agent,10,4,"[10, 5, 4]",2,12.027649175879032,11.25,0.7776491758790325,0.0,True,0.05,1500,5.357498004813101,0.46425019951868995
843,17,rl_agent,10,7,"[10, 11, 10]",2,5.30547680046655,4.0,1.3054768004665496,0.0,False,0.05,1500,4.337497561448609,0.5662502438551391
844,17,rl_agent,2,4,"[2, 5, 4]",2,16.16948753242586,14.25,1.9194875324258582,0.007530065114923268,True,0.05,1500,2.4178892457860384,0.7582110754213962
845,17,rl_agent,0,9,"[0, 3, 8, 9]",3,25.242215082422753,22.5,2.742215082422753,0.010768558433127517,True,0.05,1500,2.3038785095324696,0.769612149046753
846,17,rl_agent,7,1,"[7, 1]",1,16.381565857592914,15.0,1.3815658575929142,0.002608919679651933,True,0.05,1500,2.657361144082672,0.7342638855917328
847,17,rl_agent,0,2,"[0, 2]",1,9.782490862276399,9.5,0.28249086227639886,0.0,True,0.05,1500,6.389850975964312,0.3610149024035688
848,17,rl_agent,10,1,"[10, 5, 2, 0, 1]",4,37.201081892950214,34.0,3.2010818929502136,0.008879200124287667,True,0.05,1500,2.3678892457860385,0.7632110754213961
849,17,rl_agent,9,3,"[9, 4, 3]",2,17.303396297377983,14.0,3.303396297377983,0.044405440326954815,True,0.05,1500,1.5864071255439338,0.8413592874456066
850,18,rl_agent,3,2,"[3, 0, 2]",2,16.370159053806184,15.0,1.3701590538061836,0.0,True,0.05,1500,3.293453441464467,0.6706546558535533
851,18,rl_agent,1,13,"[1, 7, 8, 9, 13]",4,29.224768388534997,26.4,2.8247683885349986,0.002053525055537242,True,0.05,1500,2.69601212606557,0.730398787393443
852,18,rl_agent,13,3,"[13, 9, 4, 3]",3,21.72045898493349,18.5,3.22045898493349,0.0027846092198359207,True,0.05,1500,2.6460121260655702,0.735398787393443
853,18,rl_agent,13,6,"[13, 9, 4, 5, 6]",4,28.583971035099573,25.25,3.333971035099573,0.0036432426513673954,True,0.05,1500,2.5960121260655704,0.740398787393443
854,18,rl_agent,1,9,"[1, 7, 8, 9]",3,23.404017095388404,21.9,1.5040170953884058,0.0,True,0.05,1500,3.37997938989196,0.6620020610108039
855,18,rl_agent,6,11,"[6, 11]",1,12.324267201521476,11.5,0.8242672015214758,0.0,True,0.05,1500,3.7756730622455974,0.6224326937754403
856,18,rl_agent,5,7,"[5, 4, 9, 8, 7]",4,23.693712847222,21.65,2.0437128472220003,0.00013260286744321004,True,0.05,1500,2.9227528056500294,0.707724719434997
857,18,rl_agent,2,4,"[2, 5, 4]",2,15.304024533924657,14.25,1.0540245339246574,0.0,True,0.05,1500,3.9940901434083598,0.600590985659164
858,18,rl_agent,0,4,"[0, 3, 4]",2,10.232279422125755,8.5,1.732279422125755,0.0,True,0.05,1500,3.2434534414644673,0.6756546558535532
859,18,rl_agent,6,1,"[6, 5, 2, 0, 1]",4,34.82073194510538,32.5,2.320731945105379,0.0,True,0.05,1500,3.94409014340836,0.605590985659164
860,18,rl_agent,11,13,"[11, 12, 11]",2,5.1375100349457465,3.5,1.6375100349457465,0.0,False,0.05,1500,3.7914547688936846,0.6208545231106315
861,18,rl_agent,8,4,"[8, 7, 1, 2, 5, 4]",5,37.32803774535964,34.9,2.4280377453596387,0.0,True,0.05,1500,3.3299793898919603,0.667002061010804
862,18,rl_agent,7,2,"[7, 1, 2]",2,20.039707555661654,18.75,1.2897075556616535,0.0,True,0.05,1500,3.2799793898919605,0.672002061010804
863,18,rl_agent,10,7,"[10, 11, 10]",2,5.111464634556612,4.0,1.1114646345566124,0.0,False,0.05,1500,4.736049013721655,0.5263950986278345
864,18,rl_agent,4,9,"[4, 9]",1,12.24049085955679,11.0,1.2404908595567896,0.0003598188548875614,True,0.05,1500,2.8727528056500296,0.712724719434997
865,18,rl_agent,1,5,"[1, 2, 5]",2,15.321907767795922,14.25,1.0719077677959223,0.0,True,0.05,1500,3.8440901434083603,0.6155909856591639
866,18,rl_agent,8,12,"[8, 12]",1,4.8492411474244355,4.5,0.34924114742443546,0.0,True,0.05,1500,5.887609208719949,0.41123907912800506
867,18,rl_agent,0,3,"[0, 3]",1,6.565703114715547,5.5,1.0657031147155474,0.0,True,0.05,1500,3.1934534414644675,0.6806546558535532
868,18,rl_agent,7,1,"[7, 1]",1,16.047997493620926,15.0,1.047997493620926,0.0,True,0.05,1500,3.2299793898919607,0.677002061010804
869,18,rl_agent,2,1,"[2, 0, 1]",2,17.130899814691325,16.0,1.1308998146913254,0.0,True,0.05,1500,3.9552756192636007,0.6044724380736399
870,18,rl_agent,8,7,"[8, 7]",1,1.9776909553750792,1.9,0.0776909553750793,0.0,True,0.05,1500,8.655146758795338,0.13448532412046624
871,18,rl_agent,7,11,"[7, 8, 12, 11]",3,9.423941217356823,8.15,1.273941217356823,0.0,True,0.05,1500,3.741454768893685,0.6258545231106315
872,18,rl_agent,10,0,"[10, 5, 2, 0]",3,29.40487029865433,27.5,1.9048702986543304,0.0,True,0.05,1500,3.7940901434083605,0.6205909856591639
873,18,rl_agent,8,13,"[8, 9, 13]",2,11.439393184342547,9.5,1.9393931843425474,0.004580110881766686,True,0.05,1500,2.5460121260655706,0.7453987873934429
874,18,rl_agent,13,1,"[13, 9, 4, 3, 0, 1]",5,35.85050408119564,30.5,5.350504081195638,0.006338733628194704,True,0.05,1500,2.4960121260655708,0.7503987873934429
875,18,rl_agent,0,4,"[0, 3, 4]",2,10.336076899954781,8.5,1.8360768999547812,0.0,True,0.05,1500,3.093453441464468,0.6906546558535532
876,18,rl_agent,9,3,"[9, 4, 3]",2,16.03808430286625,14.0,2.038084302866249,0.0011475841631096717,True,0.05,1500,2.77275280565003,0.722724719434997
877,18,rl_agent,13,4,"[13, 9, 4]",2,18.380520355491463,15.5,2.8805203554914627,0.008516540904325853,True,0.05,1500,2.446012126065571,0.7553987873934429
878,18,rl_agent,5,4,"[5, 4]",1,4.0652545062768315,3.75,0.3152545062768315,0.0,True,0.05,1500,6.133054109488327,0.38669458905116727
879,18,rl_agent,11,5,"[11, 6, 5]",2,18.796403144949306,17.5,1.2964031449493056,0.0,True,0.05,1500,3.7256730622455976,0.6274326937754402
880,18,rl_agent,10,5,"[10, 5]",1,8.227574004973977,7.5,0.7275740049739774,0.0,True,0.05,1500,4.073074193279281,0.592692580672072
881,18,rl_agent,9,4,"[9, 4]",1,12.370730427980588,11.0,1.3707304279805879,0.0023797939157761405,True,0.05,1500,2.6727528056500303,0.732724719434997
882,18,rl_agent,1,7,"[1, 7]",1,16.07233723460386,15.0,1.0723372346038609,0.0,True,0.05,1500,3.179979389891961,0.682002061010804
883,18,rl_agent,9,2,"[9, 4, 5, 2]",3,27.813787387369366,25.25,2.5637873873693664,0.0031625654587761343,True,0.05,1500,2.6227528056500304,0.737724719434997
884,18,rl_agent,3,13,"[3, 8, 9, 13]",3,24.78052617614996,21.5,3.2805261761499587,0.008226060600331486,True,0.05,1500,2.396012126065571,0.7603987873934429
885,18,rl_agent,6,1,"[6, 5, 2, 0, 1]",4,34.996053139553794,32.5,2.496053139553794,0.0,True,0.05,1500,3.694090143408361,0.6305909856591639
886,18,rl_agent,4,0,"[4, 3, 0]",2,10.393131257371486,8.5,1.8931312573714862,0.0,True,0.05,1500,3.043453441464468,0.6956546558535532
887,18,rl_agent,4,5,"[4, 5]",1,4.078767637296072,3.75,0.32876763729607195,0.0,True,0.05,1500,6.033054109488328,0.3966945890511672
888,18,rl_agent,10,8,"[10, 11, 10]",2,5.1570091192742495,4.0,1.1570091192742495,0.0,False,0.05,1500,4.636049013721656,0.5363950986278344
889,18,rl_agent,9,1,"[9, 4, 3, 0, 1]",4,30.19381062045843,26.0,4.193810620458429,0.004057396636880983,True,0.05,1500,2.5727528056500306,0.742724719434997
890,18,rl_agent,1,0,"[1, 0]",1,7.331460192788855,6.5,0.831460192788855,0.0,True,0.05,1500,3.7552756192636014,0.6244724380736398
891,18,rl_agent,9,3,"[9, 4, 3]",2,16.264287464254338,14.0,2.2642874642543376,0.005061441878109307,True,0.05,1500,2.522752805650031,0.747724719434997
892,18,rl_agent,4,2,"[4, 5, 2]",2,15.457778204476853,14.25,1.2077782044768526,0.0,True,0.05,1500,3.644090143408361,0.6355909856591639
893,18,rl_agent,13,2,"[13, 9, 4, 5, 2]",4,34.13722318950243,29.75,4.3872231895024285,0.015623280124356986,True,0.05,1500,2.3460121260655713,0.7653987873934429
894,18,rl_agent,12,1,"[12, 7, 1]",2,22.41105253572247,20.75,1.6610525357224688,0.0,True,0.05,1500,3.129979389891961,0.6870020610108039
895,18,rl_agent,13,0,"[13, 9, 4, 3, 0]",4,29.23912462426997,24.0,5.239124624269969,0.018406274212812268,True,0.05,1500,2.2960121260655715,0.7703987873934428
896,18,rl_agent,5,7,"[5, 4, 9, 8, 7]",4,24.18654909344362,21.65,2.5365490934436217,0.008743089840442364,True,0.05,1500,2.3727528056500313,0.7627247194349969
897,18,rl_agent,10,1,"[10, 5, 2, 0, 1]",4,36.89296287010768,34.0,2.892962870107681,0.0,True,0.05,1500,3.5440901434083614,0.6455909856591638
898,18,rl_agent,1,4,"[1, 2, 5, 4]",3,19.56537531642904,18.0,1.5653753164290407,0.0,True,0.05,1500,3.4940901434083615,0.6505909856591638
899,18,rl_agent,6,4,"[6, 5, 4]",2,10.587529480417317,9.75,0.8375294804173166,0.0,True,0.05,1500,5.139092504019385,0.4860907495980615
900,19,rl_agent,8,11,"[8, 12, 11]",2,9.970036903148314,6.25,3.720036903148314,0.04516684372656543,True,0.05,1500,1.5743394626716203,0.842566053732838
901,19,rl_agent,12,4,"[12, 7, 1, 2, 5, 4]",5,41.047243779427866,38.75,2.297243779427866,0.0,True,0.05,1500,3.675731354530172,0.6324268645469828
902,19,rl_agent,6,3,"[6, 5, 2, 0, 3]",4,33.61792309080258,31.5,2.1179230908025772,0.0,True,0.05,1500,4.48807426582772,0.551192573417228
903,19,rl_agent,10,4,"[10, 5, 4]",2,11.924004721380111,11.25,0.6740047213801112,0.0,True,0.05,1500,5.263015841658039,0.47369841583419614
904,19,rl_agent,7,13,"[7, 8, 9, 13]",3,15.26026814213992,11.4,3.860268142139919,0.0347191432948869,True,0.05,1500,1.7500554219206705,0.8249944578079329
905,19,rl_agent,2,12,"[2, 5, 10, 11, 12]",4,24.509882991901737,21.75,2.759882991901737,0.0,True,0.05,1500,3.1881285188046258,0.6811871481195374
906,19,rl_agent,9,6,"[9, 4, 5, 6]",3,22.263678989146527,20.75,1.513678989146527,0.0,True,0.05,1500,4.308877826707061,0.569112217329294
907,19,rl_agent,4,0,"[4, 3, 0]",2,9.845782417245767,8.5,1.3457824172457666,0.0,True,0.05,1500,4.101158683501564,0.5898841316498437
908,19,rl_agent,6,4,"[6, 5, 4]",2,10.62141926317284,9.75,0.8714192631728395,0.0,True,0.05,1500,4.398298472067386,0.5601701527932614
909,19,rl_agent,9,6,"[9, 4, 5, 6]",3,22.31394580609195,20.75,1.5639458060919509,0.0,True,0.05,1500,4.258877826707061,0.5741122173292939
910,19,rl_agent,7,4,"[7, 1, 2, 5, 4]",4,35.01848918574278,33.0,2.01848918574278,0.0,True,0.05,1500,3.6257313545301724,0.6374268645469827
911,19,rl_agent,0,3,"[0, 3]",1,6.139452000376947,5.5,0.6394520003769468,0.0,True,0.05,1500,4.38807426582772,0.561192573417228
912,19,rl_agent,3,9,"[3, 8, 9]",2,18.733856840157554,17.0,1.7338568401575536,0.0016507347190909405,True,0.05,1500,2.727450807451035,0.7272549192548965
913,19,rl_agent,9,2,"[9, 4, 5, 2]",3,26.741117463760098,25.25,1.491117463760098,0.0,True,0.05,1500,4.208877826707061,0.5791122173292939
914,19,rl_agent,8,9,"[8, 9]",1,5.408828510719728,5.0,0.4088285107197276,0.0,True,0.05,1500,5.501587968494028,0.4498412031505972
915,19,rl_agent,0,6,"[0, 3, 4, 5, 6]",4,20.55690690755177,18.25,2.3069069075517703,0.0,True,0.05,1500,4.051158683501564,0.5948841316498437
916,19,rl_agent,2,10,"[2, 5, 10]",2,19.03159223141706,18.0,1.0315922314170614,0.0,True,0.05,1500,4.7029344650081875,0.5297065534991813
917,19,rl_agent,6,4,"[6, 5, 4]",2,10.68956973578772,9.75,0.9395697357877193,0.0,True,0.05,1500,4.248298472067386,0.5751701527932613
918,19,rl_agent,12,2,"[12, 7, 1, 2]",3,26.12906946122953,24.5,1.6290694612295304,0.0,True,0.05,1500,3.5757313545301725,0.6424268645469827
919,19,rl_agent,0,3,"[0, 3]",1,6.166024581207867,5.5,0.6660245812078669,0.0,True,0.05,1500,4.288074265827721,0.571192573417228
920,19,rl_agent,7,11,"[7, 8, 12, 11]",3,14.46449617600484,8.15,6.314496176004839,0.0841257088477746,True,0.05,1500,1.5243394626716196,0.847566053732838
921,19,rl_agent,4,12,"[4, 9, 13, 10, 11, 12]",5,25.05906522676162,21.0,4.059065226761621,0.0,True,0.05,1500,3.054410509482527,0.6945589490517473
922,19,rl_agent,0,9,"[0, 3, 8, 9]",3,24.964393019255546,22.5,2.464393019255546,0.0023119551469775734,True,0.05,1500,2.6774508074510353,0.7322549192548965
923,19,rl_agent,3,7,"[3, 8, 7]",2,17.83318644862652,13.9,3.93318644862652,0.0434560580842257,True,0.05,1500,1.6500554219206691,0.8349944578079331
924,19,rl_agent,2,4,"[2, 5, 4]",2,15.093079334673746,14.25,0.843079334673746,0.0,True,0.05,1500,4.652934465008188,0.5347065534991813
925,19,rl_agent,13,6,"[13, 9, 4, 5, 6]",4,28.09649606281824,25.25,2.8464960628182396,0.0,True,0.05,1500,3.0044105094825273,0.6995589490517473
926,19,rl_agent,5,0,"[5, 2, 0]",2,20.96647436644932,20.0,0.9664743664493187,0.0,True,0.05,1500,4.602934465008188,0.5397065534991812
927,19,rl_agent,12,6,"[12, 7, 1, 2, 5, 6]",5,43.96751474869529,41.0,2.9675147486952866,0.0,True,0.05,1500,3.5257313545301727,0.6474268645469827
928,19,rl_agent,12,5,"[12, 7, 1, 2, 5]",4,37.31017111991505,35.0,2.310171119915047,0.0,True,0.05,1500,3.475731354530173,0.6524268645469827
929,19,rl_agent,10,7,"[10, 11, 10]",2,5.494195122656706,4.0,1.4941951226567056,0.0,False,0.05,1500,4.009309419765222,0.5990690580234779
930,19,rl_agent,3,11,"[3, 8, 12, 11]",3,23.727000459000223,18.25,5.477000459000223,0.05548783221055209,True,0.05,1500,1.4743394626716189,0.8525660537328381
931,19,rl_agent,9,11,"[9, 8, 12, 11]",3,15.859340979347312,11.25,4.609340979347312,0.0551742063458196,True,0.05,1500,1.4243394626716182,0.8575660537328382
932,19,rl_agent,1,10,"[1, 2, 5, 10]",3,23.233730338641635,21.75,1.4837303386416352,0.0,True,0.05,1500,4.452934465008188,0.5547065534991812
933,19,rl_agent,9,6,"[9, 4, 5, 6]",3,22.48237061676636,20.75,1.7323706167663602,0.0,True,0.05,1500,4.058877826707062,0.5941122173292939
934,19,rl_agent,10,1,"[10, 5, 2, 0, 1]",4,36.24396578441969,34.0,2.243965784419693,0.0,True,0.05,1500,4.055878643685686,0.5944121356314314
935,19,rl_agent,1,7,"[1, 7]",1,15.95954235243462,15.0,0.9595423524346192,0.0,True,0.05,1500,3.425731354530173,0.6574268645469827
936,19,rl_agent,9,4,"[9, 4]",1,11.747231823002961,11.0,0.7472318230029611,0.0,True,0.05,1500,4.008877826707062,0.5991122173292938
937,19,rl_agent,12,0,"[12, 7, 1, 0]",3,29.373233418444713,27.25,2.1232334184447126,0.0,True,0.05,1500,3.3757313545301733,0.6624268645469826
938,19,rl_agent,4,5,"[4, 5]",1,4.036624005755847,3.75,0.2866240057558471,0.0,True,0.05,1500,6.356276904104426,0.36437230958955735
939,19,rl_agent,5,12,"[5, 10, 11, 12]",3,13.712013623354048,11.25,2.462013623354048,8.506844856248641e-05,True,0.05,1500,2.9381285188046267,0.7061871481195373
940,19,rl_agent,7,10,"[7, 8, 12]",2,12.163003109339652,6.4,5.763003109339651,0.09972263793451175,False,0.05,1500,1.3743394626716174,0.8625660537328382
941,19,rl_agent,12,11,"[12, 11]",1,2.9812248978689704,1.75,1.2312248978689704,0.00027811618455220177,True,0.05,1500,2.888128518804627,0.7111871481195373
942,19,rl_agent,6,10,"[6, 11, 10]",2,15.331939075430839,13.5,1.8319390754308387,0.0,True,0.05,1500,3.2196977470448873,0.6780302252955113
943,19,rl_agent,3,9,"[3, 8, 9]",2,18.91257999296995,17.0,1.912579992969949,0.0049622830973039544,True,0.05,1500,2.527450807451036,0.7472549192548964
944,19,rl_agent,2,1,"[2, 0, 1]",2,17.159925601412382,16.0,1.1599256014123824,0.0,True,0.05,1500,3.9558786436856863,0.6044121356314314
945,19,rl_agent,6,11,"[6, 11]",1,12.57743747165215,11.5,1.07743747165215,0.0,True,0.05,1500,3.1696977470448875,0.6830302252955113
946,19,rl_agent,2,7,"[2, 5, 4, 9, 8, 7]",5,37.02330018989091,32.15,4.873300189890912,0.04671865065559233,True,0.05,1500,1.5500554219206677,0.8449944578079333
947,19,rl_agent,8,7,"[8, 7]",1,4.733210178059963,1.9,2.833210178059963,0.04999630527354637,True,0.05,1500,1.500055421920667,0.8499944578079333
948,19,rl_agent,8,11,"[8, 12, 11]",2,10.787191354445351,6.25,4.537191354445351,0.06294234841524615,True,0.05,1500,1.3243394626716167,0.8675660537328383
949,19,rl_agent,7,1,"[7, 1]",1,16.003428709955543,15.0,1.0034287099555428,0.0,True,0.05,1500,3.3257313545301734,0.6674268645469826
950,20,rl_agent,6,12,"[6, 11, 12]",2,15.008105960270651,13.25,1.758105960270651,0.00014200953227194724,True,0.05,1500,2.920059841429741,0.7079940158570259
951,20,rl_agent,9,1,"[9, 4, 3, 0, 1]",4,28.337975178838178,26.0,2.337975178838178,0.0,True,0.05,1500,3.3958169055437866,0.6604183094456213
952,20,rl_agent,4,1,"[4, 3, 0, 1]",3,16.393232152911885,15.0,1.3932321529118852,0.0,True,0.05,1500,5.083131733386031,0.4916868266613969
953,20,rl_agent,0,1,"[0, 1]",1,6.992537451379571,6.5,0.4925374513795706,0.0,True,0.05,1500,5.037593284817902,0.49624067151820983
954,20,rl_agent,10,8,"[10, 11, 10]",2,5.527082022630462,4.0,1.527082022630462,0.0,False,0.05,1500,3.9571331323828227,0.6042866867617177
955,20,rl_agent,1,7,"[1, 7]",1,43.499999999999986,15.0,28.499999999999986,0.19999999999999996,True,0.05,1500,0.0,1.0
956,20,rl_agent,8,13,"[8, 9, 13]",2,13.206909914796594,9.5,3.7069099147965936,0.06125702108642639,True,0.05,1500,1.339709077032225,0.8660290922967775
957,20,rl_agent,1,3,"[1, 0, 3]",2,12.93796114158991,12.0,0.9379611415899092,0.0,True,0.05,1500,4.987593284817902,0.5012406715182098
958,20,rl_agent,0,3,"[0, 3]",1,5.944307372595082,5.5,0.44430737259508213,0.0,True,0.05,1500,5.2948861198227615,0.47051138801772385
959,20,rl_agent,6,11,"[6, 11]",1,12.056865109420656,11.5,0.5568651094206558,0.0,True,0.05,1500,4.730972718685798,0.5269027281314201
960,20,rl_agent,12,6,"[12, 7, 1, 2, 5, 6]",5,72.09723657318861,41.0,31.09723657318861,0.19999999999999996,True,0.05,1500,0.0,1.0
961,20,rl_agent,6,10,"[6, 11, 10]",2,14.84786473755424,13.5,1.3478647375542394,0.0,True,0.05,1500,3.907133132382823,0.6092866867617177
962,20,rl_agent,10,13,"[10, 13]",1,2.3062679520429556,1.75,0.5562679520429556,0.0,True,0.05,1500,4.7336473574999305,0.526635264250007
963,20,rl_agent,5,7,"[5, 4, 9, 8, 7]",4,24.781933567930388,21.65,3.131933567930389,0.0029775567034001638,True,0.05,1500,2.6339534843042376,0.7366046515695762
964,20,rl_agent,8,7,"[8, 7]",1,3.3350193532397556,1.9,1.4350193532397557,0.00384654896050185,True,0.05,1500,2.5839534843042378,0.7416046515695762
965,20,rl_agent,2,6,"[2, 5, 6]",2,17.88536490569838,16.5,1.3853649056983812,0.0,True,0.05,1500,3.4608306087110963,0.6539169391288904
966,20,rl_agent,11,2,"[11, 6, 5, 2]",3,29.995162160084973,28.0,1.9951621600849734,0.0,True,0.05,1500,3.4108306087110964,0.6589169391288904
967,20,rl_agent,6,11,"[6, 11]",1,12.091471245747652,11.5,0.5914712457476519,0.0,True,0.05,1500,4.580972718685799,0.5419027281314202
968,20,rl_agent,6,7,"[6, 5, 4, 9, 8, 7]",5,31.35370640610208,27.65,3.703706406102082,0.004826652328714709,True,0.05,1500,2.533953484304238,0.7466046515695762
969,20,rl_agent,5,7,"[5, 4, 9, 8, 7]",4,24.973947550526077,21.65,3.3239475505260785,0.00591786680803863,True,0.05,1500,2.483953484304238,0.7516046515695762
970,20,rl_agent,0,12,"[0, 3, 8, 12]",3,25.078396242957055,22.0,3.078396242957055,0.019911852046528344,True,0.05,1500,2.053409622860145,0.7946590377139855
971,20,rl_agent,12,7,"[12, 7]",1,6.56168243273761,5.75,0.8116824327376104,0.0,True,0.05,1500,3.8118982729413453,0.6188101727058655
972,20,rl_agent,13,11,"[13, 10, 11]",2,5.113843642583879,3.75,1.3638436425838787,0.0,True,0.05,1500,3.857133132382823,0.6142866867617177
973,20,rl_agent,3,2,"[3, 0, 2]",2,16.067808122596343,15.0,1.0678081225963432,0.0,True,0.05,1500,4.52356412933624,0.5476435870663761
974,20,rl_agent,4,0,"[4, 3, 0]",2,9.465256081924856,8.5,0.9652560819248563,0.0,True,0.05,1500,5.033131733386031,0.4966868266613969
975,20,rl_agent,2,10,"[2, 5, 10]",2,19.445571235119434,18.0,1.4455712351194343,0.0,True,0.05,1500,3.3608306087110966,0.6639169391288904
976,20,rl_agent,4,5,"[4, 5]",1,4.022383683316741,3.75,0.27238368331674057,0.0,True,0.05,1500,6.473466630637758,0.3526533369362242
977,20,rl_agent,10,8,"[10, 11, 10]",2,5.661603847308404,4.0,1.6616038473084043,0.0,False,0.05,1500,3.7571331323828234,0.6242866867617176
978,20,rl_agent,8,13,"[8, 9, 13]",2,13.39114764423706,9.5,3.8911476442370603,0.06500211202635486,True,0.05,1500,1.2897090770322244,0.8710290922967776
979,20,rl_agent,13,12,"[13, 10, 11, 12]",3,8.169938641037398,5.5,2.6699386410373975,0.00037520988465034044,True,0.05,1500,2.8700598414297414,0.7129940158570258
980,20,rl_agent,9,3,"[9, 4, 3]",2,15.56793027349721,14.0,1.5679302734972094,0.0,True,0.05,1500,3.1958169055437873,0.6804183094456213
981,20,rl_agent,8,5,"[8, 3, 4, 5]",3,21.537696043434714,18.75,2.787696043434714,0.02207094177350577,True,0.05,1500,2.0034096228601452,0.7996590377139855
982,20,rl_agent,11,8,"[11, 10, 11]",2,5.772284701727695,4.0,1.7722847017276946,0.0,False,0.05,1500,3.607133132382824,0.6392866867617176
983,20,rl_agent,6,10,"[6, 11, 10]",2,15.009142136191508,13.5,1.5091421361915085,0.0,True,0.05,1500,3.557133132382824,0.6442866867617176
984,20,rl_agent,7,5,"[7, 1, 2, 5]",3,59.2157518797022,29.25,29.965751879702196,0.19999999999999996,True,0.05,1500,0.0,1.0
985,20,rl_agent,0,5,"[0, 3, 4, 5]",3,13.539811680969034,12.25,1.2898116809690343,0.0,True,0.05,1500,4.883131733386032,0.5116868266613969
986,20,rl_agent,4,2,"[4, 5, 2]",2,15.574057176451106,14.25,1.324057176451106,0.0,True,0.05,1500,3.260830608711097,0.6739169391288903
987,20,rl_agent,11,0,"[11, 6, 5, 2, 0]",4,40.25867472517683,37.5,2.7586747251768315,0.0,True,0.05,1500,3.210830608711097,0.6789169391288903
988,20,rl_agent,5,0,"[5, 2, 0]",2,21.712172964871694,20.0,1.7121729648716943,0.0,True,0.05,1500,3.1608306087110973,0.6839169391288903
989,20,rl_agent,10,11,"[10, 11]",1,2.9256658676093337,2.0,0.9256658676093337,0.0,True,0.05,1500,3.5071331323828243,0.6492866867617175
990,20,rl_agent,12,7,"[12, 7]",1,6.579116216662236,5.75,0.8291162166622357,0.0,True,0.05,1500,3.7618982729413455,0.6238101727058655
991,20,rl_agent,0,5,"[0, 3, 4, 5]",3,13.572636065659552,12.25,1.3226360656595517,0.0,True,0.05,1500,4.833131733386032,0.5166868266613969
992,20,rl_agent,7,6,"[7, 1, 2, 5, 6]",4,65.79946327194313,35.25,30.549463271943125,0.19999999999999996,True,0.05,1500,0.0,1.0
993,20,rl_agent,9,13,"[9, 13]",1,8.033204315942937,4.5,3.533204315942937,0.0688583140773944,True,0.05,1500,1.2397090770322237,0.8760290922967776
994,20,rl_agent,7,9,"[7, 8, 9]",2,8.978968871097301,6.9,2.0789688710973007,0.007120192398473613,True,0.05,1500,2.4339534843042383,0.7566046515695761
995,20,rl_agent,5,10,"[5, 10]",1,7.9671071462081775,7.5,0.4671071462081775,0.0,True,0.05,1500,5.1700579605930335,0.48299420394069664
996,20,rl_agent,4,11,"[4, 5, 10, 11]",3,14.976247256151538,13.25,1.726247256151538,0.0,True,0.05,1500,3.4571331323828245,0.6542866867617175
997,20,rl_agent,2,7,"[2, 5, 4, 9, 8, 7]",5,36.815536528055844,32.15,4.665536528055846,0.008433629100019768,True,0.05,1500,2.3839534843042385,0.7616046515695761
998,20,rl_agent,2,4,"[2, 5, 4]",2,15.727202252177978,14.25,1.4772022521779782,0.0,True,0.05,1500,3.010830608711098,0.6989169391288902
999,20,rl_agent,2,9,"[2, 5, 6, 5]",3,24.682488971057424,22.5,2.182488971057424,3.4094249198757254e-05,False,0.05,1500,2.960830608711098,0.7039169391288902
1000,21,rl_agent,8,10,"[8, 12, 11, 10]",3,10.384625572661793,8.25,2.1346255726617933,0.0,True,0.05,1500,3.4927600126482385,0.6507239987351762
1001,21,rl_agent,9,8,"[9, 8]",1,5.444511895934544,5.0,0.44451189593454377,0.0,True,0.05,1500,5.293739572282218,0.4706260427717782
1002,21,rl_agent,1,13,"[1, 7, 8, 9, 13]",4,33.414137474766235,26.4,7.014137474766237,0.10155871952988371,True,0.05,1500,1.2868276410593662,0.8713172358940634
1003,21,rl_agent,7,5,"[7, 1, 2, 5]",3,33.76363716949252,29.25,4.513637169492519,0.06908392816293962,True,0.05,1500,1.2368276410593655,0.8763172358940634
1004,21,rl_agent,0,5,"[0, 3, 4, 5]",3,13.482460731458621,12.25,1.2324607314586213,0.0,True,0.05,1500,4.8639493048751055,0.5136050695124894
1005,21,rl_agent,12,13,"[12, 11, 12]",2,4.97699607009527,3.5,1.4769960700952698,0.0,False,0.05,1500,4.037148108844347,0.5962851891155653
1006,21,rl_agent,2,12,"[2, 5, 10, 11, 12]",4,24.633846719852915,21.75,2.883846719852915,0.0,True,0.05,1500,3.4427600126482387,0.6557239987351762
1007,21,rl_agent,1,8,"[1, 7, 8]",2,21.321637645390748,16.9,4.421637645390749,0.07305764451614105,True,0.05,1500,1.1868276410593648,0.8813172358940635
1008,21,rl_agent,0,2,"[0, 2]",1,10.044185580103036,9.5,0.5441855801030364,0.0,True,0.05,1500,4.788420847093695,0.5211579152906305
1009,21,rl_agent,8,11,"[8, 12, 11]",2,7.524475958493941,6.25,1.274475958493941,0.0,True,0.05,1500,3.9371481088443474,0.6062851891155653
1010,21,rl_agent,5,3,"[5, 2, 0, 3]",3,27.336562535613854,25.5,1.8365625356138544,0.0,True,0.05,1500,3.787017351956637,0.6212982648043364
1011,21,rl_agent,2,3,"[2, 0, 3]",2,16.0368415319221,15.0,1.0368415319221,0.0,True,0.05,1500,4.688420847093695,0.5311579152906305
1012,21,rl_agent,9,5,"[9, 4, 5]",2,16.304724407246166,14.75,1.554724407246166,0.001043672745955293,True,0.05,1500,2.7832852714557985,0.7216714728544201
1013,21,rl_agent,2,1,"[2, 0, 1]",2,17.063788064256084,16.0,1.0637880642560837,0.0,True,0.05,1500,4.638420847093696,0.5361579152906304
1014,21,rl_agent,9,7,"[9, 8, 7]",2,8.086212415060409,6.9,1.1862124150604085,0.0,True,0.05,1500,4.086586814992215,0.5913413185007785
1015,21,rl_agent,3,0,"[3, 0]",1,5.979893097411266,5.5,0.4798930974112663,0.0,True,0.05,1500,5.102597429463749,0.48974025705362506
1016,21,rl_agent,5,3,"[5, 2, 0, 3]",3,27.417254965342217,25.5,1.9172549653422166,0.0,True,0.05,1500,3.737017351956637,0.6262982648043363
1017,21,rl_agent,10,6,"[10, 5, 6]",2,14.604682855578872,13.5,1.1046828555788721,0.0,True,0.05,1500,4.089742905758375,0.5910257094241624
1018,21,rl_agent,9,7,"[9, 8, 7]",2,8.110725683729477,6.9,1.2107256837294766,0.0,True,0.05,1500,4.036586814992215,0.5963413185007785
1019,21,rl_agent,9,6,"[9, 4, 5, 6]",3,23.081083099949716,20.75,2.3310830999497156,0.0015808165871645796,True,0.05,1500,2.7332852714557987,0.7266714728544201
1020,21,rl_agent,3,6,"[3, 4, 5, 6]",3,14.311825079439975,12.75,1.5618250794399753,0.0,True,0.05,1500,3.9897429057583755,0.6010257094241624
1021,21,rl_agent,2,6,"[2, 5, 6]",2,18.12522804728456,16.5,1.6252280472845584,0.0,True,0.05,1500,3.687017351956637,0.6312982648043363
1022,21,rl_agent,5,12,"[5, 10, 11, 12]",3,13.399979052809691,11.25,2.149979052809691,0.0,True,0.05,1500,3.392760012648239,0.6607239987351761
1023,21,rl_agent,12,11,"[12, 11]",1,2.553051083296827,1.75,0.8030510832968272,0.0,True,0.05,1500,3.8371481088443478,0.6162851891155652
1024,21,rl_agent,13,6,"[13, 9, 4, 5, 6]",4,30.247143903837134,25.25,4.997143903837134,0.04400314174993103,True,0.05,1500,1.627399255656794,0.8372600744343206
1025,21,rl_agent,10,13,"[10, 13]",1,2.0183536650944163,1.75,0.26835366509441627,0.0,True,0.05,1500,6.507419990487835,0.34925800095121645
1026,21,rl_agent,2,6,"[2, 5, 6]",2,18.176923373986458,16.5,1.6769233739864582,0.0,True,0.05,1500,3.6370173519566373,0.6362982648043363
1027,21,rl_agent,2,5,"[2, 5]",1,11.39391575490222,10.5,0.8939157549022205,0.0,True,0.05,1500,3.5870173519566375,0.6412982648043363
1028,21,rl_agent,12,8,"[12, 8]",1,5.014714213161736,4.5,0.5147142131617359,0.0,True,0.05,1500,4.927495776786806,0.5072504223213194
1029,21,rl_agent,7,0,"[7, 1, 0]",2,25.893854570342295,21.5,4.393854570342295,0.07714247198045365,True,0.05,1500,1.136827641059364,0.8863172358940636
1030,21,rl_agent,13,10,"[13, 10]",1,2.024303050965447,1.75,0.27430305096544716,0.0,True,0.05,1500,6.4574199904878355,0.35425800095121646
1031,21,rl_agent,12,7,"[12, 7]",1,6.630380219696964,5.75,0.8803802196969643,0.0,True,0.05,1500,3.622190414390067,0.6377809585609933
1032,21,rl_agent,7,2,"[7, 1, 2]",2,23.03996936148269,18.75,4.28996936148269,0.08133841055587732,True,0.05,1500,1.0868276410593634,0.8913172358940636
1033,21,rl_agent,13,9,"[13, 9]",1,7.16977454000263,4.5,2.6697745400026296,0.04497317506235221,True,0.05,1500,1.5773992556567933,0.8422600744343207
1034,21,rl_agent,10,1,"[10, 5, 2, 0, 1]",4,36.41894262194335,34.0,2.4189426219433514,0.0,True,0.05,1500,3.5370173519566377,0.6462982648043363
1035,21,rl_agent,13,0,"[13, 9, 4, 3, 0]",4,29.22133731225434,24.0,5.221337312254342,0.05103449020411166,True,0.05,1500,1.5273992556567926,0.8472600744343207
1036,21,rl_agent,7,5,"[7, 1, 2, 5]",3,34.70050241944222,29.25,5.450502419442223,0.08564546024241215,True,0.05,1500,1.0368276410593626,0.8963172358940638
1037,21,rl_agent,4,13,"[4, 9, 13]",2,19.819845397728734,15.5,4.319845397728734,0.055178178205838924,True,0.05,1500,1.4773992556567919,0.8522600744343208
1038,21,rl_agent,6,0,"[6, 5, 2, 0]",3,28.38807795983152,26.0,2.38807795983152,0.0,True,0.05,1500,3.437017351956638,0.6562982648043362
1039,21,rl_agent,10,12,"[10, 11, 12]",2,5.566024633043034,3.75,1.8160246330430336,0.0,True,0.05,1500,3.342760012648239,0.6657239987351761
1040,21,rl_agent,2,9,"[2, 5, 6, 5]",3,25.186441021195826,22.5,2.686441021195826,0.0,False,0.05,1500,3.3870173519566382,0.6612982648043362
1041,21,rl_agent,6,10,"[6, 11, 10]",2,14.848832634181836,13.5,1.3488326341818357,0.0,True,0.05,1500,3.2927600126482393,0.6707239987351761
1042,21,rl_agent,10,6,"[10, 5, 6]",2,14.77981371572682,13.5,1.2798137157268208,0.0,True,0.05,1500,3.639742905758377,0.6360257094241624
1043,21,rl_agent,0,12,"[0, 3, 8, 12]",3,24.547632781301026,22.0,2.5476327813010258,0.0059185792441007745,True,0.05,1500,2.4839224225133085,0.7516077577486692
1044,21,rl_agent,5,13,"[5, 6, 5]",2,13.825063928719857,12.0,1.8250639287198567,0.0,False,0.05,1500,3.539742905758377,0.6460257094241623
1045,21,rl_agent,2,1,"[2, 0, 1]",2,17.14240647714794,16.0,1.14240647714794,0.0,True,0.05,1500,4.438420847093696,0.5561579152906304
1046,21,rl_agent,8,13,"[8, 9, 13]",2,12.984471283477832,9.5,3.4844712834778324,0.05495718002464034,True,0.05,1500,1.4273992556567912,0.8572600744343208
1047,21,rl_agent,2,8,"[2, 5, 4, 9, 8]",4,33.49539918756952,30.25,3.245399187569518,0.004840503063113011,True,0.05,1500,2.5332852714557994,0.74667147285442
1048,21,rl_agent,1,6,"[1, 2, 5, 6]",3,22.402969059687795,20.25,2.152969059687795,0.0,True,0.05,1500,3.2870173519566386,0.6712982648043362
1049,21,rl_agent,11,0,"[11, 6, 5, 2, 0]",4,40.47489303992204,37.5,2.974893039922037,0.0,True,0.05,1500,3.2370173519566388,0.6762982648043361
1050,22,rl_agent,2,11,"[2, 5, 10, 11]",3,21.30273517508145,20.0,1.3027351750814518,0.0,True,0.05,1500,4.487492433826565,0.5512507566173435
1051,22,rl_agent,1,9,"[1, 7, 8, 9]",3,24.09421804749107,21.9,2.19421804749107,0.0,True,0.05,1500,3.23697646539138,0.676302353460862
1052,22,rl_agent,4,12,"[4, 9, 13, 10, 11, 12]",5,24.923055984566837,21.0,3.9230559845668367,0.000979679071651307,True,0.05,1500,2.7927951679814287,0.7207204832018571
1053,22,rl_agent,5,6,"[5, 6]",1,6.699602842754249,6.0,0.6996028427542491,0.0,True,0.05,1500,4.168046141438079,0.583195385856192
1054,22,rl_agent,12,9,"[12, 7, 8, 9]",3,14.503497883654099,12.65,1.8534978836540983,0.0,True,0.05,1500,4.235218163113422,0.5764781836886578
1055,22,rl_agent,2,6,"[2, 5, 6]",2,17.611712190645385,16.5,1.1117121906453846,0.0,True,0.05,1500,4.11804614143808,0.588195385856192
1056,22,rl_agent,9,12,"[9, 13, 10, 11, 12]",4,12.799894436625383,10.0,2.799894436625383,0.0014700961247489097,True,0.05,1500,2.742795167981429,0.7257204832018571
1057,22,rl_agent,0,12,"[0, 3, 8, 12]",3,23.760434280795852,22.0,1.7604342807958524,0.0,True,0.05,1500,3.93410020374968,0.606589979625032
1058,22,rl_agent,7,10,"[7, 8, 12, 11, 10]",4,12.498861647476978,10.15,2.348861647476978,0.0,True,0.05,1500,4.337492433826566,0.5662507566173434
1059,22,rl_agent,9,2,"[9, 4, 5, 2]",3,27.068126915996523,25.25,1.8181269159965225,0.00015662510376468486,True,0.05,1500,2.9160468602766283,0.7083953139723371
1060,22,rl_agent,8,9,"[8, 9]",1,5.6019937904857455,5.0,0.6019937904857455,0.0,True,0.05,1500,4.53723064791142,0.546276935208858
1061,22,rl_agent,11,0,"[11, 6, 5, 2, 0]",4,39.48271366653169,37.5,1.9827136665316871,0.0,True,0.05,1500,4.06804614143808,0.593195385856192
1062,22,rl_agent,5,8,"[5, 4, 9, 8]",3,21.811543631833917,19.75,2.061543631833917,0.0003987431920389195,True,0.05,1500,2.8660468602766285,0.7133953139723371
1063,22,rl_agent,5,0,"[5, 2, 0]",2,20.809077600635163,20.0,0.8090776006351632,0.0,True,0.05,1500,5.420756580530072,0.45792434194699283
1064,22,rl_agent,8,2,"[8, 3, 0, 2]",3,28.660052357443533,27.0,1.6600523574435329,0.0,True,0.05,1500,3.8841002037496803,0.6115899796250319
1065,22,rl_agent,6,2,"[6, 5, 2]",2,17.675353441203747,16.5,1.1753534412037467,0.0,True,0.05,1500,4.01804614143808,0.598195385856192
1066,22,rl_agent,7,0,"[7, 1, 0]",2,22.910418721418214,21.5,1.410418721418214,0.0,True,0.05,1500,3.18697646539138,0.681302353460862
1067,22,rl_agent,10,13,"[10, 13]",1,2.034820528466793,1.75,0.28482052846679284,0.0,True,0.05,1500,6.37088330215812,0.36291166978418804
1068,22,rl_agent,0,3,"[0, 3]",1,5.987784886601315,5.5,0.4877848866013146,0.0,True,0.05,1500,5.061830837687313,0.4938169162312687
1069,22,rl_agent,1,13,"[1, 7, 8, 9, 13]",4,30.084440372177436,26.4,3.6844403721774377,0.002097217973679122,True,0.05,1500,2.692795167981429,0.7307204832018571
1070,22,rl_agent,2,10,"[2, 5, 10]",2,18.74511808980069,18.0,0.745118089800691,0.0,True,0.05,1500,5.320756580530072,0.4679243419469928
1071,22,rl_agent,8,12,"[8, 12]",1,5.042124058708676,4.5,0.5421240587086764,0.0,True,0.05,1500,4.797893262531172,0.5202106737468828
1072,22,rl_agent,4,1,"[4, 3, 0, 1]",3,16.231746643478647,15.0,1.2317466434786475,0.0,True,0.05,1500,5.011830837687313,0.49881691623126867
1073,22,rl_agent,1,10,"[1, 2, 5, 10]",3,22.75958962412905,21.75,1.009589624129049,0.0,True,0.05,1500,5.2707565805300725,0.47292434194699273
1074,22,rl_agent,9,12,"[9, 13, 10, 11, 12]",4,12.93067070509784,10.0,2.9306707050978407,0.002835450933720396,True,0.05,1500,2.642795167981429,0.7357204832018571
1075,22,rl_agent,1,12,"[1, 7, 8, 12]",3,23.692109503958655,21.4,2.292109503958656,0.0,True,0.05,1500,3.0869764653913805,0.691302353460862
1076,22,rl_agent,12,10,"[12, 11, 10]",2,5.023290864067659,3.75,1.2732908640676586,0.0,True,0.05,1500,4.237492433826566,0.5762507566173434
1077,22,rl_agent,6,8,"[6, 5, 4, 9, 8]",4,28.632956035594468,25.75,2.882956035594468,0.000751972391424105,True,0.05,1500,2.8160468602766286,0.7183953139723371
1078,22,rl_agent,11,7,"[11, 10, 11]",2,5.4169228487873,4.0,1.4169228487872996,0.0,False,0.05,1500,4.137492433826567,0.5862507566173434
1079,22,rl_agent,11,12,"[11, 12]",1,2.355433992023778,1.75,0.6054339920237779,0.0,True,0.05,1500,4.523110412812825,0.5476889587187175
1080,22,rl_agent,10,0,"[10, 5, 2, 0]",3,28.679009213647504,27.5,1.1790092136475039,0.0,True,0.05,1500,5.220756580530073,0.47792434194699274
1081,22,rl_agent,8,6,"[8, 9, 4, 5, 6]",4,28.699313601752895,25.75,2.9493136017528947,0.0012163127019205744,True,0.05,1500,2.766046860276629,0.7233953139723371
1082,22,rl_agent,13,10,"[13, 10]",1,2.047335839159892,1.75,0.29733583915989215,0.0,True,0.05,1500,6.27088330215812,0.372911669784188
1083,22,rl_agent,9,0,"[9, 4, 3, 0]",3,21.741945036818116,19.5,2.241945036818116,0.0017917641235279946,True,0.05,1500,2.716046860276629,0.7283953139723371
1084,22,rl_agent,0,11,"[0, 3, 4, 5, 10, 11]",5,23.935772886479583,21.75,2.185772886479583,0.0,True,0.05,1500,4.087492433826567,0.5912507566173433
1085,22,rl_agent,3,11,"[3, 8, 12, 11]",3,20.236184221034225,18.25,1.9861842210342253,0.0,True,0.05,1500,3.8341002037496805,0.6165899796250319
1086,22,rl_agent,0,5,"[0, 3, 4, 5]",3,13.411042930379141,12.25,1.161042930379141,0.0,True,0.05,1500,4.861830837687314,0.5138169162312687
1087,22,rl_agent,6,8,"[6, 5, 4, 9, 8]",4,28.812628553647937,25.75,3.0626285536479365,0.0024783266562465878,True,0.05,1500,2.666046860276629,0.733395313972337
1088,22,rl_agent,10,2,"[10, 5, 2]",2,18.79918922327152,18.0,0.7991892232715188,0.0,True,0.05,1500,5.170756580530073,0.48292434194699274
1089,22,rl_agent,3,10,"[3, 4, 5, 10]",3,15.24077883095627,14.25,0.9907788309562697,0.0,True,0.05,1500,5.446962630877107,0.4553037369122893
1090,22,rl_agent,9,10,"[9, 8, 12, 11, 10]",4,15.874590847732406,13.25,2.6245908477324065,0.0,True,0.05,1500,4.037492433826567,0.5962507566173433
1091,22,rl_agent,6,12,"[6, 11, 12]",2,14.363439373709747,13.25,1.1134393737097472,0.0,True,0.05,1500,4.373110412812825,0.5626889587187175
1092,22,rl_agent,2,7,"[2, 5, 4, 9, 8, 7]",5,35.60284029430149,32.15,3.452840294301488,0.003276000300076354,True,0.05,1500,2.6160468602766294,0.738395313972337
1093,22,rl_agent,13,8,"[13, 9, 8]",2,11.636958639623941,9.5,2.1369586396239413,0.003684795004872732,True,0.05,1500,2.5927951679814294,0.740720483201857
1094,22,rl_agent,1,12,"[1, 7, 8, 12]",3,23.778762417078177,21.4,2.3787624170781783,0.0,True,0.05,1500,3.0369764653913807,0.6963023534608619
1095,22,rl_agent,12,10,"[12, 11, 10]",2,5.160495544793292,3.75,1.4104955447932923,0.0,True,0.05,1500,3.987492433826567,0.6012507566173433
1096,22,rl_agent,9,12,"[9, 13, 10, 11, 12]",4,13.210035990968255,10.0,3.2100359909682545,0.004645250187136241,True,0.05,1500,2.5427951679814296,0.745720483201857
1097,22,rl_agent,7,9,"[7, 8, 9]",2,8.281516312620994,6.9,1.3815163126209935,0.0,True,0.05,1500,4.087230647911421,0.5912769352088578
1098,22,rl_agent,2,7,"[2, 5, 4, 9, 8, 7]",5,35.73937101879518,32.15,3.589371018795184,0.004184785055017182,True,0.05,1500,2.5660468602766295,0.743395313972337
1099,22,rl_agent,6,12,"[6, 11, 12]",2,14.413552780004444,13.25,1.1635527800044443,0.0,True,0.05,1500,4.223110412812826,0.5776889587187174
1100,23,rl_agent,5,2,"[5, 2]",1,11.3062134489405,10.5,0.8062134489405004,0.0,True,0.05,1500,3.8278583060491487,0.6172141693950851
1101,23,rl_agent,13,3,"[13, 9, 4, 3]",3,21.42600659266126,18.5,2.9260065926612597,0.0020357149631368143,True,0.05,1500,2.6973332305304103,0.730266676946959
1102,23,rl_agent,6,11,"[6, 11]",1,11.92908896493715,11.5,0.42908896493715076,0.0,True,0.05,1500,5.381615957884324,0.46183840421156763
1103,23,rl_agent,6,8,"[6, 5, 4, 9, 8]",4,27.853282504011254,25.75,2.103282504011254,0.0,True,0.05,1500,4.036562974725008,0.5963437025274991
1104,23,rl_agent,3,0,"[3, 0]",1,5.81006411675257,5.5,0.31006411675256995,0.0,True,0.05,1500,6.172350924571598,0.3827649075428402
1105,23,rl_agent,9,1,"[9, 4, 3, 0, 1]",4,28.797846388445905,26.0,2.7978463884459046,0.0027638633397358836,True,0.05,1500,2.6473332305304105,0.7352666769469589
1106,23,rl_agent,5,12,"[5, 10, 11, 12]",3,12.482146158286852,11.25,1.2321461582868523,0.0,True,0.05,1500,4.365958389725863,0.5634041610274136
1107,23,rl_agent,2,3,"[2, 0, 3]",2,21.403258656580903,15.0,6.403258656580903,0.1115126517281615,True,0.05,1500,0.7598952417872802,0.9240104758212719
1108,23,rl_agent,13,0,"[13, 9, 4, 3, 0]",4,27.390655676719405,24.0,3.3906556767194047,0.0036031228274461258,True,0.05,1500,2.5973332305304107,0.7402666769469589
1109,23,rl_agent,11,5,"[11, 6, 5]",2,18.4287822112941,17.5,0.9287822112940987,0.0,True,0.05,1500,5.045509325316449,0.49544906746835504
1110,23,rl_agent,13,10,"[13, 10]",1,2.2231455638247244,1.75,0.4731455638247244,0.0,True,0.05,1500,5.13797748853589,0.48620225114641097
1111,23,rl_agent,0,9,"[0, 3, 8, 9]",3,24.18748846573901,22.5,1.6874884657390083,0.0,True,0.05,1500,3.9865629747250084,0.6013437025274991
1112,23,rl_agent,13,2,"[13, 9, 4, 5, 2]",4,32.43658578723596,29.75,2.6865857872359626,0.0,True,0.05,1500,3.4953198619852026,0.6504680138014798
1113,23,rl_agent,12,0,"[12, 7, 1, 0]",3,28.78771133901948,27.25,1.5377113390194808,0.0,True,0.05,1500,3.76448767151307,0.623551232848693
1114,23,rl_agent,10,0,"[10, 5, 2, 0]",3,35.15324858426949,27.5,7.653248584269491,0.11654621785752317,True,0.05,1500,0.7098952417872795,0.929010475821272
1115,23,rl_agent,10,2,"[10, 5, 2]",2,19.134144822256665,18.0,1.1341448222566655,0.0,True,0.05,1500,3.677858306049149,0.6322141693950851
1116,23,rl_agent,2,0,"[2, 0]",1,16.57696022547134,9.5,7.076960225471339,0.12169089509799602,True,0.05,1500,0.6598952417872788,0.9340104758212722
1117,23,rl_agent,2,3,"[2, 0, 3]",2,23.042388541365725,15.0,8.042388541365725,0.12694668344957982,True,0.05,1500,0.609895241787278,0.9390104758212722
1118,23,rl_agent,0,10,"[0, 3, 4, 5, 10]",4,22.04217042558914,19.75,2.2921704255891413,0.00455349342626743,True,0.05,1500,2.547333230530411,0.7452666769469589
1119,23,rl_agent,5,1,"[5, 2, 0, 1]",3,36.20655814066361,26.5,9.70655814066361,0.1323135829122749,True,0.05,1500,0.5598952417872773,0.9440104758212723
1120,23,rl_agent,10,9,"[10, 11, 10]",2,5.3441391327407235,4.0,1.3441391327407235,0.0,False,0.05,1500,4.2659583897258635,0.5734041610274137
1121,23,rl_agent,0,3,"[0, 3]",1,5.858759642758547,5.5,0.3587596427585469,0.0,True,0.05,1500,5.822350924571599,0.4177649075428401
1122,23,rl_agent,13,2,"[13, 9, 4, 5, 2]",4,32.55662545571185,29.75,2.8066254557118526,0.0,True,0.05,1500,3.445319861985203,0.6554680138014797
1123,23,rl_agent,10,11,"[10, 11]",1,2.685969959329963,2.0,0.6859699593299631,0.0,True,0.05,1500,4.215958389725864,0.5784041610274137
1124,23,rl_agent,7,4,"[7, 1, 2, 5, 4]",4,35.22792479472302,33.0,2.227924794723023,0.0,True,0.05,1500,3.5278583060491497,0.647214169395085
1125,23,rl_agent,11,12,"[11, 12]",1,2.080930608368219,1.75,0.33093060836821886,0.0,True,0.05,1500,6.017349643454582,0.39826503565454174
1126,23,rl_agent,0,1,"[0, 1]",1,6.906231325342016,6.5,0.40623132534201556,0.0,True,0.05,1500,5.5173550727933405,0.44826449272066593
1127,23,rl_agent,10,7,"[10, 11, 10]",2,5.429567807332967,4.0,1.4295678073329672,0.0,False,0.05,1500,4.115958389725864,0.5884041610274136
1128,23,rl_agent,9,0,"[9, 4, 3, 0]",3,22.14012810585796,19.5,2.6401281058579613,0.005614975136199907,True,0.05,1500,2.497333230530411,0.7502666769469589
1129,23,rl_agent,10,0,"[10, 5, 2, 0]",3,38.03045092628392,27.5,10.530450926283919,0.13779159348608094,True,0.05,1500,0.5098952417872766,0.9490104758212723
1130,23,rl_agent,8,7,"[8, 7]",1,2.3217174438481387,1.9,0.4217174438481388,0.0,True,0.05,1500,5.424655932652387,0.4575344067347613
1131,23,rl_agent,1,7,"[1, 7]",1,15.864447215600945,15.0,0.8644472156009453,0.0,True,0.05,1500,3.6644876715130703,0.633551232848693
1132,23,rl_agent,8,0,"[8, 3, 0]",2,18.481997880453026,17.5,0.9819978804530258,0.0,True,0.05,1500,4.511694254453904,0.5488305745546096
1133,23,rl_agent,5,9,"[5, 6, 5]",2,13.02203642581548,12.0,1.0220364258154806,0.0,False,0.05,1500,4.94550932531645,0.505449067468355
1134,23,rl_agent,2,11,"[2, 5, 10, 11]",3,21.981448252569194,20.0,1.9814482525691943,0.0,True,0.05,1500,3.42785830604915,0.657214169395085
1135,23,rl_agent,6,0,"[6, 5, 2, 0]",3,37.87361322138614,26.0,11.873613221386137,0.14338071517099826,True,0.05,1500,0.4598952417872759,0.9540104758212724
1136,23,rl_agent,0,10,"[0, 3, 4, 5, 10]",4,22.186011370354407,19.75,2.4360113703544073,0.0067875679572433345,True,0.05,1500,2.447333230530411,0.7552666769469589
1137,23,rl_agent,6,8,"[6, 5, 4, 9, 8]",4,28.05738397713252,25.75,2.3073839771325204,0.0,True,0.05,1500,3.881453662500835,0.6118546337499164
1138,23,rl_agent,1,2,"[1, 2]",1,4.013297221297722,3.75,0.26329722129772204,0.0,True,0.05,1500,6.550528235251837,0.3449471764748163
1139,23,rl_agent,3,7,"[3, 8, 7]",2,14.950942631553628,13.9,1.050942631553628,0.0,True,0.05,1500,4.461694254453904,0.5538305745546096
1140,23,rl_agent,12,9,"[12, 7, 8, 9]",3,14.201692076921665,12.65,1.5516920769216647,0.0,True,0.05,1500,3.886562974725009,0.6113437025274991
1141,23,rl_agent,0,7,"[0, 3, 8, 7]",3,20.870588265506697,19.4,1.4705882655066986,0.0,True,0.05,1500,4.411694254453904,0.5588305745546096
1142,23,rl_agent,4,1,"[4, 3]",1,4.585650812462874,3.0,1.585650812462874,0.008071271889398046,False,0.05,1500,2.3973332305304114,0.7602666769469588
1143,23,rl_agent,9,0,"[9, 4, 3, 0]",3,22.33235185245672,19.5,2.8323518524567213,0.009466086932663709,True,0.05,1500,2.3473332305304115,0.7652666769469588
1144,23,rl_agent,2,0,"[2, 0]",1,21.198238696790906,9.5,11.698238696790906,0.14908094796702664,True,0.05,1500,0.4098952417872752,0.9590104758212725
1145,23,rl_agent,13,2,"[13, 9, 4, 5, 2]",4,32.769686585888046,29.75,3.0196865858880457,0.0,True,0.05,1500,3.3278583060491504,0.6672141693950849
1146,23,rl_agent,1,4,"[1, 2, 5, 4]",3,19.522171162093898,18.0,1.5221711620938976,0.0,True,0.05,1500,3.2778583060491506,0.6722141693950849
1147,23,rl_agent,12,1,"[12, 7, 1]",2,21.966385063812375,20.75,1.2163850638123748,0.0,True,0.05,1500,3.6144876715130705,0.638551232848693
1148,23,rl_agent,0,12,"[0, 3, 8, 12]",3,26.309552276827137,22.0,4.309552276827137,0.06193349872132603,True,0.05,1500,1.330566730156706,0.8669433269843294
1149,23,rl_agent,9,1,"[9, 4, 3, 0, 1]",4,29.344599984811914,26.0,3.3445999848119143,0.010972013087040655,True,0.05,1500,2.2973332305304117,0.7702666769469588
1150,24,rl_agent,1,4,"[1, 2, 5, 4]",3,19.59890042754411,18.0,1.598900427544109,0.0,True,0.05,1500,4.13792262149596,0.586207737850404
1151,24,rl_agent,1,12,"[1, 7, 8, 12]",3,28.470396285505156,21.4,7.070396285505158,0.09701314351179069,True,0.05,1500,1.2172825068120812,0.8782717493187919
1152,24,rl_agent,13,3,"[13, 9, 4, 3]",3,20.279953803602158,18.5,1.779953803602158,0.0,True,0.05,1500,4.205215208302837,0.5794784791697163
1153,24,rl_agent,4,13,"[4, 9, 13]",2,16.61321130732029,15.5,1.1132113073202916,0.0,True,0.05,1500,4.354795132893058,0.5645204867106942
1154,24,rl_agent,13,6,"[13, 9, 4, 5, 6]",4,27.34524860851951,25.25,2.0952486085195083,0.0,True,0.05,1500,4.304795132893058,0.5695204867106942
1155,24,rl_agent,1,12,"[1, 7, 8, 12]",3,28.751560810590654,21.4,7.351560810590655,0.10381969388353607,True,0.05,1500,1.1672825068120805,0.8832717493187919
1156,24,rl_agent,0,1,"[0, 1]",1,6.658119136188837,6.5,0.15811913618883722,0.0,True,0.05,1500,7.597408622631703,0.24025913773682966
1157,24,rl_agent,8,6,"[8, 9, 4, 5, 6]",4,27.869773498004918,25.75,2.1197734980049177,0.0,True,0.05,1500,4.254795132893058,0.5745204867106942
1158,24,rl_agent,0,12,"[0, 3, 8, 12]",3,24.622527850922907,22.0,2.622527850922907,0.00313137422420251,True,0.05,1500,2.6246177413767207,0.737538225862328
1159,24,rl_agent,10,6,"[10, 5, 6]",2,14.166741898766217,13.5,0.666741898766217,0.0,True,0.05,1500,5.382590862305237,0.46174091376947624
1160,24,rl_agent,9,10,"[9, 8, 12, 11, 10]",4,16.109141017134743,13.25,2.8591410171347427,0.004021112576698682,True,0.05,1500,2.574617741376721,0.7425382258623279
1161,24,rl_agent,7,1,"[7, 1]",1,18.975143904531723,15.0,3.9751439045317234,0.07876944798124019,True,0.05,1500,1.1172825068120797,0.888271749318792
1162,24,rl_agent,3,7,"[3, 8, 7]",2,16.90447463525909,13.9,3.004474635259088,0.031853152374914706,True,0.05,1500,1.8027565590611232,0.8197243440938877
1163,24,rl_agent,2,0,"[2, 0]",1,11.440709630347005,9.5,1.9407096303470048,0.020115364211120812,True,0.05,1500,2.0485845337075723,0.7951415466292427
1164,24,rl_agent,1,4,"[1, 2, 5, 4]",3,19.65429949827363,18.0,1.6542994982736303,0.0,True,0.05,1500,4.08792262149596,0.5912077378504039
1165,24,rl_agent,1,3,"[1, 0, 3]",2,12.674122994331416,12.0,0.674122994331416,0.0,True,0.05,1500,4.942450321850089,0.5057549678149911
1166,24,rl_agent,4,1,"[4, 3, 0, 1]",3,16.392186983935797,15.0,1.3921869839357974,0.0,True,0.05,1500,4.155215208302837,0.5844784791697163
1167,24,rl_agent,12,7,"[12, 7]",1,5.985747846346226,5.75,0.23574784634622592,0.0,True,0.05,1500,6.7958065046745855,0.3204193495325414
1168,24,rl_agent,0,6,"[0, 3, 4, 5, 6]",4,20.519422290111194,18.25,2.2694222901111942,0.0,True,0.05,1500,4.1052152083028375,0.5894784791697163
1169,24,rl_agent,13,5,"[13, 9, 4, 5]",3,21.016276794222065,19.25,1.7662767942220654,0.0,True,0.05,1500,4.204795132893058,0.5795204867106942
1170,24,rl_agent,6,11,"[6, 11]",1,11.917750283244553,11.5,0.417750283244553,0.0,True,0.05,1500,5.448105101448008,0.4551894898551992
1171,24,rl_agent,3,7,"[3, 8, 7]",2,16.998934811397937,13.9,3.098934811397937,0.03456924891033453,True,0.05,1500,1.7527565590611225,0.8247243440938877
1172,24,rl_agent,9,4,"[9, 4]",1,11.703428770871408,11.0,0.7034287708714082,0.0,True,0.05,1500,4.154795132893058,0.5845204867106941
1173,24,rl_agent,4,13,"[4, 9, 13]",2,16.71191201515561,15.5,1.2119120151556118,0.0,True,0.05,1500,4.1047951328930585,0.5895204867106941
1174,24,rl_agent,3,1,"[3, 0, 1]",2,12.714682100406314,12.0,0.7146821004063142,0.0,True,0.05,1500,4.792450321850089,0.5207549678149911
1175,24,rl_agent,0,5,"[0, 3, 4, 5]",3,14.142481984394394,12.25,1.8924819843943936,0.0,True,0.05,1500,4.055215208302838,0.5944784791697162
1176,24,rl_agent,11,0,"[11, 6, 5, 2, 0]",4,41.11278727198275,37.5,3.6127872719827465,0.02228517635843741,True,0.05,1500,1.9985845337075716,0.8001415466292429
1177,24,rl_agent,0,6,"[0, 3, 4, 5, 6]",4,20.637008880709736,18.25,2.387008880709736,0.0,True,0.05,1500,4.005215208302838,0.5994784791697162
1178,24,rl_agent,0,4,"[0, 3, 4]",2,9.841171163610156,8.5,1.3411711636101558,0.0,True,0.05,1500,3.955215208302838,0.6044784791697162
1179,24,rl_agent,12,11,"[12, 11]",1,2.104886883488222,1.75,0.35488688348822217,0.0,True,0.05,1500,5.8487270030373395,0.41512729969626605
1180,24,rl_agent,0,1,"[0, 1]",1,6.675912370813605,6.5,0.175912370813605,0.0,True,0.05,1500,7.397408622631704,0.2602591377368296
1181,24,rl_agent,11,2,"[11, 6, 5, 2]",3,29.653464603375227,28.0,1.6534646033752267,0.0,True,0.05,1500,3.9879226214959607,0.6012077378504039
1182,24,rl_agent,7,10,"[7, 8, 12, 11, 10]",4,15.035468226048263,10.15,4.885468226048262,0.04223061501190095,True,0.05,1500,1.7027565590611218,0.8297243440938878
1183,24,rl_agent,12,5,"[12, 7, 1, 2, 5]",4,40.56464457515638,35.0,5.564644575156379,0.08300882018832445,True,0.05,1500,1.067282506812079,0.893271749318792
1184,24,rl_agent,13,8,"[13, 9, 8]",2,10.488678227380447,9.5,0.9886782273804471,0.0,True,0.05,1500,4.981069734369733,0.5018930265630267
1185,24,rl_agent,4,12,"[4, 9, 13, 10, 11, 12]",5,23.756712500610625,21.0,2.7567125006106252,0.0,True,0.05,1500,4.054795132893059,0.5945204867106941
1186,24,rl_agent,10,5,"[10, 5]",1,7.743305477557145,7.5,0.24330547755714527,0.0,True,0.05,1500,6.726709476744844,0.32732905232551557
1187,24,rl_agent,11,12,"[11, 12]",1,2.127388932183463,1.75,0.37738893218346314,0.0,True,0.05,1500,5.69872700303734,0.430127299696266
1188,24,rl_agent,5,12,"[5, 10, 11, 12]",3,12.515355890889124,11.25,1.2653558908891238,0.0,True,0.05,1500,4.419581560824614,0.5580418439175385
1189,24,rl_agent,4,11,"[4, 5, 10, 11]",3,14.778972394264303,13.25,1.5289723942643025,0.0,True,0.05,1500,4.3695815608246145,0.5630418439175385
1190,24,rl_agent,9,2,"[9, 4, 5, 2]",3,27.427631898861094,25.25,2.177631898861094,0.0,True,0.05,1500,3.887922621495961,0.6112077378504039
1191,24,rl_agent,2,3,"[2, 0, 3]",2,17.65470855211508,15.0,2.6547085521150784,0.024566099616865067,True,0.05,1500,1.948584533707571,0.8051415466292429
1192,24,rl_agent,0,7,"[0, 3, 8, 7]",3,23.287990098583702,19.4,3.8879900985837033,0.040334775314507354,True,0.05,1500,1.652756559061121,0.8347243440938878
1193,24,rl_agent,6,9,"[6, 5, 6]",2,12.967500487628163,12.0,0.967500487628163,0.0,False,0.05,1500,5.0825908623052385,0.49174091376947615
1194,24,rl_agent,8,6,"[8, 9, 4, 5, 6]",4,28.15879864797385,25.75,2.4087986479738497,0.0,True,0.05,1500,3.954795132893059,0.6045204867106941
1195,24,rl_agent,3,7,"[3, 8, 7]",2,17.29776938045654,13.9,3.3977693804565394,0.04338420518326047,True,0.05,1500,1.6027565590611204,0.839724344093888
1196,24,rl_agent,2,12,"[2, 5, 10, 11, 12]",4,23.863626409954588,21.75,2.1136264099545876,0.0,True,0.05,1500,3.837922621495961,0.6162077378504038
1197,24,rl_agent,1,8,"[1, 7, 8]",2,24.035135300085237,16.9,7.135135300085238,0.12983793306294633,True,0.05,1500,1.0172825068120783,0.8982717493187922
1198,24,rl_agent,8,7,"[8, 7]",1,4.727218883092989,1.9,2.8272188830929887,0.0498163982541,True,0.05,1500,1.502756559061119,0.8497243440938881
1199,24,rl_agent,7,11,"[7, 8, 12, 11]",3,13.013354540320279,8.15,4.8633545403202785,0.05900676453165454,True,0.05,1500,1.4527565590611182,0.8547243440938882
1200,25,rl_agent,10,9,"[10, 11, 10]",2,4.779443669549531,4.0,0.779443669549531,0.0,False,0.05,1500,5.619733948943444,0.4380266051056556
1201,25,rl_agent,5,1,"[5, 2, 0, 1]",3,30.111668802967902,26.5,3.611668802967902,0.03852171028367124,True,0.05,1500,1.6833842767287006,0.8316615723271299
1202,25,rl_agent,13,0,"[13, 9, 4, 3, 0]",4,26.985157826183915,24.0,2.985157826183915,0.0031497489182901184,True,0.05,1500,2.623517993360829,0.7376482006639171
1203,25,rl_agent,7,6,"[7, 1, 2, 5, 6]",4,38.5619656249867,35.25,3.3119656249866978,0.014063383150731412,True,0.05,1500,2.2044798922824667,0.7795520107717533
1204,25,rl_agent,0,1,"[0, 1]",1,6.681524553592771,6.5,0.1815245535927712,0.0,True,0.05,1500,7.336492828676028,0.2663507171323972
1205,25,rl_agent,10,9,"[10, 11, 10]",2,4.811681521699818,4.0,0.8116815216998177,0.0,False,0.05,1500,5.519733948943444,0.44802660510565556
1206,25,rl_agent,0,13,"[0, 3, 8, 9, 13]",4,28.983375615385647,27.0,1.983375615385647,0.0,True,0.05,1500,4.567707280122575,0.5432292719877425
1207,25,rl_agent,2,12,"[2, 5, 10, 11, 12]",4,23.999594976374624,21.75,2.249594976374624,0.0,True,0.05,1500,3.3140169680956983,0.6685983031904301
1208,25,rl_agent,3,8,"[3, 8]",1,12.577650759149476,12.0,0.577650759149476,0.0,True,0.05,1500,4.639722059812953,0.5360277940187047
1209,25,rl_agent,7,9,"[7, 8, 9]",2,12.0733228413002,6.9,5.1733228413002,0.0900605858007304,True,0.05,1500,0.9868615643645207,0.9013138435635479
1210,25,rl_agent,10,5,"[10, 5]",1,8.057552911941386,7.5,0.5575529119413858,0.0,True,0.05,1500,4.727895827757056,0.5272104172242944
1211,25,rl_agent,11,9,"[11, 12, 7, 8, 9]",4,20.4346763957328,14.4,6.0346763957328005,0.09458978232436488,True,0.05,1500,0.93686156436452,0.906313843563548
1212,25,rl_agent,8,4,"[8, 7]",1,7.037858489879138,1.9,5.137858489879138,0.09923008995911042,False,0.05,1500,0.8868615643645192,0.911313843563548
1213,25,rl_agent,2,8,"[2, 5, 4, 9, 8]",4,33.363650030757334,30.25,3.1136500307573343,0.0,True,0.05,1500,3.2640169680956985,0.6735983031904301
1214,25,rl_agent,13,12,"[13, 10, 11, 12]",3,6.583877965490893,5.5,1.0838779654908928,0.0,True,0.05,1500,5.419733948943445,0.4580266051056555
1215,25,rl_agent,2,5,"[2, 5]",1,11.555685626315313,10.5,1.055685626315313,0.0,True,0.05,1500,3.2140169680956987,0.6785983031904301
1216,25,rl_agent,10,3,"[10, 5, 2, 0, 3]",4,37.7597670058112,33.0,4.759767005811199,0.0415030785576076,True,0.05,1500,1.6333842767287,0.83666157232713
1217,25,rl_agent,8,6,"[8, 9, 4, 5, 6]",4,28.258174856327926,25.75,2.5081748563279262,0.0,True,0.05,1500,3.826122733910106,0.6173877266089894
1218,25,rl_agent,2,12,"[2, 5, 10, 11, 12]",4,24.16613872989587,21.75,2.41613872989587,0.0,True,0.05,1500,3.114016968095699,0.6885983031904301
1219,25,rl_agent,3,9,"[3, 8, 9]",2,18.247412580440795,17.0,1.2474125804407947,0.0,True,0.05,1500,4.317707280122576,0.5682292719877424
1220,25,rl_agent,5,11,"[5, 10, 11]",2,10.532101472260534,9.5,1.0321014722605337,0.0,True,0.05,1500,4.5778958277570565,0.5422104172242943
1221,25,rl_agent,4,5,"[4, 5]",1,4.4375906051542,3.75,0.6875906051541998,0.0,True,0.05,1500,4.21020508102688,0.578979491897312
1222,25,rl_agent,5,0,"[5, 2, 0]",2,23.78963788447892,20.0,3.789637884478921,0.044595557942654906,True,0.05,1500,1.5833842767286992,0.8416615723271301
1223,25,rl_agent,8,1,"[8, 3, 0, 1]",3,25.348233473233336,24.0,1.3482334732333356,0.0,True,0.05,1500,4.539722059812953,0.5460277940187047
1224,25,rl_agent,5,3,"[5, 2, 0, 3]",3,29.99169042323107,25.5,4.49169042323107,0.04779914843881339,True,0.05,1500,1.5333842767286985,0.8466615723271301
1225,25,rl_agent,10,5,"[10, 5]",1,8.104265687684075,7.5,0.6042656876840748,0.0,True,0.05,1500,4.527895827757057,0.5472104172242943
1226,25,rl_agent,0,5,"[0, 3, 4, 5]",3,14.978359768216235,12.25,2.728359768216235,0.004041931155266076,True,0.05,1500,2.573517993360829,0.7426482006639171
1227,25,rl_agent,7,13,"[7, 8]",1,7.3747038374224,1.9,5.4747038374224,0.10398150870496714,False,0.05,1500,0.8368615643645185,0.9163138435635482
1228,25,rl_agent,1,10,"[1, 2, 5, 10]",3,23.740498632294234,21.75,1.9904986322942335,2.8772857445069633e-05,True,0.05,1500,2.9640169680956996,0.70359830319043
1229,25,rl_agent,3,8,"[3, 8]",1,12.613654683606029,12.0,0.613654683606029,0.0,True,0.05,1500,4.489722059812953,0.5510277940187047
1230,25,rl_agent,4,6,"[4, 5, 6]",2,10.857300901298554,9.75,1.1073009012985544,0.0,True,0.05,1500,4.11020508102688,0.588979491897312
1231,25,rl_agent,2,8,"[2, 5, 4, 9, 8]",4,33.69300815399776,30.25,3.4430081539977593,0.00016429070612122842,True,0.05,1500,2.9140169680956998,0.70859830319043
1232,25,rl_agent,6,0,"[6, 5, 2, 0]",3,30.51529392548974,26.0,4.51529392548974,0.05150376602580742,True,0.05,1500,1.4833842767286978,0.8516615723271302
1233,25,rl_agent,12,2,"[12, 7, 1, 2]",3,26.811012347251094,24.5,2.3110123472510935,0.01588676116788157,True,0.05,1500,2.154479892282467,0.7845520107717533
1234,25,rl_agent,5,10,"[5, 10]",1,8.129204523886177,7.5,0.6292045238861768,0.0,True,0.05,1500,4.427895827757057,0.5572104172242943
1235,25,rl_agent,8,4,"[8, 7, 1, 2, 5, 4]",5,44.85045410040483,34.9,9.950454100404833,0.12539834023045304,True,0.05,1500,0.7868615643645178,0.9213138435635482
1236,25,rl_agent,12,13,"[12, 11, 12]",2,4.123839490819087,3.5,0.623839490819087,0.0,False,0.05,1500,6.158244122364498,0.3841755877635502
1237,25,rl_agent,4,9,"[4, 9]",1,11.841877430524978,11.0,0.8418774305249777,0.0,True,0.05,1500,3.726122733910106,0.6273877266089893
1238,25,rl_agent,6,1,"[6, 5, 2, 0, 1]",4,37.39512751780764,32.5,4.895127517807637,0.05570968025510059,True,0.05,1500,1.433384276728697,0.8566615723271302
1239,25,rl_agent,7,2,"[7, 1, 2]",2,20.885165965036624,18.75,2.1351659650366237,0.019866850535515068,True,0.05,1500,2.054479892282467,0.7945520107717533
1240,25,rl_agent,13,2,"[13, 9, 4, 5, 2]",4,33.00513368838595,29.75,3.2551336883859534,0.0018174732119372594,True,0.05,1500,2.7140169680957005,0.72859830319043
1241,25,rl_agent,1,4,"[1, 2, 5, 4]",3,20.361985437136493,18.0,2.361985437136493,0.0025085466161690606,True,0.05,1500,2.6640169680957007,0.73359830319043
1242,25,rl_agent,12,2,"[12, 7, 1, 2]",3,27.010792520269657,24.5,2.510792520269657,0.02202356188599841,True,0.05,1500,2.0044798922824674,0.7995520107717533
1243,25,rl_agent,6,12,"[6, 11, 12]",2,13.994527331902928,13.25,0.744527331902928,0.0,True,0.05,1500,5.399792605377747,0.4600207394622253
1244,25,rl_agent,11,2,"[11, 6, 5, 2]",3,30.26265751132096,28.0,2.2626575113209597,0.0033107311315119237,True,0.05,1500,2.614016968095701,0.73859830319043
1245,25,rl_agent,13,7,"[13, 9, 8, 7]",3,18.667462927771027,11.4,7.267462927771026,0.11381767953001387,True,0.05,1500,0.7368615643645171,0.9263138435635483
1246,25,rl_agent,2,6,"[2, 5, 6]",2,18.373796704858492,16.5,1.873796704858492,0.004224026757965849,True,0.05,1500,2.564016968095701,0.7435983031904299
1247,25,rl_agent,8,6,"[8, 9, 4, 5, 6]",4,28.556195588696497,25.75,2.8061955886964967,0.0,True,0.05,1500,3.6261227339101065,0.6373877266089893
1248,25,rl_agent,3,1,"[3, 0, 1]",2,12.791251029478332,12.0,0.7912510294783317,0.0,True,0.05,1500,4.564120297837029,0.5435879702162971
1249,25,rl_agent,8,3,"[8, 3]",1,12.626196625067708,12.0,0.626196625067708,0.0,True,0.05,1500,4.439722059812953,0.5560277940187046
1250,26,rl_agent,0,2,"[0, 2]",1,14.143696705794502,9.5,4.643696705794502,0.09138947351747717,True,0.05,1500,0.9720635344551667,0.9027936465544834
1251,26,rl_agent,9,12,"[9, 13, 10, 11, 12]",4,11.369351052368868,10.0,1.3693510523688683,0.0,True,0.05,1500,5.466488111337574,0.4533511888662426
1252,26,rl_agent,2,4,"[2, 5, 4]",2,15.777222679577468,14.25,1.5272226795774682,0.0,True,0.05,1500,3.4538727671220455,0.6546127232877954
1253,26,rl_agent,4,9,"[4, 9]",1,11.342897733461452,11.0,0.34289773346145225,0.0,True,0.05,1500,5.9319177184958685,0.4068082281504132
1254,26,rl_agent,12,1,"[12, 7, 1]",2,21.86353435924517,20.75,1.1135343592451683,0.0,True,0.05,1500,3.672778698567585,0.6327221301432415
1255,26,rl_agent,12,4,"[12, 7, 1, 2, 5, 4]",5,41.65486803314279,38.75,2.9048680331427903,0.0,True,0.05,1500,3.4038727671220457,0.6596127232877954
1256,26,rl_agent,4,2,"[4, 5, 2]",2,15.844210145384372,14.25,1.5942101453843716,0.0,True,0.05,1500,3.353872767122046,0.6646127232877954
1257,26,rl_agent,11,3,"[11, 6, 5, 2, 0, 3]",5,50.15902536948237,43.0,7.159025369482372,0.09595155455202131,True,0.05,1500,0.922063534455166,0.9077936465544834
1258,26,rl_agent,1,13,"[1, 7, 8, 9, 13]",4,29.248112197000562,26.4,2.848112197000564,0.0,True,0.05,1500,3.3051109833114847,0.6694889016688516
1259,26,rl_agent,4,8,"[4, 9, 8]",2,16.918756197747665,16.0,0.9187561977476655,0.0,True,0.05,1500,4.6786107707549425,0.5321389229245057
1260,26,rl_agent,0,12,"[0, 3, 8, 12]",3,26.883675295886587,22.0,4.8836752958865866,0.0818499987986977,True,0.05,1500,1.080820501896346,0.8919179498103654
1261,26,rl_agent,8,9,"[8, 9]",1,5.580237731716742,5.0,0.5802377317167418,0.0,True,0.05,1500,4.628610770754943,0.5371389229245057
1262,26,rl_agent,10,12,"[10, 11, 12]",2,4.44199540961405,3.75,0.6919954096140497,0.0,True,0.05,1500,5.416488111337574,0.4583511888662426
1263,26,rl_agent,0,8,"[0, 3, 8]",2,18.27314428476366,17.5,0.77314428476366,0.0,True,0.05,1500,5.576111081402816,0.4423888918597184
1264,26,rl_agent,9,12,"[9, 13, 10, 11, 12]",4,11.42044797798119,10.0,1.4204479779811905,0.0,True,0.05,1500,5.366488111337574,0.4633511888662426
1265,26,rl_agent,10,9,"[10, 11, 10]",2,4.898798552012722,4.0,0.898798552012722,0.0,False,0.05,1500,5.2664881113375746,0.47335118886624256
1266,26,rl_agent,3,1,"[3, 0, 1]",2,12.586139985487058,12.0,0.5861399854870584,0.0,True,0.05,1500,5.654753856830017,0.4345246143169983
1267,26,rl_agent,0,2,"[0, 2]",1,14.733527205817435,9.5,5.233527205817435,0.10062474669767651,True,0.05,1500,0.8720635344551653,0.9127936465544835
1268,26,rl_agent,2,6,"[2, 5, 6]",2,18.020074118257213,16.5,1.520074118257213,0.0,True,0.05,1500,3.253872767122046,0.6746127232877954
1269,26,rl_agent,11,7,"[11, 10, 11]",2,4.935550761852243,4.0,0.9355507618522427,0.0,False,0.05,1500,5.166488111337575,0.4833511888662425
1270,26,rl_agent,7,10,"[7, 8, 12]",2,11.786550938283149,6.4,5.386550938283149,0.08617039768337242,False,0.05,1500,1.0308205018963452,0.8969179498103654
1271,26,rl_agent,13,10,"[13, 10]",1,2.0845770686900513,1.75,0.3345770686900513,0.0,True,0.05,1500,5.991058450537082,0.40089415494629177
1272,26,rl_agent,5,9,"[5, 6, 5]",2,13.00634996381905,12.0,1.0063499638190496,0.0,False,0.05,1500,4.984175333482293,0.5015824666517708
1273,26,rl_agent,12,9,"[12, 7, 8, 9]",3,14.565697892418566,12.65,1.9156978924185655,0.0,True,0.05,1500,3.205110983311485,0.6794889016688515
1274,26,rl_agent,13,6,"[13, 9, 4, 5, 6]",4,27.130547279340313,25.25,1.8805472793403126,0.0,True,0.05,1500,4.481463498885923,0.5518536501114076
1275,26,rl_agent,3,9,"[3, 8, 9]",2,18.00888677509254,17.0,1.0088867750925417,0.0,True,0.05,1500,4.528610770754943,0.5471389229245057
1276,26,rl_agent,11,6,"[11, 6]",1,11.895753382588651,11.5,0.39575338258865145,0.0,True,0.05,1500,5.58189351800204,0.441810648199796
1277,26,rl_agent,4,1,"[4, 3, 0, 1]",3,17.22148713601513,15.0,2.2214871360151314,0.009224495548646017,True,0.05,1500,2.355715668598817,0.7644284331401183
1278,26,rl_agent,2,13,"[2, 5, 6, 5]",3,24.62921643811905,22.5,2.1292164381190517,0.0,False,0.05,1500,3.2038727671220464,0.6796127232877953
1279,26,rl_agent,4,10,"[4, 5, 10]",2,12.44217605473104,11.25,1.1921760547310392,0.0,True,0.05,1500,4.431463498885924,0.5568536501114076
1280,26,rl_agent,9,13,"[9, 13]",1,4.902215999771176,4.5,0.40221599977117606,0.0,True,0.05,1500,5.541910142657768,0.44580898573422323
1281,26,rl_agent,1,6,"[1, 2, 5, 6]",3,22.09206753886706,20.25,1.8420675388670595,0.0,True,0.05,1500,3.1538727671220466,0.6846127232877953
1282,26,rl_agent,12,8,"[12, 8]",1,9.097772722259442,4.5,4.5977727222594424,0.09060190767915843,True,0.05,1500,0.9808205018963445,0.9019179498103655
1283,26,rl_agent,1,9,"[1, 7, 8, 9]",3,24.52048205173,21.9,2.6204820517300007,0.0,True,0.05,1500,3.155110983311485,0.6844889016688515
1284,26,rl_agent,2,12,"[2, 5, 10, 11, 12]",4,24.19434082610353,21.75,2.444340826103531,0.0,True,0.05,1500,3.1038727671220467,0.6896127232877953
1285,26,rl_agent,8,4,"[8, 7, 1, 2, 5, 4]",5,38.94515713892833,34.9,4.045157138928332,0.0,True,0.05,1500,3.053872767122047,0.6946127232877953
1286,26,rl_agent,9,6,"[9, 4, 5, 6]",3,22.325259392983973,20.75,1.5752593929839733,0.0,True,0.05,1500,4.331463498885924,0.5668536501114076
1287,26,rl_agent,0,2,"[0, 2]",1,15.082254947987483,9.5,5.582254947987483,0.105409049954443,True,0.05,1500,0.8220635344551646,0.9177936465544836
1288,26,rl_agent,13,6,"[13, 9, 4, 5, 6]",4,27.26798717399548,25.25,2.017987173995479,0.0,True,0.05,1500,4.281463498885924,0.5718536501114075
1289,26,rl_agent,11,0,"[11, 6, 5, 2, 0]",4,45.623459128218954,37.5,8.123459128218954,0.11030446432232033,True,0.05,1500,0.7720635344551638,0.9227936465544836
1290,26,rl_agent,8,13,"[8, 9, 13]",2,10.547817259475096,9.5,1.0478172594750959,0.0,True,0.05,1500,4.428610770754943,0.5571389229245056
1291,26,rl_agent,7,11,"[7, 8, 12, 11]",3,14.445249173443267,8.15,6.295249173443267,0.0951445287860555,True,0.05,1500,0.9308205018963438,0.9069179498103657
1292,26,rl_agent,13,8,"[13, 9, 8]",2,10.56922985583892,9.5,1.0692298558389197,0.0,True,0.05,1500,4.3786107707549435,0.5621389229245056
1293,26,rl_agent,0,12,"[0, 3, 8, 12]",3,27.989712064517082,22.0,5.989712064517082,0.09979826100406375,True,0.05,1500,0.8808205018963431,0.9119179498103657
1294,26,rl_agent,5,2,"[5, 2]",1,11.692693082671767,10.5,1.1926930826717665,4.7282702510642594e-05,True,0.05,1500,2.9538727671220473,0.7046127232877952
1295,26,rl_agent,1,8,"[1, 7, 8]",2,19.02463348560596,16.9,2.124633485605962,0.0,True,0.05,1500,3.0051109833114857,0.6994889016688515
1296,26,rl_agent,7,9,"[7, 8, 9]",2,8.747088842984772,6.9,1.8470888429847712,4.4778307094706093e-05,True,0.05,1500,2.955110983311486,0.7044889016688514
1297,26,rl_agent,3,10,"[3, 4, 5, 10]",3,17.187157976650454,14.25,2.937157976650454,0.010711794062870816,True,0.05,1500,2.3057156685988174,0.7694284331401182
1298,26,rl_agent,12,6,"[12, 7, 1, 2, 5, 6]",5,44.28641285857905,41.0,3.286412858579048,0.00020534322001719563,True,0.05,1500,2.9038727671220474,0.7096127232877952
1299,26,rl_agent,8,12,"[8, 12]",1,10.018147107091766,4.5,5.518147107091766,0.10456310433318305,True,0.05,1500,0.8308205018963424,0.9169179498103658
1300,27,rl_agent,6,11,"[6, 11]",1,12.125050788877038,11.5,0.6250507888770382,0.0,True,0.05,1500,4.44424380608694,0.5555756193913061
1301,27,rl_agent,5,9,"[5, 6, 5]",2,12.577462859271284,12.0,0.577462859271284,0.0,False,0.05,1500,6.339293468132457,0.3660706531867543
1302,27,rl_agent,2,3,"[2, 0, 3]",2,17.384288620746545,15.0,2.3842886207465455,0.0052404107360677354,True,0.05,1500,2.5143885471665124,0.7485611452833487
1303,27,rl_agent,6,12,"[6, 11, 12]",2,14.094791684740738,13.25,0.8447916847407377,0.0,True,0.05,1500,4.39424380608694,0.5605756193913061
1304,27,rl_agent,10,11,"[10, 11]",1,2.34300197808016,2.0,0.3430019780801601,0.0,True,0.05,1500,5.931184184628989,0.4068815815371011
1305,27,rl_agent,11,1,"[11, 6, 5, 2, 0, 1]",5,47.40252741211645,44.0,3.4025274121164486,0.006375102853475534,True,0.05,1500,2.4643885471665126,0.7535611452833487
1306,27,rl_agent,0,4,"[0, 3, 4]",2,10.175023541815623,8.5,1.675023541815623,0.0,True,0.05,1500,3.5323455445558043,0.6467654455444196
1307,27,rl_agent,9,6,"[9, 4, 5, 6]",3,22.224027889769815,20.75,1.4740278897698147,0.0,True,0.05,1500,4.404765965457757,0.5595234034542244
1308,27,rl_agent,8,12,"[8, 12]",1,5.367985230080079,4.5,0.8679852300800794,0.0,True,0.05,1500,3.655010222374484,0.6344989777625516
1309,27,rl_agent,4,9,"[4, 9]",1,11.548398366733242,11.0,0.5483983667332417,0.0,True,0.05,1500,4.769179501471144,0.5230820498528856
1310,27,rl_agent,9,6,"[9, 4, 5, 6]",3,22.26552019091202,20.75,1.5155201909120208,0.0,True,0.05,1500,4.354765965457757,0.5645234034542244
1311,27,rl_agent,9,12,"[9, 13, 10, 11, 12]",4,11.414853304479161,10.0,1.414853304479161,0.0,True,0.05,1500,4.854219835319511,0.5145780164680489
1312,27,rl_agent,8,5,"[8, 3, 4, 5]",3,20.839632832160063,18.75,2.0896328321600635,0.0,True,0.05,1500,3.9197237624409738,0.6080276237559026
1313,27,rl_agent,3,1,"[3, 0, 1]",2,13.118870809212819,12.0,1.1188708092128188,0.0,True,0.05,1500,3.4823455445558045,0.6517654455444195
1314,27,rl_agent,6,3,"[6, 5, 2, 0, 3]",4,35.107130715854304,31.5,3.6071307158543036,0.007620906081994394,True,0.05,1500,2.4143885471665127,0.7585611452833487
1315,27,rl_agent,9,12,"[9, 13, 10, 11, 12]",4,11.444792790260133,10.0,1.4447927902601325,0.0,True,0.05,1500,4.804219835319511,0.5195780164680489
1316,27,rl_agent,0,3,"[0, 3]",1,6.478264102273039,5.5,0.9782641022730392,0.0,True,0.05,1500,3.382345544555805,0.6617654455444195
1317,27,rl_agent,10,3,"[10, 5, 2, 0, 3]",4,62.28824245605463,33.0,29.288242456054633,0.19032502535122386,True,0.05,1500,0.13040899152308505,0.9869591008476915
1318,27,rl_agent,2,9,"[2, 5, 6, 5]",3,23.95371832573536,22.5,1.453718325735359,0.0,False,0.05,1500,3.8523902852010323,0.6147609714798967
1319,27,rl_agent,4,0,"[4, 3, 0]",2,10.315382815595855,8.5,1.8153828155958553,0.0,True,0.05,1500,3.282345544555805,0.6717654455444195
1320,27,rl_agent,3,4,"[3, 4]",1,3.8089951815795122,3.0,0.8089951815795122,0.0,True,0.05,1500,3.819723762440974,0.6180276237559026
1321,27,rl_agent,3,5,"[3, 4, 5]",2,8.251509900182413,6.75,1.5015099001824126,0.0,True,0.05,1500,3.7697237624409743,0.6230276237559026
1322,27,rl_agent,10,12,"[10, 11, 12]",2,4.337131956368372,3.75,0.5871319563683723,0.0,True,0.05,1500,5.78118418462899,0.421881581537101
1323,27,rl_agent,7,9,"[7, 8, 9]",2,8.151874278124943,6.9,1.2518742781249426,0.0,True,0.05,1500,3.9684577430856427,0.6031542256914357
1324,27,rl_agent,5,0,"[5, 2, 0]",2,22.47536016502145,20.0,2.475360165021449,0.010445845872365411,True,0.05,1500,2.314388547166513,0.7685611452833487
1325,27,rl_agent,12,1,"[12, 7, 1]",2,21.928565238191332,20.75,1.1785652381913323,0.0,True,0.05,1500,3.3104067348786366,0.6689593265121363
1326,27,rl_agent,12,9,"[12, 7, 8, 9]",3,14.100560667214037,12.65,1.4505606672140363,0.0,True,0.05,1500,3.918457743085643,0.6081542256914357
1327,27,rl_agent,10,0,"[10, 5, 2, 0]",3,56.932405776538204,27.5,29.432405776538204,0.19916966168616024,True,0.05,1500,0.08040899152308434,0.9919591008476916
1328,27,rl_agent,2,5,"[2, 5]",1,11.350478910877033,10.5,0.8504789108770332,0.0,True,0.05,1500,3.702390285201033,0.6297609714798967
1329,27,rl_agent,8,11,"[8, 12, 11]",2,7.364470371004418,6.25,1.1144703710044181,0.0,True,0.05,1500,3.605010222374484,0.6394989777625516
1330,27,rl_agent,4,1,"[4, 3, 0, 1]",3,17.0788048644876,15.0,2.0788048644876014,0.0,True,0.05,1500,3.2323455445558054,0.6767654455444194
1331,27,rl_agent,10,12,"[10, 11, 12]",2,4.355263324036132,3.75,0.605263324036132,0.0,True,0.05,1500,5.73118418462899,0.426881581537101
1332,27,rl_agent,9,3,"[9, 4, 3]",2,15.43335232988395,14.0,1.4333523298839506,0.0,True,0.05,1500,3.6697237624409746,0.6330276237559025
1333,27,rl_agent,9,8,"[9, 8]",1,5.512016142537669,5.0,0.5120161425376688,0.0,True,0.05,1500,4.940632653805612,0.5059367346194388
1334,27,rl_agent,6,12,"[6, 11, 12]",2,14.15260286765561,13.25,0.9026028676556095,0.0,True,0.05,1500,4.29424380608694,0.570575619391306
1335,27,rl_agent,12,3,"[12, 7, 1, 0, 3]",4,35.22446365087983,32.75,2.4744636508798266,0.0,True,0.05,1500,3.1823455445558055,0.6817654455444194
1336,27,rl_agent,4,7,"[4, 9, 8, 7]",3,19.797310686191196,17.9,1.8973106861911972,0.0,True,0.05,1500,3.868457743085643,0.6131542256914357
1337,27,rl_agent,1,10,"[1, 2, 5, 10]",3,50.725246757551204,21.75,28.975246757551204,0.19596601683615456,True,0.05,1500,0.03040899152308363,0.9969591008476917
1338,27,rl_agent,0,2,"[0, 2]",1,11.257959655001782,9.5,1.7579596550017822,0.013715230107180898,True,0.05,1500,2.2143885471665135,0.7785611452833486
1339,27,rl_agent,13,8,"[13, 9, 8]",2,10.584620099599091,9.5,1.084620099599091,0.0,True,0.05,1500,4.754219835319511,0.5245780164680489
1340,27,rl_agent,0,5,"[0, 3, 4, 5]",3,14.91669560164939,12.25,2.6666956016493906,0.0,True,0.05,1500,3.1323455445558057,0.6867654455444194
1341,27,rl_agent,7,8,"[7, 8]",1,2.7094291822539764,1.9,0.8094291822539765,0.0,True,0.05,1500,3.8184577430856432,0.6181542256914356
1342,27,rl_agent,10,3,"[10, 5, 2, 0, 3]",4,65.32022988108405,33.0,32.320229881084046,0.21241327111300423,True,0.05,1500,0.0,1.0
1343,27,rl_agent,7,8,"[7, 8]",1,2.726802724317126,1.9,0.8268027243171261,0.0,True,0.05,1500,3.7684577430856434,0.6231542256914356
1344,27,rl_agent,9,12,"[9, 13, 10, 11, 12]",4,11.523160478808206,10.0,1.5231604788082063,0.0,True,0.05,1500,4.7042198353195115,0.5295780164680488
1345,27,rl_agent,12,4,"[12, 7, 1, 2, 5, 4]",5,41.81982121953661,38.75,3.069821219536607,0.0,True,0.05,1500,3.210406734878637,0.6789593265121363
1346,27,rl_agent,9,7,"[9, 8, 7]",2,8.288346976592685,6.9,1.3883469765926844,0.0,True,0.05,1500,3.7184577430856436,0.6281542256914356
1347,27,rl_agent,0,3,"[0, 3]",1,6.648888600105905,5.5,1.1488886001059049,0.0,True,0.05,1500,3.032345544555806,0.6967654455444194
1348,27,rl_agent,13,9,"[13, 9]",1,5.074293904653249,4.5,0.5742939046532491,0.0,True,0.05,1500,4.654219835319512,0.5345780164680488
1349,27,rl_agent,9,7,"[9, 8, 7]",2,8.317682133040483,6.9,1.4176821330404827,0.0,True,0.05,1500,3.6684577430856438,0.6331542256914356
1350,28,rl_agent,5,8,"[5, 4, 9, 8]",3,21.30094177558672,19.75,1.5509417755867183,0.0,True,0.05,1500,4.6323091115789055,0.5367690888421095
1351,28,rl_agent,11,1,"[11, 6, 5, 2, 0, 1]",5,47.27062936505042,44.0,3.270629365050418,0.0,True,0.05,1500,3.0184205741948844,0.6981579425805116
1352,28,rl_agent,12,5,"[12, 7, 1, 2, 5]",4,36.44205464024724,35.0,1.4420546402472425,0.0,True,0.05,1500,3.9051386081920016,0.6094861391807999
1353,28,rl_agent,1,2,"[1, 2]",1,3.802088622781985,3.75,0.052088622781985006,0.0,True,0.05,1500,9.056517004108697,0.09434829958913035
1354,28,rl_agent,12,4,"[12, 7, 1, 2, 5, 4]",5,40.81923253626077,38.75,2.0692325362607704,0.0,True,0.05,1500,3.855138608192002,0.6144861391807999
1355,28,rl_agent,4,1,"[4, 3, 0, 1]",3,16.10125542203297,15.0,1.1012554220329704,0.0,True,0.05,1500,5.344082740915795,0.4655917259084205
1356,28,rl_agent,11,13,"[11, 12, 11]",2,4.407305902211666,3.5,0.9073059022116663,0.0,False,0.05,1500,5.24299745961266,0.475700254038734
1357,28,rl_agent,5,6,"[5, 6]",1,6.680215969612453,6.0,0.680215969612453,0.0,True,0.05,1500,4.236512747443885,0.5763487252556115
1358,28,rl_agent,4,1,"[4, 3, 0, 1]",3,16.12409315727526,15.0,1.1240931572752615,0.0,True,0.05,1500,5.294082740915795,0.4705917259084205
1359,28,rl_agent,0,9,"[0, 3, 8, 9]",3,24.25047514791861,22.5,1.7504751479186105,0.0,True,0.05,1500,3.745294884509531,0.6254705115490469
1360,28,rl_agent,11,2,"[11, 6, 5, 2]",3,29.898531682668843,28.0,1.8985316826688425,0.0,True,0.05,1500,3.805138608192002,0.6194861391807998
1361,28,rl_agent,0,7,"[0, 3, 8, 7]",3,21.10239059626619,19.4,1.7023905962661914,0.0,True,0.05,1500,3.695294884509531,0.6304705115490469
1362,28,rl_agent,10,0,"[10, 5, 2, 0]",3,30.512089132695436,27.5,3.0120891326954364,2.2161336315162927e-05,True,0.05,1500,2.9684205741948846,0.7031579425805116
1363,28,rl_agent,10,13,"[10, 13]",1,2.4539958352168343,1.75,0.7039958352168343,0.0,True,0.05,1500,4.152838285441014,0.5847161714558986
1364,28,rl_agent,10,12,"[10, 11, 12]",2,4.473306107658951,3.75,0.7233061076589511,0.0,True,0.05,1500,5.19299745961266,0.480700254038734
1365,28,rl_agent,10,4,"[10, 5, 4]",2,12.872098997709111,11.25,1.6220989977091111,0.0,True,0.05,1500,3.291837361983349,0.670816263801665
1366,28,rl_agent,4,1,"[4, 3, 0, 1]",3,16.16587200098407,15.0,1.16587200098407,0.0,True,0.05,1500,5.144082740915795,0.4855917259084205
1367,28,rl_agent,13,11,"[13, 10, 11]",2,4.734967083967865,3.75,0.9849670839678648,0.0,True,0.05,1500,4.102838285441014,0.5897161714558986
1368,28,rl_agent,1,6,"[1, 2, 5, 6]",3,21.8664775370318,20.25,1.6164775370317983,0.0,True,0.05,1500,3.7051386081920024,0.6294861391807998
1369,28,rl_agent,9,8,"[9, 8]",1,5.4713557446844545,5.0,0.4713557446844545,0.0,True,0.05,1500,5.147444720805408,0.48525552791945914
1370,28,rl_agent,10,6,"[10, 5, 6]",2,15.265872348968404,13.5,1.7658723489684043,0.0,True,0.05,1500,3.2418373619833494,0.675816263801665
1371,28,rl_agent,4,6,"[4, 5, 6]",2,11.10418945093938,9.75,1.35418945093938,0.0,True,0.05,1500,4.0365127474438856,0.5963487252556114
1372,28,rl_agent,13,1,"[13, 9, 4, 3, 0, 1]",5,32.8633855737572,30.5,2.363385573757199,0.0,True,0.05,1500,4.369544520673447,0.5630455479326553
1373,28,rl_agent,11,2,"[11, 6, 5, 2]",3,30.020369761736383,28.0,2.020369761736383,0.0,True,0.05,1500,3.6551386081920025,0.6344861391807998
1374,28,rl_agent,7,1,"[7, 1]",1,15.4253663668977,15.0,0.42536636689770013,0.0,True,0.05,1500,5.4032653215639845,0.4596734678436015
1375,28,rl_agent,0,5,"[0, 3, 4, 5]",3,13.75785242730503,12.25,1.5078524273050302,0.0,True,0.05,1500,4.432309111578906,0.5567690888421094
1376,28,rl_agent,10,13,"[10, 13]",1,2.4837033081140865,1.75,0.7337033081140865,0.0,True,0.05,1500,4.052838285441014,0.5947161714558986
1377,28,rl_agent,1,6,"[1, 2, 5, 6]",3,21.968455643662306,20.25,1.7184556436623062,0.0,True,0.05,1500,3.6051386081920027,0.6394861391807998
1378,28,rl_agent,9,1,"[9, 4, 3, 0, 1]",4,27.772156220153562,26.0,1.772156220153562,0.0,True,0.05,1500,4.808111500892937,0.5191888499107062
1379,28,rl_agent,5,7,"[5, 4, 9, 8, 7]",4,23.717288868394313,21.65,2.0672888683943142,0.0,True,0.05,1500,4.382309111578906,0.5617690888421094
1380,28,rl_agent,2,8,"[2, 5, 4, 9, 8]",4,32.86313105340273,30.25,2.613131053402732,0.0,True,0.05,1500,3.555138608192003,0.6444861391807997
1381,28,rl_agent,11,5,"[11, 6, 5]",2,18.692844720732726,17.5,1.192844720732726,0.0,True,0.05,1500,3.886512747443886,0.6113487252556113
1382,28,rl_agent,9,6,"[9, 4, 5, 6]",3,22.79425762336726,20.75,2.0442576233672582,0.0,True,0.05,1500,3.8365127474438863,0.6163487252556114
1383,28,rl_agent,1,5,"[1, 2, 5]",2,15.24103313332015,14.25,0.9910331333201494,0.0,True,0.05,1500,3.505138608192003,0.6494861391807997
1384,28,rl_agent,9,1,"[9, 4, 3, 0, 1]",4,27.842548515230725,26.0,1.8425485152307246,0.0,True,0.05,1500,4.608111500892938,0.5391888499107063
1385,28,rl_agent,3,9,"[3, 8, 9]",2,18.372142463164867,17.0,1.3721424631648667,0.0,True,0.05,1500,3.645294884509531,0.6354705115490469
1386,28,rl_agent,0,6,"[0, 3, 4, 5, 6]",4,20.686350235269032,18.25,2.436350235269032,0.0,True,0.05,1500,3.7865127474438864,0.6213487252556114
1387,28,rl_agent,11,0,"[11, 6, 5, 2, 0]",4,40.91315563143513,37.5,3.4131556314351315,0.000147893393659837,True,0.05,1500,2.9184205741948848,0.7081579425805116
1388,28,rl_agent,7,9,"[7, 8, 9]",2,7.813315521693326,6.9,0.9133155216933257,0.0,True,0.05,1500,4.947444720805409,0.505255527919459
1389,28,rl_agent,8,1,"[8, 3, 0, 1]",3,25.77164576015051,24.0,1.7716457601505091,0.0,True,0.05,1500,3.5952948845095314,0.6404705115490469
1390,28,rl_agent,2,0,"[2, 0]",1,10.743119556797703,9.5,1.2431195567977031,0.00038473656211568397,True,0.05,1500,2.868420574194885,0.7131579425805115
1391,28,rl_agent,2,7,"[2, 5, 4, 9, 8, 7]",5,35.34268250371563,32.15,3.1926825037156306,0.0,True,0.05,1500,3.4051386081920034,0.6594861391807997
1392,28,rl_agent,8,7,"[8, 7]",1,2.319289530934504,1.9,0.41928953093450394,0.0,True,0.05,1500,5.438982857682768,0.45610171423172324
1393,28,rl_agent,12,3,"[12, 7, 1, 0, 3]",4,34.29711704624106,32.75,1.5471170462410626,0.0,True,0.05,1500,4.794082740915797,0.5205917259084203
1394,28,rl_agent,2,1,"[2, 0, 1]",2,17.637451738834198,16.0,1.6374517388341978,0.0007326908416825928,True,0.05,1500,2.818420574194885,0.7181579425805115
1395,28,rl_agent,1,0,"[1, 0]",1,6.870928154776195,6.5,0.3709281547761947,0.0,True,0.05,1500,5.741001680310664,0.42589983196893366
1396,28,rl_agent,7,10,"[7, 8, 12, 11, 10]",4,15.099505648003383,10.15,4.949505648003383,0.07450391556446112,True,0.05,1500,1.1689685419412505,0.8831031458058749
1397,28,rl_agent,3,11,"[3, 8, 12, 11]",3,23.61046091728975,18.25,5.36046091728975,0.07862842991570285,True,0.05,1500,1.1189685419412498,0.888103145805875
1398,28,rl_agent,8,4,"[8, 7, 1, 2, 5, 4]",5,37.54731332566373,34.9,2.647313325663731,0.0,True,0.05,1500,3.3551386081920036,0.6644861391807997
1399,28,rl_agent,6,13,"[6, 5, 6]",2,13.749887239369372,12.0,1.7498872393693716,0.0,False,0.05,1500,3.636512747443887,0.6363487252556113
1400,29,rl_agent,6,10,"[6, 11, 10]",2,14.186667588425657,13.5,0.6866675884256566,0.0,True,0.05,1500,5.676448068343611,0.43235519316563886
1401,29,rl_agent,9,1,"[9, 4, 3, 0, 1]",4,27.373932374875036,26.0,1.3739323748750358,0.0,True,0.05,1500,5.667354665593284,0.4332645334406716
1402,29,rl_agent,10,3,"[10, 5, 2, 0, 3]",4,35.81745018181024,33.0,2.817450181810237,0.0,True,0.05,1500,3.1393271922374053,0.6860672807762594
1403,29,rl_agent,13,2,"[13, 9, 4, 5, 2]",4,32.186234302854004,29.75,2.436234302854004,0.0,True,0.05,1500,3.572145248301898,0.6427854751698102
1404,29,rl_agent,7,11,"[7, 8, 12, 11]",3,10.658816712491378,8.15,2.5088167124913774,0.01086008740873945,True,0.05,1500,2.3009263748407633,0.7699073625159236
1405,29,rl_agent,9,7,"[9, 8, 7]",2,7.570071213699347,6.9,0.6700712136993463,0.0,True,0.05,1500,5.903460364932869,0.4096539635067131
1406,29,rl_agent,2,9,"[2, 5, 6, 5]",3,24.543499823072555,22.5,2.0434998230725547,0.0,False,0.05,1500,3.985097304602477,0.6014902695397523
1407,29,rl_agent,10,3,"[10, 5, 2, 0, 3]",4,35.91056540094868,33.0,2.910565400948677,0.0,True,0.05,1500,3.0893271922374055,0.6910672807762595
1408,29,rl_agent,0,4,"[0, 3, 4]",2,9.204686031319758,8.5,0.704686031319758,0.0,True,0.05,1500,5.780028959073188,0.4219971040926812
1409,29,rl_agent,8,0,"[8, 3, 0]",2,18.491901185399637,17.5,0.9919011853996373,0.0,True,0.05,1500,4.4670566997269985,0.5532943300273001
1410,29,rl_agent,4,8,"[4, 9, 8]",2,16.752288180076867,16.0,0.7522881800768673,0.0,True,0.05,1500,5.567354665593284,0.44326453344067157
1411,29,rl_agent,2,1,"[2, 0, 1]",2,17.467685287574785,16.0,1.4676852875747848,0.0,True,0.05,1500,3.0393271922374057,0.6960672807762595
1412,29,rl_agent,5,4,"[5, 4]",1,4.165596110623805,3.75,0.4155961106238051,0.0,True,0.05,1500,5.460923153762033,0.4539076846237967
1413,29,rl_agent,3,8,"[3, 8]",1,12.631975507651742,12.0,0.6319755076517417,0.0,True,0.05,1500,4.417056699726999,0.5582943300273001
1414,29,rl_agent,5,1,"[5, 2, 0, 1]",3,28.788993153196646,26.5,2.288993153196646,2.531307234154845e-06,True,0.05,1500,2.989327192237406,0.7010672807762595
1415,29,rl_agent,1,12,"[1, 7, 8, 12]",3,23.844808831943006,21.4,2.444808831943007,0.012469139909093374,True,0.05,1500,2.2509263748407635,0.7749073625159236
1416,29,rl_agent,4,1,"[4, 3, 0, 1]",3,16.063368904953016,15.0,1.0633689049530162,0.0,True,0.05,1500,5.680028959073188,0.4319971040926812
1417,29,rl_agent,12,5,"[12, 7, 1, 2, 5]",4,36.40842750531529,35.0,1.408427505315288,0.0,True,0.05,1500,3.8350973046024777,0.6164902695397523
1418,29,rl_agent,12,1,"[12, 7, 1]",2,21.341265296767336,20.75,0.591265296767336,0.0,True,0.05,1500,5.495598250990303,0.45044017490096966
1419,29,rl_agent,11,4,"[11, 6, 5, 4]",3,22.720377932843864,21.25,1.4703779328438635,0.0,True,0.05,1500,4.3190533891618905,0.5680946610838109
1420,29,rl_agent,5,7,"[5, 4, 9, 8, 7]",4,23.187348871179683,21.65,1.5373488711796846,0.0,True,0.05,1500,5.360923153762033,0.4639076846237967
1421,29,rl_agent,9,6,"[9, 4, 5, 6]",3,22.277194796290736,20.75,1.5271947962907362,0.0,True,0.05,1500,4.269053389161891,0.5730946610838109
1422,29,rl_agent,1,13,"[1, 7, 8, 9, 13]",4,28.450754629512335,26.4,2.050754629512337,0.0,True,0.05,1500,3.5221452483018982,0.6477854751698102
1423,29,rl_agent,0,13,"[0, 3, 8, 9, 13]",4,29.349723501865686,27.0,2.349723501865686,0.0,True,0.05,1500,3.4721452483018984,0.6527854751698101
1424,29,rl_agent,9,5,"[9, 4, 5]",2,15.623363235269647,14.75,0.8733632352696468,0.0,True,0.05,1500,5.260923153762033,0.4739076846237967
1425,29,rl_agent,2,1,"[2, 0, 1]",2,17.54446687297311,16.0,1.5444668729731106,8.180421337322663e-05,True,0.05,1500,2.939327192237406,0.7060672807762594
1426,29,rl_agent,9,13,"[9, 13]",1,5.4610718240206335,4.5,0.9610718240206335,0.0,True,0.05,1500,3.4221452483018986,0.6577854751698101
1427,29,rl_agent,3,2,"[3, 0, 2]",2,16.626559374959125,15.0,1.6265593749591254,0.0002721882306234713,True,0.05,1500,2.889327192237406,0.7110672807762594
1428,29,rl_agent,13,4,"[13, 9, 4]",2,16.91429325122221,15.5,1.4142932512222117,0.0,True,0.05,1500,3.3721452483018988,0.6627854751698101
1429,29,rl_agent,5,4,"[5, 4]",1,4.209522881543598,3.75,0.4595228815435979,0.0,True,0.05,1500,5.2109231537620335,0.4789076846237966
1430,29,rl_agent,6,9,"[6, 5, 6]",2,13.398626034868387,12.0,1.3986260348683874,0.0,False,0.05,1500,4.169053389161891,0.5830946610838109
1431,29,rl_agent,11,3,"[11, 6, 5, 2, 0, 3]",5,46.596604190080384,43.0,3.5966041900803845,0.0005736833589847778,True,0.05,1500,2.8393271922374064,0.7160672807762594
1432,29,rl_agent,10,12,"[10, 11, 12]",2,4.592268451901948,3.75,0.8422684519019477,0.0,True,0.05,1500,4.854901943144781,0.514509805685522
1433,29,rl_agent,1,7,"[1, 7]",1,15.426681299720991,15.0,0.42668129972099145,0.0,True,0.05,1500,5.395598250990304,0.4604401749009696
1434,29,rl_agent,9,4,"[9, 4]",1,11.440317190491962,11.0,0.44031719049196205,0.0,True,0.05,1500,5.317354665593285,0.4682645334406715
1435,29,rl_agent,3,9,"[3, 8, 9]",2,18.04261059857477,17.0,1.0426105985747682,0.0,True,0.05,1500,4.317056699726999,0.5682943300273001
1436,29,rl_agent,1,12,"[1, 7, 8, 12]",3,23.9582530798002,21.4,2.5582530798002026,0.01418930352055836,True,0.05,1500,2.2009263748407637,0.7799073625159236
1437,29,rl_agent,12,0,"[12, 7, 1, 0]",3,28.23087319085054,27.25,0.9808731908505415,0.0,True,0.05,1500,5.295598250990304,0.47044017490096957
1438,29,rl_agent,13,8,"[13, 9, 8]",2,10.897357360778376,9.5,1.3973573607783756,0.0,True,0.05,1500,3.322145248301899,0.6677854751698101
1439,29,rl_agent,1,11,"[1, 2, 5, 10, 11]",4,25.61425150520457,23.75,1.864251505204571,0.0,True,0.05,1500,3.735097304602478,0.6264902695397522
1440,29,rl_agent,11,0,"[11, 6, 5, 2, 0]",4,40.7828905147709,37.5,3.282890514770898,0.0009862895984572573,True,0.05,1500,2.7893271922374065,0.7210672807762594
1441,29,rl_agent,13,9,"[13, 9]",1,5.5280495273230255,4.5,1.0280495273230255,0.0,True,0.05,1500,3.272145248301899,0.6727854751698101
1442,29,rl_agent,7,3,"[7, 1, 0, 3]",3,28.22345184855479,27.0,1.2234518485547916,0.0,True,0.05,1500,5.245598250990304,0.47544017490096957
1443,29,rl_agent,6,12,"[6, 11, 12]",2,14.203604494220146,13.25,0.953604494220146,0.0,True,0.05,1500,4.804901943144781,0.5195098056855219
1444,29,rl_agent,2,13,"[2, 5, 6, 5]",3,24.89497143650128,22.5,2.3949714365012795,0.0,False,0.05,1500,3.6350973046024784,0.6364902695397522
1445,29,rl_agent,8,1,"[8, 3, 0, 1]",3,25.457864123000245,24.0,1.4578641230002454,0.0,True,0.05,1500,4.267056699726999,0.5732943300273001
1446,29,rl_agent,3,2,"[3, 0, 2]",2,16.754628739983932,15.0,1.7546287399839322,0.0015100069490407986,True,0.05,1500,2.7393271922374067,0.7260672807762594
1447,29,rl_agent,8,11,"[8, 12, 11]",2,8.626126194611187,6.25,2.376126194611187,0.01602057824313441,True,0.05,1500,2.150926374840764,0.7849073625159236
1448,29,rl_agent,0,1,"[0, 1]",1,6.872843471293311,6.5,0.37284347129331064,0.0,True,0.05,1500,5.728403962959581,0.42715960370404193
1449,29,rl_agent,6,2,"[6, 5, 2]",2,18.170480577028496,16.5,1.6704805770284956,0.0,True,0.05,1500,3.5850973046024786,0.6414902695397522
1450,30,rl_agent,2,5,"[2, 5]",1,10.85590452765582,10.5,0.35590452765582015,0.0,True,0.05,1500,5.841773046456668,0.41582269535433325
1451,30,rl_agent,0,6,"[0, 3, 4, 5, 6]",4,20.82247311307293,18.25,2.572473113072931,0.00015579163266221663,True,0.05,1500,2.916270534040888,0.7083729465959112
1452,30,rl_agent,4,10,"[4, 5, 10]",2,12.231525365166473,11.25,0.9815253651664726,0.0,True,0.05,1500,4.768886860055981,0.5231113139944019
1453,30,rl_agent,10,8,"[10, 11, 10]",2,5.9430197440858255,4.0,1.9430197440858255,0.0,False,0.05,1500,3.3978705104155678,0.6602129489584432
1454,30,rl_agent,8,13,"[8, 9, 13]",2,11.266222910564231,9.5,1.766222910564231,0.0016241961810806727,True,0.05,1500,2.729650544389986,0.7270349455610015
1455,30,rl_agent,5,1,"[5, 2, 0, 1]",3,27.753861981957197,26.5,1.253861981957197,0.0,True,0.05,1500,4.582939305721436,0.5417060694278564
1456,30,rl_agent,13,12,"[13, 10, 11, 12]",3,7.599572237962404,5.5,2.0995722379624038,0.0,True,0.05,1500,3.347870510415568,0.6652129489584432
1457,30,rl_agent,1,0,"[1, 0]",1,6.806010182294424,6.5,0.30601018229442367,0.0,True,0.05,1500,6.2033955771709755,0.37966044228290247
1458,30,rl_agent,0,12,"[0, 3, 8, 12]",3,24.76172672048781,22.0,2.761726720487811,0.00039741266812687304,True,0.05,1500,2.866270534040888,0.7133729465959112
1459,30,rl_agent,7,5,"[7, 1, 2, 5]",3,30.13256280671918,29.25,0.8825628067191786,0.0,True,0.05,1500,5.149707094999391,0.48502929050006094
1460,30,rl_agent,13,5,"[13, 9, 4, 5]",3,21.362152485526433,19.25,2.1121524855264333,0.0022805283046585245,True,0.05,1500,2.679650544389986,0.7320349455610013
1461,30,rl_agent,0,12,"[0, 3, 8, 12]",3,24.82537269107747,22.0,2.825372691077469,0.0007501448147027023,True,0.05,1500,2.8162705340408882,0.7183729465959112
1462,30,rl_agent,1,10,"[1, 2, 5, 10]",3,22.731796247935705,21.75,0.981796247935705,0.0,True,0.05,1500,4.7188868600559815,0.5281113139944018
1463,30,rl_agent,7,9,"[7, 8, 9]",2,7.699892173779505,6.9,0.7998921737795044,0.0,True,0.05,1500,5.30053147478911,0.46994685252108903
1464,30,rl_agent,9,10,"[9, 8, 12, 11, 10]",4,16.079959862055773,13.25,2.829959862055773,0.0,True,0.05,1500,3.297870510415568,0.6702129489584432
1465,30,rl_agent,8,9,"[8, 9]",1,5.461440195918199,5.0,0.4614401959181986,0.0,True,0.05,1500,5.20053147478911,0.479946852521089
1466,30,rl_agent,9,4,"[9, 4]",1,11.310909669140589,11.0,0.3109096691405888,0.0,True,0.05,1500,6.165914885808499,0.38340851141915
1467,30,rl_agent,8,10,"[8, 12, 11, 10]",3,10.680952050969864,8.25,2.4309520509698643,0.0,True,0.05,1500,3.2478705104155683,0.6752129489584432
1468,30,rl_agent,8,13,"[8, 9, 13]",2,11.37216693152573,9.5,1.8721669315257294,0.0030479715393474383,True,0.05,1500,2.6296505443899862,0.7370349455610014
1469,30,rl_agent,7,5,"[7, 1, 2, 5]",3,30.16343107550037,29.25,0.9134310755003696,0.0,True,0.05,1500,5.099707094999391,0.4900292905000609
1470,30,rl_agent,2,10,"[2, 5, 10]",2,18.965089843647597,18.0,0.965089843647597,0.0,True,0.05,1500,4.668886860055982,0.5331113139944018
1471,30,rl_agent,13,2,"[13, 9, 4, 5, 2]",4,32.35883041374385,29.75,2.6088304137438527,0.003926525885147414,True,0.05,1500,2.5796505443899864,0.7420349455610014
1472,30,rl_agent,6,4,"[6, 5, 4]",2,10.792991706426896,9.75,1.0429917064268963,0.0,True,0.05,1500,4.616554889569665,0.5383445110430335
1473,30,rl_agent,9,1,"[9, 4, 3, 0, 1]",4,28.31388454383192,26.0,2.3138845438319215,0.0012139880723895935,True,0.05,1500,2.7662705340408884,0.7233729465959111
1474,30,rl_agent,8,12,"[8, 12]",1,5.513191151912447,4.5,1.013191151912447,0.0,True,0.05,1500,3.3042752025616515,0.6695724797438348
1475,30,rl_agent,0,4,"[0, 3, 4]",2,10.217946239155287,8.5,1.717946239155287,0.0017889424411876576,True,0.05,1500,2.7162705340408886,0.7283729465959111
1476,30,rl_agent,5,13,"[5, 6, 5]",2,13.214076933525941,12.0,1.2140769335259414,0.0,False,0.05,1500,4.516554889569665,0.5483445110430335
1477,30,rl_agent,1,8,"[1, 7, 8]",2,17.75414784864119,16.9,0.8541478486411904,0.0,True,0.05,1500,5.049707094999391,0.4950292905000609
1478,30,rl_agent,10,4,"[10, 5, 4]",2,12.301748920739533,11.25,1.0517489207395325,0.0,True,0.05,1500,4.618886860055982,0.5381113139944018
1479,30,rl_agent,9,12,"[9, 13, 10, 11, 12]",4,13.685413131521607,10.0,3.6854131315216065,0.004916191342058562,True,0.05,1500,2.5296505443899866,0.7470349455610014
1480,30,rl_agent,12,7,"[12, 7]",1,5.960226114171091,5.75,0.21022611417109083,0.0,True,0.05,1500,7.040011483998343,0.2959988516001656
1481,30,rl_agent,8,13,"[8, 9, 13]",2,11.496703164182986,9.5,1.9967031641829855,0.006016967910080884,True,0.05,1500,2.4796505443899868,0.7520349455610014
1482,30,rl_agent,3,12,"[3, 8, 12]",2,18.151224264448373,16.5,1.6512242644483734,0.0,True,0.05,1500,3.2542752025616517,0.6745724797438348
1483,30,rl_agent,1,13,"[1, 7, 8, 9, 13]",4,29.3194837967769,26.4,2.919483796776902,0.007228855589214156,True,0.05,1500,2.429650544389987,0.7570349455610013
1484,30,rl_agent,2,3,"[2, 0, 3]",2,16.97831562221991,15.0,1.9783156222199096,0.0024750079210967835,True,0.05,1500,2.6662705340408888,0.7333729465959111
1485,30,rl_agent,12,11,"[12, 11]",1,2.1673751028869876,1.75,0.41737510288698765,0.0,True,0.05,1500,5.450333221672307,0.45496667783276934
1486,30,rl_agent,10,1,"[10, 5, 2, 0, 1]",4,35.939367008451214,34.0,1.9393670084512138,0.0,True,0.05,1500,4.482939305721437,0.5517060694278564
1487,30,rl_agent,5,10,"[5, 10]",1,8.106467179826241,7.5,0.6064671798262413,0.0,True,0.05,1500,4.518886860055982,0.5481113139944018
1488,30,rl_agent,3,5,"[3, 4, 5]",2,7.613672859947645,6.75,0.8636728599476449,0.0,True,0.05,1500,5.108696895935862,0.48913031040641386
1489,30,rl_agent,3,5,"[3, 4, 5]",2,7.631247810720609,6.75,0.881247810720609,0.0,True,0.05,1500,5.058696895935862,0.4941303104064138
1490,30,rl_agent,13,5,"[13, 9, 4, 5]",3,21.680541269066936,19.25,2.4305412690669357,0.008551854379458712,True,0.05,1500,2.379650544389987,0.7620349455610013
1491,30,rl_agent,13,0,"[13, 9, 4, 3, 0]",4,27.796351035208513,24.0,3.796351035208513,0.013225472875272981,True,0.05,1500,2.3296505443899873,0.7670349455610013
1492,30,rl_agent,6,4,"[6, 5, 4]",2,10.877760425576803,9.75,1.1277604255768026,0.0,True,0.05,1500,4.466554889569665,0.5533445110430335
1493,30,rl_agent,7,0,"[7, 1, 0]",2,22.336143480270234,21.5,0.8361434802702341,0.0,True,0.05,1500,4.9497070949993915,0.5050292905000608
1494,30,rl_agent,5,1,"[5, 2, 0, 1]",3,27.879599967529824,26.5,1.379599967529824,0.0,True,0.05,1500,4.432939305721437,0.5567060694278563
1495,30,rl_agent,5,10,"[5, 10]",1,8.118846853047733,7.5,0.6188468530477333,0.0,True,0.05,1500,4.468886860055982,0.5531113139944017
1496,30,rl_agent,7,6,"[7, 1, 2, 5, 6]",4,36.879654057508674,35.25,1.6296540575086738,0.0,True,0.05,1500,4.416554889569666,0.5583445110430334
1497,30,rl_agent,11,1,"[11, 6, 5, 2, 0, 1]",5,46.50110611408135,44.0,2.5011061140813524,0.0,True,0.05,1500,4.366554889569666,0.5633445110430334
1498,30,rl_agent,4,1,"[4, 3, 0, 1]",3,17.204407345130228,15.0,2.204407345130228,0.004180472214248332,True,0.05,1500,2.566270534040889,0.7433729465959111
1499,30,rl_agent,1,10,"[1, 2, 5, 10]",3,22.879150479294253,21.75,1.1291504792942533,0.0,True,0.05,1500,4.4188868600559825,0.5581113139944017
1500,31,rl_agent,5,2,"[5, 2]",1,10.837545824260179,10.5,0.33754582426017876,0.0,True,0.05,1500,5.969822611696022,0.4030177388303978
1501,31,rl_agent,11,3,"[11, 6, 5, 2, 0, 3]",5,45.75493759960401,43.0,2.7549375996040126,0.0,True,0.05,1500,3.304979268797263,0.6695020731202737
1502,31,rl_agent,12,3,"[12, 7, 1, 0, 3]",4,35.43355696027573,32.75,2.6835569602757303,0.0,True,0.05,1500,3.254979268797263,0.6745020731202737
1503,31,rl_agent,7,1,"[7, 1]",1,15.56096616377394,15.0,0.5609661637739407,0.0,True,0.05,1500,4.712685635717735,0.5287314364282265
1504,31,rl_agent,6,5,"[6, 5]",1,6.5770691778584505,6.0,0.5770691778584505,0.0,True,0.05,1500,4.64222735436693,0.535777264563307
1505,31,rl_agent,12,3,"[12, 7, 1, 0, 3]",4,35.503912566863555,32.75,2.753912566863555,0.0,True,0.05,1500,3.2049792687972634,0.6795020731202737
1506,31,rl_agent,10,9,"[10, 11, 12, 7, 8, 9]",5,33.894647942453325,16.4,17.494647942453327,0.16110703735998388,True,0.05,1500,0.3074516380946335,0.9692548361905367
1507,31,rl_agent,13,6,"[13, 9, 4, 5, 6]",4,28.86833274278133,25.25,3.6183327427813303,0.011875321006023731,True,0.05,1500,2.2689805438491613,0.7731019456150838
1508,31,rl_agent,8,3,"[8, 3]",1,13.65805497404066,12.0,1.6580549740406596,0.010369423805168032,True,0.05,1500,2.316901126312918,0.7683098873687082
1509,31,rl_agent,3,1,"[3, 0, 1]",2,13.952071785964684,12.0,1.9520717859646837,0.0,True,0.05,1500,3.1549792687972635,0.6845020731202737
1510,31,rl_agent,11,6,"[11, 6]",1,11.803712766561405,11.5,0.30371276656140545,0.0,True,0.05,1500,6.221128004961193,0.3778871995038807
1511,31,rl_agent,13,10,"[13, 10]",1,2.659147884221559,1.75,0.909147884221559,0.0,True,0.05,1500,3.5482436272202174,0.6451756372779782
1512,31,rl_agent,4,10,"[4, 5, 10]",2,12.714163380881583,11.25,1.4641633808815833,0.0,True,0.05,1500,4.0122489377328705,0.5987751062267129
1513,31,rl_agent,11,2,"[11, 6, 5, 2]",3,29.26282067836728,28.0,1.2628206783672802,0.0,True,0.05,1500,4.54222735436693,0.545777264563307
1514,31,rl_agent,12,6,"[12, 7, 1, 2, 5, 6]",5,42.949944616177206,41.0,1.9499446161772056,0.0,True,0.05,1500,4.49222735436693,0.550777264563307
1515,31,rl_agent,7,11,"[7, 8, 12, 11]",3,9.597218592508039,8.15,1.4472185925080385,0.0,True,0.05,1500,4.686711192078269,0.5313288807921731
1516,31,rl_agent,5,10,"[5, 10]",1,8.232997140366782,7.5,0.7329971403667823,0.0,True,0.05,1500,4.055159445473358,0.5944840554526641
1517,31,rl_agent,9,13,"[9, 13]",1,6.253286994272935,4.5,1.7532869942729352,0.013555364241914503,True,0.05,1500,2.2189805438491614,0.7781019456150838
1518,31,rl_agent,13,11,"[13, 10, 11]",2,23.600411947294567,3.75,19.850411947294567,0.16714603371977366,True,0.05,1500,0.2574516380946328,0.9742548361905368
1519,31,rl_agent,12,13,"[12, 11, 12]",2,4.458663929564385,3.5,0.9586639295643851,0.0,False,0.05,1500,5.105521089686907,0.48944789103130926
1520,31,rl_agent,3,7,"[3, 8, 7]",2,16.034047833279676,13.9,2.1340478332796753,0.011942976857805987,True,0.05,1500,2.266901126312918,0.7733098873687082
1521,31,rl_agent,9,4,"[9, 4]",1,11.607182652662162,11.0,0.6071826526621624,0.0,True,0.05,1500,4.515966708815173,0.5484033291184827
1522,31,rl_agent,9,8,"[9, 8]",1,5.602418112400824,5.0,0.6024181124008239,0.0,True,0.05,1500,4.535484262963623,0.5464515737036377
1523,31,rl_agent,0,6,"[0, 3, 4, 5, 6]",4,21.200265103786087,18.25,2.950265103786087,0.0,True,0.05,1500,3.1049792687972637,0.6895020731202737
1524,31,rl_agent,12,4,"[12, 7, 1, 2, 5, 4]",5,40.89421142681596,38.75,2.144211426815957,0.0,True,0.05,1500,3.912248937732871,0.6087751062267129
1525,31,rl_agent,4,3,"[4, 3]",1,3.4616366770863634,3.0,0.46163667708636336,0.0,True,0.05,1500,5.199468904565249,0.48005310954347513
1526,31,rl_agent,12,10,"[12, 11, 10]",2,27.841020713672684,3.75,24.091020713672684,0.1732961411906745,True,0.05,1500,0.20745163809463207,0.9792548361905368
1527,31,rl_agent,9,8,"[9, 8]",1,5.61470684253308,5.0,0.6147068425330797,0.0,True,0.05,1500,4.485484262963623,0.5514515737036377
1528,31,rl_agent,13,10,"[13, 10]",1,2.700013554880611,1.75,0.950013554880611,0.0,True,0.05,1500,3.4482436272202177,0.6551756372779782
1529,31,rl_agent,12,5,"[12, 7, 1, 2, 5]",4,36.395975669310914,35.0,1.3959756693109142,0.0,True,0.05,1500,4.512685635717736,0.5487314364282264
1530,31,rl_agent,13,6,"[13, 9, 4, 5, 6]",4,29.10776599961359,25.25,3.8577659996135907,0.015346518588916336,True,0.05,1500,2.1689805438491616,0.7831019456150838
1531,31,rl_agent,3,13,"[3, 8, 9, 13]",3,25.742298420926282,21.5,4.242298420926282,0.030641364831533124,True,0.05,1500,2.118980543849162,0.7881019456150838
1532,31,rl_agent,5,3,"[5, 2, 0, 3]",3,27.56390115074219,25.5,2.06390115074219,0.0,True,0.05,1500,3.054979268797264,0.6945020731202736
1533,31,rl_agent,11,4,"[11, 6, 5, 4]",3,23.029887461505684,21.25,1.7798874615056839,0.0,True,0.05,1500,3.812248937732871,0.6187751062267128
1534,31,rl_agent,12,3,"[12, 7, 1, 0, 3]",4,35.72424911455908,32.75,2.974249114559079,0.0,True,0.05,1500,3.004979268797264,0.6995020731202736
1535,31,rl_agent,13,5,"[13, 9, 4, 5]",3,22.627896362334543,19.25,3.3778963623345426,0.01926216061625341,True,0.05,1500,2.068980543849162,0.7931019456150838
1536,31,rl_agent,8,5,"[8, 3, 4, 5]",3,21.87530896480781,18.75,3.125308964807811,0.015423416296415193,True,0.05,1500,2.1669011263129185,0.7833098873687081
1537,31,rl_agent,4,13,"[4, 9, 13]",2,18.12171910862036,15.5,2.6217191086203613,0.02138664829658854,True,0.05,1500,2.018980543849162,0.7981019456150837
1538,31,rl_agent,6,10,"[6, 11, 10]",2,39.17453742076766,13.5,25.674537420767663,0.1795573597726866,True,0.05,1500,0.15745163809463136,0.9842548361905369
1539,31,rl_agent,4,9,"[4, 9]",1,11.658489010072232,11.0,0.6584890100722323,0.0,True,0.05,1500,4.315966708815174,0.5684033291184826
1540,31,rl_agent,2,3,"[2, 0, 3]",2,16.748469642737437,15.0,1.7484696427374367,4.504147195616426e-05,True,0.05,1500,2.9549792687972642,0.7045020731202736
1541,31,rl_agent,9,5,"[9, 4, 5]",2,16.28734858326802,14.75,1.5373485832680203,0.0,True,0.05,1500,3.6622489377328717,0.6337751062267128
1542,31,rl_agent,4,1,"[4, 3, 0, 1]",3,17.607392256515837,15.0,2.607392256515837,0.00020064309685119408,True,0.05,1500,2.9049792687972644,0.7095020731202736
1543,31,rl_agent,13,2,"[13, 9, 4, 5, 2]",4,33.749239833431304,29.75,3.9992398334313037,0.023622247088034953,True,0.05,1500,1.9689805438491614,0.8031019456150839
1544,31,rl_agent,7,4,"[7, 1, 2, 5, 4]",4,35.05475322849991,33.0,2.054753228499912,0.0,True,0.05,1500,3.562248937732872,0.6437751062267127
1545,31,rl_agent,6,5,"[6, 5]",1,6.664896355015532,6.0,0.6648963550155322,0.0,True,0.05,1500,4.292227354366931,0.5707772645633069
1546,31,rl_agent,13,1,"[13, 9, 4, 3, 0, 1]",5,35.97303850388344,30.5,5.473038503883437,0.026424176079926975,True,0.05,1500,1.9189805438491607,0.808101945615084
1547,31,rl_agent,12,6,"[12, 7, 1, 2, 5, 6]",5,43.16498742798448,41.0,2.164987427984478,0.0,True,0.05,1500,4.242227354366931,0.5757772645633069
1548,31,rl_agent,9,0,"[9, 4, 3, 0]",3,21.997432047476554,19.5,2.497432047476554,0.0008451796799744393,True,0.05,1500,2.804979268797265,0.7195020731202735
1549,31,rl_agent,13,2,"[13, 9, 4, 5, 2]",4,33.99267082498376,29.75,4.242670824983762,0.028426778004260966,True,0.05,1500,1.86898054384916,0.813101945615084
1550,32,rl_agent,7,6,"[7, 1, 2, 5, 6]",4,36.87041167606945,35.25,1.6204116760694518,0.0,True,0.05,1500,4.821774834327967,0.5178225165672032
1551,32,rl_agent,2,11,"[2, 5, 10, 11]",3,22.091224729142105,20.0,2.0912247291421053,0.0004734700665404157,True,0.05,1500,2.854033726517674,0.7145966273482326
1552,32,rl_agent,3,2,"[3, 0, 2]",2,16.171925279424244,15.0,1.1719252794242436,0.0,True,0.05,1500,4.143399531017491,0.5856600468982509
1553,32,rl_agent,2,4,"[2, 5, 4]",2,15.297183696791588,14.25,1.0471836967915884,0.0,True,0.05,1500,4.6779009113665175,0.5322099088633483
1554,32,rl_agent,4,12,"[4, 9, 13, 10, 11, 12]",5,24.771632859417593,21.0,3.7716328594175934,0.000853395118723288,True,0.05,1500,2.804033726517674,0.7195966273482326
1555,32,rl_agent,13,12,"[13, 10, 11, 12]",3,7.668836092967456,5.5,2.1688360929674557,0.0013444312820174442,True,0.05,1500,2.754033726517674,0.7245966273482326
1556,32,rl_agent,6,9,"[6, 5, 6]",2,13.11784770576068,12.0,1.1178477057606795,0.0,False,0.05,1500,4.7217748343279675,0.5278225165672032
1557,32,rl_agent,7,3,"[7, 1, 0, 3]",3,29.020665790835906,27.0,2.0206657908359063,0.0,True,0.05,1500,3.6170544486590943,0.6382945551340906
1558,32,rl_agent,6,12,"[6, 11, 12]",2,13.818012885447708,13.25,0.5680128854477076,0.0,True,0.05,1500,6.364353615593101,0.3635646384406898
1559,32,rl_agent,3,0,"[3, 0]",1,6.236583217078671,5.5,0.736583217078671,0.0,True,0.05,1500,4.043399531017491,0.5956600468982509
1560,32,rl_agent,9,0,"[9, 4, 3, 0]",3,21.39063475084956,19.5,1.8906347508495607,0.0,True,0.05,1500,3.4782084543852356,0.6521791545614765
1561,32,rl_agent,3,9,"[3, 8, 9]",2,18.378709359898025,17.0,1.378709359898025,0.0,True,0.05,1500,3.382573462795963,0.6617426537204036
1562,32,rl_agent,6,1,"[6, 5, 2, 0, 1]",4,34.93456122653232,32.5,2.434561226532317,0.0,True,0.05,1500,3.5670544486590945,0.6432945551340905
1563,32,rl_agent,4,10,"[4, 5, 10]",2,12.208515738283786,11.25,0.9585157382837863,0.0,True,0.05,1500,4.627900911366518,0.5372099088633482
1564,32,rl_agent,7,2,"[7, 1, 2]",2,19.395864167995157,18.75,0.6458641679951569,0.0,True,0.05,1500,5.403473144592739,0.45965268554072614
1565,32,rl_agent,1,11,"[1, 2, 5, 10, 11]",4,26.208596323780313,23.75,2.458596323780313,0.0019465785564225513,True,0.05,1500,2.7040337265176744,0.7295966273482326
1566,32,rl_agent,1,5,"[1, 2, 5]",2,14.988978810761669,14.25,0.7389788107616688,0.0,True,0.05,1500,4.960759240047803,0.5039240759952197
1567,32,rl_agent,0,1,"[0, 1]",1,7.421644183503127,6.5,0.921644183503127,0.0,True,0.05,1500,3.5170544486590947,0.6482945551340905
1568,32,rl_agent,0,11,"[0, 3, 4, 5, 10, 11]",5,25.093875984880242,21.75,3.343875984880242,0.0026598369419388312,True,0.05,1500,2.6540337265176746,0.7345966273482325
1569,32,rl_agent,1,7,"[1, 7]",1,15.433973117068915,15.0,0.4339731170689145,0.0,True,0.05,1500,5.353473144592739,0.46465268554072614
1570,32,rl_agent,4,1,"[4, 3, 0, 1]",3,16.9373872611574,15.0,1.9373872611574008,0.0,True,0.05,1500,3.467054448659095,0.6532945551340905
1571,32,rl_agent,9,4,"[9, 4]",1,11.958487739741784,11.0,0.9584877397417841,0.0,True,0.05,1500,3.428208454385236,0.6571791545614765
1572,32,rl_agent,3,7,"[3, 8, 7]",2,15.76753011325924,13.9,1.8675301132592388,0.0,True,0.05,1500,3.3325734627959633,0.6667426537204036
1573,32,rl_agent,6,8,"[6, 5, 4, 9, 8]",4,28.32490274263839,25.75,2.5749027426383897,0.0,True,0.05,1500,3.378208454385236,0.6621791545614764
1574,32,rl_agent,7,0,"[7, 1, 0]",2,22.906026973587284,21.5,1.4060269735872843,0.0,True,0.05,1500,3.417054448659095,0.6582945551340905
1575,32,rl_agent,5,0,"[5, 2, 0]",2,21.00235766186951,20.0,1.0023576618695103,0.0,True,0.05,1500,4.9107592400478035,0.5089240759952196
1576,32,rl_agent,5,9,"[5, 6, 5]",2,13.211520999250776,12.0,1.2115209992507765,0.0,False,0.05,1500,4.521774834327968,0.5478225165672032
1577,32,rl_agent,0,8,"[0, 3, 8]",2,19.324126782360644,17.5,1.8241267823606435,0.0,True,0.05,1500,3.2825734627959635,0.6717426537204036
1578,32,rl_agent,5,3,"[5, 2, 0, 3]",3,27.340692464845972,25.5,1.8406924648459722,0.0,True,0.05,1500,3.793399531017492,0.6206600468982508
1579,32,rl_agent,6,1,"[6, 5, 2, 0, 1]",4,35.1463852817831,32.5,2.646385281783097,0.0,True,0.05,1500,3.367054448659095,0.6632945551340905
1580,32,rl_agent,6,4,"[6, 5, 4]",2,10.997362269110472,9.75,1.2473622691104715,0.0,True,0.05,1500,4.421774834327969,0.5578225165672032
1581,32,rl_agent,4,11,"[4, 5, 10, 11]",3,15.701171869774766,13.25,2.4511718697747664,0.003484206438566173,True,0.05,1500,2.6040337265176747,0.7395966273482325
1582,32,rl_agent,0,9,"[0, 3, 8, 9]",3,24.79950153483349,22.5,2.299501534833489,0.0,True,0.05,1500,3.2325734627959637,0.6767426537204037
1583,32,rl_agent,1,5,"[1, 2, 5]",2,15.036705199603755,14.25,0.7867051996037553,0.0,True,0.05,1500,4.760759240047804,0.5239240759952196
1584,32,rl_agent,12,7,"[12, 7]",1,6.000020764892848,5.75,0.25002076489284786,0.0,True,0.05,1500,6.666482094951502,0.3333517905048498
1585,32,rl_agent,1,9,"[1, 7, 8, 9]",3,23.663440381806378,21.9,1.7634403818063795,0.0,True,0.05,1500,3.6071412694330673,0.6392858730566933
1586,32,rl_agent,6,12,"[6, 11, 12]",2,13.83040340322437,13.25,0.5804034032243699,0.0,True,0.05,1500,6.314353615593102,0.3685646384406898
1587,32,rl_agent,6,3,"[6, 5, 2, 0, 3]",4,34.0729944883037,31.5,2.5729944883036993,0.0,True,0.05,1500,3.6933995310174925,0.6306600468982507
1588,32,rl_agent,8,13,"[8, 9, 13]",2,10.685108590264043,9.5,1.1851085902640435,0.0,True,0.05,1500,3.9970827684727954,0.6002917231527205
1589,32,rl_agent,8,12,"[8, 12]",1,4.920113652923957,4.5,0.4201136529239573,0.0,True,0.05,1500,5.4341113014798665,0.45658886985201336
1590,32,rl_agent,8,0,"[8, 3, 0]",2,19.443400333648675,17.5,1.9434003336486754,0.0,True,0.05,1500,3.182573462795964,0.6817426537204037
1591,32,rl_agent,7,5,"[7, 1, 2, 5]",3,30.52559966777016,29.25,1.2755996677701589,0.0,True,0.05,1500,4.660759240047804,0.5339240759952195
1592,32,rl_agent,8,3,"[8, 3]",1,13.096131761755165,12.0,1.0961317617551654,0.0,True,0.05,1500,3.132573462795964,0.6867426537204036
1593,32,rl_agent,12,1,"[12, 7, 1]",2,21.47590805950491,20.75,0.7259080595049099,0.0,True,0.05,1500,5.1534731445927395,0.48465268554072605
1594,32,rl_agent,12,6,"[12, 7, 1, 2, 5, 6]",5,43.229981826881236,41.0,2.229981826881236,0.0,True,0.05,1500,4.321774834327969,0.5678225165672031
1595,32,rl_agent,9,0,"[9, 4, 3, 0]",3,21.6098575799971,19.5,2.109857579997101,0.0,True,0.05,1500,3.328208454385236,0.6671791545614764
1596,32,rl_agent,9,3,"[9, 4, 3]",2,15.246496206389896,14.0,1.2464962063898959,0.0,True,0.05,1500,3.2782084543852363,0.6721791545614764
1597,32,rl_agent,5,4,"[5, 4]",1,4.392099855896304,3.75,0.642099855896304,0.0,True,0.05,1500,4.377900911366519,0.5622099088633481
1598,32,rl_agent,3,12,"[3, 8, 12]",2,18.050679725194783,16.5,1.550679725194783,0.0,True,0.05,1500,3.0825734627959642,0.6917426537204036
1599,32,rl_agent,10,1,"[10, 5, 2, 0, 1]",4,36.53826626618097,34.0,2.538266266180969,0.0,True,0.05,1500,3.3170544486590954,0.6682945551340904
1600,33,rl_agent,3,5,"[3, 4, 5]",2,7.373827067321576,6.75,0.6238270673215762,0.0,True,0.05,1500,5.301430088720625,0.46985699112793744
1601,33,rl_agent,8,6,"[8, 9, 4, 5, 6]",4,28.09685152744573,25.75,2.346851527445729,0.0,True,0.05,1500,3.1113419021795634,0.6888658097820437
1602,33,rl_agent,4,9,"[4, 9]",1,12.133270689706427,11.0,1.1332706897064266,0.0,True,0.05,1500,3.0613419021795636,0.6938658097820436
1603,33,rl_agent,11,9,"[11, 12, 7, 8, 9]",4,15.979037630677883,14.4,1.5790376306778828,0.0,True,0.05,1500,3.671309652961238,0.6328690347038762
1604,33,rl_agent,11,2,"[11, 6, 5, 2]",3,29.219623424106928,28.0,1.2196234241069277,0.0,True,0.05,1500,4.864955177068985,0.5135044822931014
1605,33,rl_agent,12,3,"[12, 7, 1, 0, 3]",4,34.0963873163699,32.75,1.3463873163698992,0.0,True,0.05,1500,4.976290474226866,0.5023709525773133
1606,33,rl_agent,6,10,"[6, 11, 10]",2,14.951877015529636,13.5,1.4518770155296359,0.0,True,0.05,1500,3.1080942973100267,0.6891905702689973
1607,33,rl_agent,3,4,"[3, 4]",1,3.1853504066698672,3.0,0.18535040666986724,0.0,True,0.05,1500,7.2955380945859645,0.2704461905414036
1608,33,rl_agent,10,4,"[10, 5, 4]",2,12.035896357874773,11.25,0.7858963578747726,0.0,True,0.05,1500,5.201430088720626,0.47985699112793745
1609,33,rl_agent,7,2,"[7, 1, 2]",2,19.092596474199105,18.75,0.3425964741991052,0.0,True,0.05,1500,6.658504319945609,0.33414956800543905
1610,33,rl_agent,12,1,"[12, 7, 1]",2,21.211415983433007,20.75,0.4614159834330067,0.0,True,0.05,1500,6.6085043199456095,0.33914956800543905
1611,33,rl_agent,12,6,"[12, 7, 1, 2, 5, 6]",5,42.468943601913224,41.0,1.4689436019132245,0.0,True,0.05,1500,4.814955177068986,0.5185044822931014
1612,33,rl_agent,4,0,"[4, 3, 0]",2,9.205042352503007,8.5,0.705042352503007,0.0,True,0.05,1500,4.9262904742268665,0.5073709525773133
1613,33,rl_agent,11,3,"[11, 6, 5, 2, 0, 3]",5,45.90186316204237,43.0,2.9018631620423676,0.0,True,0.05,1500,3.112975553180653,0.6887024446819348
1614,33,rl_agent,10,8,"[10, 11, 10]",2,6.324363870156082,4.0,2.3243638701560823,0.0,False,0.05,1500,3.008094297310027,0.6991905702689973
1615,33,rl_agent,4,9,"[4, 9]",1,12.16038934216705,11.0,1.1603893421670506,0.0,True,0.05,1500,3.0113419021795638,0.6988658097820436
1616,33,rl_agent,5,1,"[5, 2, 0, 1]",3,28.415213954632232,26.5,1.9152139546322324,0.0,True,0.05,1500,3.062975553180653,0.6937024446819346
1617,33,rl_agent,7,12,"[7, 12]",1,5.964892471897531,5.75,0.2148924718975307,0.0,True,0.05,1500,6.994058822200991,0.3005941177799009
1618,33,rl_agent,0,2,"[0, 2]",1,10.659489070437939,9.5,1.1594890704379388,0.0,True,0.05,1500,3.0129755531806532,0.6987024446819347
1619,33,rl_agent,2,11,"[2, 5, 10, 11]",3,21.907826589274098,20.0,1.907826589274098,3.9024175954249785e-05,True,0.05,1500,2.9580942973100273,0.7041905702689972
1620,33,rl_agent,11,0,"[11, 6, 5, 2, 0]",4,39.99957700169044,37.5,2.49957700169044,3.0462436939493465e-05,True,0.05,1500,2.9629755531806534,0.7037024446819347
1621,33,rl_agent,3,11,"[3, 4, 5, 10, 11]",4,18.473268706981465,16.25,2.2232687069814645,0.00018770351526531392,True,0.05,1500,2.9080942973100274,0.7091905702689972
1622,33,rl_agent,5,11,"[5, 10, 11]",2,11.0949572280919,9.5,1.5949572280919,0.00044749396568743993,True,0.05,1500,2.8580942973100276,0.7141905702689972
1623,33,rl_agent,11,8,"[11, 10, 11]",2,6.625691844456881,4.0,2.625691844456881,0.002599125338243913,False,0.05,1500,2.758094297310028,0.7241905702689972
1624,33,rl_agent,6,3,"[6, 5, 2, 0, 3]",4,34.22632798952889,31.5,2.7263279895288903,0.0001682945409825498,True,0.05,1500,2.9129755531806536,0.7087024446819347
1625,33,rl_agent,9,11,"[9, 8, 12, 11]",3,12.283556539346465,11.25,1.0335565393464652,0.0,True,0.05,1500,5.001145435630296,0.49988545643697047
1626,33,rl_agent,9,0,"[9, 4, 3, 0]",3,21.434998619802606,19.5,1.934998619802606,3.320996726874359e-05,True,0.05,1500,2.961341902179564,0.7038658097820436
1627,33,rl_agent,8,4,"[8, 7, 1, 2, 5, 4]",5,37.038088663416886,34.9,2.1380886634168874,0.0,True,0.05,1500,3.621309652961238,0.6378690347038762
1628,33,rl_agent,3,11,"[3, 4, 5, 10, 11]",4,18.64355383312024,16.25,2.39355383312024,0.0018935319836206332,True,0.05,1500,2.708094297310028,0.7291905702689971
1629,33,rl_agent,8,4,"[8, 7, 1, 2, 5, 4]",5,37.09493220939853,34.9,2.19493220939853,0.0,True,0.05,1500,3.5713096529612383,0.6428690347038761
1630,33,rl_agent,3,11,"[3, 4, 5, 10, 11]",4,18.71060966341124,16.25,2.4606096634112404,0.0025977668784872288,True,0.05,1500,2.6580942973100283,0.7341905702689971
1631,33,rl_agent,6,2,"[6, 5, 2]",2,17.51058032400574,16.5,1.0105803240057405,0.0,True,0.05,1500,4.614955177068986,0.5385044822931013
1632,33,rl_agent,0,5,"[0, 3, 4, 5]",3,13.542763865470587,12.25,1.2927638654705866,0.0,True,0.05,1500,4.726290474226867,0.5273709525773133
1633,33,rl_agent,4,6,"[4, 5, 6]",2,10.87592494799496,9.75,1.1259249479949602,0.0,True,0.05,1500,4.5649551770689865,0.5435044822931013
1634,33,rl_agent,6,3,"[6, 5, 2, 0, 3]",4,34.35891165544188,31.5,2.8589116554418794,0.000417237756136668,True,0.05,1500,2.8629755531806538,0.7137024446819347
1635,33,rl_agent,3,0,"[3, 0]",1,6.080779520407349,5.5,0.5807795204073489,0.0,True,0.05,1500,4.626290474226868,0.5373709525773133
1636,33,rl_agent,3,5,"[3, 4, 5]",2,7.5112430381960715,6.75,0.7612430381960715,0.0,True,0.05,1500,4.801430088720627,0.5198569911279373
1637,33,rl_agent,11,12,"[11, 12]",1,2.0070140297994015,1.75,0.25701402979940147,0.0,True,0.05,1500,6.6048974037177794,0.33951025962822207
1638,33,rl_agent,8,9,"[8, 9]",1,5.288629897448502,5.0,0.2886298974485024,0.0,True,0.05,1500,6.34010962071914,0.36598903792808596
1639,33,rl_agent,3,4,"[3, 4]",1,3.225106573470423,3.0,0.22510657347042295,0.0,True,0.05,1500,6.895538094585966,0.31044619054140343
1640,33,rl_agent,4,3,"[4, 3]",1,3.2304027719828814,3.0,0.2304027719828814,0.0,True,0.05,1500,6.845538094585965,0.31544619054140344
1641,33,rl_agent,3,1,"[3, 0, 1]",2,13.005370627977722,12.0,1.0053706279777224,0.0,True,0.05,1500,4.576290474226868,0.5423709525773133
1642,33,rl_agent,0,6,"[0, 3, 4, 5, 6]",4,20.262581075463913,18.25,2.0125810754639133,0.0,True,0.05,1500,4.464955177068987,0.5535044822931013
1643,33,rl_agent,5,9,"[5, 6, 5]",2,13.290974269915614,12.0,1.2909742699156137,0.0,False,0.05,1500,4.364955177068987,0.5635044822931012
1644,33,rl_agent,3,2,"[3, 0, 2]",2,16.894473554929917,15.0,1.8944735549299168,0.0007772920824018481,True,0.05,1500,2.812975553180654,0.7187024446819346
1645,33,rl_agent,1,11,"[1, 2, 5, 10, 11]",4,26.085337534050666,23.75,2.335337534050666,0.003413112884464886,True,0.05,1500,2.6080942973100285,0.7391905702689971
1646,33,rl_agent,5,12,"[5, 10, 11, 12]",3,13.342506827820944,11.25,2.0925068278209444,0.004339570001553716,True,0.05,1500,2.5580942973100287,0.7441905702689972
1647,33,rl_agent,3,5,"[3, 4, 5]",2,7.554736901050581,6.75,0.8047369010505809,0.0,True,0.05,1500,4.7014300887206275,0.5298569911279373
1648,33,rl_agent,6,8,"[6, 5, 4, 9, 8]",4,28.49601861485651,25.75,2.74601861485651,0.00017467240686974694,True,0.05,1500,2.911341902179564,0.7088658097820436
1649,33,rl_agent,3,7,"[3, 8, 7]",2,15.34336188846407,13.9,1.4433618884640698,0.0,True,0.05,1500,3.5213096529612384,0.6478690347038761
1650,34,rl_agent,1,2,"[1, 2]",1,3.8925060207020055,3.75,0.14250602070200546,0.0,True,0.05,1500,7.7820282439329915,0.2217971756067009
1651,34,rl_agent,7,1,"[7, 1]",1,15.244081704475756,15.0,0.2440817044757555,0.0,True,0.05,1500,6.719692165422569,0.32803078345774306
1652,34,rl_agent,11,8,"[11, 10, 11]",2,7.118553348855178,4.0,3.118553348855178,0.0144867787068228,False,0.05,1500,2.4280370200326944,0.7571962979967306
1653,34,rl_agent,7,9,"[7, 8, 9]",2,7.724894235056036,6.9,0.8248942350560355,0.0,True,0.05,1500,5.007799644442804,0.4992200355557196
1654,34,rl_agent,13,4,"[13, 9, 4]",2,17.100612948863876,15.5,1.6006129488638763,7.432804769269552e-05,True,0.05,1500,2.9421660813521253,0.7057833918647874
1655,34,rl_agent,6,0,"[6, 5, 2, 0]",3,27.766869745365213,26.0,1.766869745365213,0.0,True,0.05,1500,3.431290003042749,0.6568709996957252
1656,34,rl_agent,12,2,"[12, 7, 1, 2]",3,25.104739704977863,24.5,0.6047397049778631,0.0,True,0.05,1500,6.669692165422569,0.33303078345774306
1657,34,rl_agent,7,6,"[7, 1, 2, 5, 6]",4,36.482557361896085,35.25,1.2325573618960846,0.0,True,0.05,1500,5.000296405439136,0.49997035945608637
1658,34,rl_agent,5,9,"[5, 6, 5]",2,13.040692883169351,12.0,1.040692883169351,0.0,False,0.05,1500,4.9002964054391365,0.5099703594560864
1659,34,rl_agent,11,6,"[11, 6]",1,12.11370616575537,11.5,0.6137061657553708,0.0,True,0.05,1500,4.489514518049519,0.5510485481950481
1660,34,rl_agent,5,13,"[5, 6, 5]",2,13.083204693082944,12.0,1.0832046930829442,0.0,False,0.05,1500,4.800296405439137,0.5199703594560863
1661,34,rl_agent,6,0,"[6, 5, 2, 0]",3,27.864602894856418,26.0,1.864602894856418,0.0,True,0.05,1500,3.381290003042749,0.661870999695725
1662,34,rl_agent,11,9,"[11, 12, 7, 8, 9]",4,15.784110211088919,14.4,1.3841102110889185,0.0,True,0.05,1500,4.9577996444428045,0.5042200355557196
1663,34,rl_agent,12,2,"[12, 7, 1, 2]",3,25.13480498011239,24.5,0.6348049801123885,0.0,True,0.05,1500,6.56969216542257,0.343030783457743
1664,34,rl_agent,1,2,"[1, 2]",1,3.9094541512029997,3.75,0.15945415120299966,0.0,True,0.05,1500,7.582028243932992,0.24179717560670083
1665,34,rl_agent,12,2,"[12, 7, 1, 2]",3,25.154540903484655,24.5,0.654540903484655,0.0,True,0.05,1500,6.51969216542257,0.348030783457743
1666,34,rl_agent,5,2,"[5, 2]",1,10.840313854750804,10.5,0.34031385475080356,0.0,True,0.05,1500,5.9501577556194825,0.40498422443805177
1667,34,rl_agent,1,0,"[1, 0]",1,6.882743827012243,6.5,0.3827438270122432,0.0,True,0.05,1500,5.664157422570853,0.43358425774291465
1668,34,rl_agent,8,1,"[8, 3, 0, 1]",3,27.95103823818139,24.0,3.9510382381813898,0.061194883081611695,True,0.05,1500,1.340551375103006,0.8659448624896994
1669,34,rl_agent,10,4,"[10, 5, 4]",2,11.857717542979707,11.25,0.6077175429797066,0.0,True,0.05,1500,6.006972081402003,0.3993027918597998
1670,34,rl_agent,11,7,"[11, 10, 11]",2,7.295464339248162,4.0,3.295464339248162,0.019967505681221964,False,0.05,1500,2.3280370200326947,0.7671962979967305
1671,34,rl_agent,10,8,"[10, 11, 10]",2,7.488255765091936,4.0,3.488255765091936,0.02631026519410362,False,0.05,1500,2.228037020032695,0.7771962979967305
1672,34,rl_agent,5,4,"[5, 4]",1,4.089352599219036,3.75,0.33935259921903604,0.0,True,0.05,1500,5.956972081402002,0.4043027918597998
1673,34,rl_agent,9,7,"[9, 8, 7]",2,7.759128268088855,6.9,0.8591282680888543,0.0,True,0.05,1500,4.907799644442805,0.5092200355557195
1674,34,rl_agent,5,1,"[5, 2, 0, 1]",3,28.24696368264498,26.5,1.7469636826449815,0.0,True,0.05,1500,3.3312900030427492,0.666870999695725
1675,34,rl_agent,0,1,"[0, 1]",1,6.906756847298868,6.5,0.4067568472988681,0.0,True,0.05,1500,5.514157422570854,0.4485842577429146
1676,34,rl_agent,1,0,"[1, 0]",1,6.915054163583656,6.5,0.41505416358365643,0.0,True,0.05,1500,5.464157422570854,0.4535842577429146
1677,34,rl_agent,13,10,"[13, 10]",1,2.099002492579979,1.75,0.34900249257997906,0.0,True,0.05,1500,5.889264217359152,0.4110735782640848
1678,34,rl_agent,10,5,"[10, 5]",1,7.781410104786401,7.5,0.28141010478640105,0.0,True,0.05,1500,6.398688690321905,0.36013113096780947
1679,34,rl_agent,12,5,"[12, 7, 1, 2, 5]",4,36.02485889387475,35.0,1.0248588938747503,0.0,True,0.05,1500,5.850157755619483,0.4149842244380517
1680,34,rl_agent,9,5,"[9, 4, 5]",2,16.325265409912387,14.75,1.5752654099123866,0.0002584034224657472,True,0.05,1500,2.8921660813521255,0.7107833918647875
1681,34,rl_agent,1,12,"[1, 7, 8, 12]",3,22.590163995133096,21.4,1.1901639951330978,0.0,True,0.05,1500,4.857799644442805,0.5142200355557195
1682,34,rl_agent,6,5,"[6, 5]",1,6.563762701053076,6.0,0.5637627010530757,0.0,True,0.05,1500,4.700296405439137,0.5299703594560863
1683,34,rl_agent,6,4,"[6, 5, 4]",2,10.67888370789089,9.75,0.9288837078908898,0.0,True,0.05,1500,4.650296405439137,0.5349703594560863
1684,34,rl_agent,9,10,"[9, 8, 12, 11, 10]",4,16.11870770182414,13.25,2.868707701824139,0.015013847565260696,True,0.05,1500,2.1780370200326953,0.7821962979967305
1685,34,rl_agent,3,12,"[3, 8, 12]",2,20.272190120138465,16.5,3.7721901201384647,0.06493810224804952,True,0.05,1500,1.2905513751030053,0.8709448624896995
1686,34,rl_agent,3,4,"[3, 4]",1,3.3354029469809814,3.0,0.3354029469809814,0.0,True,0.05,1500,5.985135697772238,0.4014864302227762
1687,34,rl_agent,8,6,"[8, 9, 4, 5, 6]",4,28.311848719431765,25.75,2.561848719431765,0.0005535899083498608,True,0.05,1500,2.8421660813521257,0.7157833918647875
1688,34,rl_agent,2,9,"[2, 5, 6, 5]",3,24.084121377336714,22.5,1.5841213773367144,0.0,False,0.05,1500,4.500296405439138,0.5499703594560862
1689,34,rl_agent,0,9,"[0, 3, 8, 9]",3,26.73012201959785,22.5,4.23012201959785,0.06879243252559841,True,0.05,1500,1.2405513751030046,0.8759448624896995
1690,34,rl_agent,6,4,"[6, 5, 4]",2,10.742032785469213,9.75,0.9920327854692133,0.0,True,0.05,1500,4.450296405439138,0.5549703594560862
1691,34,rl_agent,7,9,"[7, 8, 9]",2,7.809548036082053,6.9,0.9095480360820529,0.0,True,0.05,1500,4.807799644442805,0.5192200355557195
1692,34,rl_agent,7,12,"[7, 12]",1,5.984433394433778,5.75,0.2344333944337782,0.0,True,0.05,1500,6.807969297004561,0.31920307029954387
1693,34,rl_agent,12,10,"[12, 11, 10]",2,5.942338435363324,3.75,2.1923384353633244,0.016895987520743616,True,0.05,1500,2.1280370200326955,0.7871962979967304
1694,34,rl_agent,4,13,"[4, 9, 13]",2,17.200104369697605,15.5,1.7001043696976055,0.0009598875053451472,True,0.05,1500,2.792166081352126,0.7207833918647875
1695,34,rl_agent,4,0,"[4, 3, 0]",2,9.18709663318182,8.5,0.6870966331818202,0.0,True,0.05,1500,5.919570243238111,0.4080429756761889
1696,34,rl_agent,11,7,"[11, 10, 11]",2,7.930876458970547,4.0,3.9308764589705474,0.04154647025700353,False,0.05,1500,2.028037020032696,0.7971962979967304
1697,34,rl_agent,13,3,"[13, 9, 4, 3]",3,20.590699704228022,18.5,2.0906997042280224,0.0014772962134514955,True,0.05,1500,2.742166081352126,0.7257833918647874
1698,34,rl_agent,0,10,"[0, 3, 4, 5, 10]",4,21.12241477050221,19.75,1.3724147705022105,0.0,True,0.05,1500,5.706972081402003,0.4293027918597997
1699,34,rl_agent,12,6,"[12, 7, 1, 2, 5, 6]",5,42.703426827033184,41.0,1.7034268270331836,0.0,True,0.05,1500,4.400296405439138,0.5599703594560862
1700,35,rl_agent,12,9,"[12, 7, 8, 9]",3,14.042218694665994,12.65,1.3922186946659938,0.0,True,0.05,1500,4.485077223194354,0.5514922776805646
1701,35,rl_agent,10,9,"[10, 11, 12, 7, 8, 9]",5,20.729960274809592,16.4,4.329960274809594,0.03716419673996718,True,0.05,1500,1.7067912568736165,0.8293208743126383
1702,35,rl_agent,13,0,"[13, 9, 4, 3, 0]",4,25.832319870261415,24.0,1.832319870261415,0.0,True,0.05,1500,3.9363790683775752,0.6063620931622424
1703,35,rl_agent,0,12,"[0, 3, 8, 12]",3,25.08256398150493,22.0,3.0825639815049293,0.03631117235618753,True,0.05,1500,1.7217188274763497,0.827828117252365
1704,35,rl_agent,11,5,"[11, 6, 5]",2,19.587195705949647,17.5,2.0871957059496467,0.0023273688186685737,True,0.05,1500,2.6763773851535033,0.7323622614846497
1705,35,rl_agent,9,6,"[9, 4, 5, 6]",3,22.555385126960893,20.75,1.8053851269608927,0.0,True,0.05,1500,3.8863790683775754,0.6113620931622424
1706,35,rl_agent,0,7,"[0, 3, 8, 7]",3,22.733945390150424,19.4,3.3339453901504257,0.03920735273957343,True,0.05,1500,1.671718827476349,0.832828117252365
1707,35,rl_agent,3,2,"[3, 0, 2]",2,16.527445780593304,15.0,1.527445780593304,0.00021974625904930267,True,0.05,1500,2.9005586521751674,0.7099441347824833
1708,35,rl_agent,6,2,"[6, 5, 2]",2,17.557605034800677,16.5,1.0576050348006767,0.0,True,0.05,1500,4.0017268240781565,0.5998273175921843
1709,35,rl_agent,3,1,"[3, 0, 1]",2,12.698920698181936,12.0,0.6989206981819365,0.0,True,0.05,1500,5.625751917929223,0.43742480820707774
1710,35,rl_agent,10,11,"[10, 11]",1,4.517881691043602,2.0,2.517881691043602,0.04009354950247024,True,0.05,1500,1.6567912568736158,0.8343208743126385
1711,35,rl_agent,11,1,"[11, 6, 5, 2, 0, 1]",5,48.134543411191,44.0,4.134543411190997,0.00359682881696044,True,0.05,1500,2.6263773851535035,0.7373622614846497
1712,35,rl_agent,12,5,"[12, 7, 1, 2, 5]",4,36.29534695199847,35.0,1.295346951998468,0.0,True,0.05,1500,4.3850772231943544,0.5614922776805645
1713,35,rl_agent,1,4,"[1, 2, 5, 4]",3,18.69163959288385,18.0,0.691639592883849,0.0,True,0.05,1500,6.037012849160199,0.39629871508398007
1714,35,rl_agent,5,7,"[5, 4, 9, 8, 7]",4,23.572028774552045,21.65,1.9220287745520466,0.0,True,0.05,1500,3.8363790683775756,0.6163620931622424
1715,35,rl_agent,9,6,"[9, 4, 5, 6]",3,22.655728286569627,20.75,1.9057282865696266,0.0,True,0.05,1500,3.7863790683775758,0.6213620931622424
1716,35,rl_agent,6,10,"[6, 11, 10]",2,17.552501362729465,13.5,4.0525013627294655,0.04694991242357571,True,0.05,1500,1.6067912568736151,0.8393208743126385
1717,35,rl_agent,0,8,"[0, 3, 8]",2,20.39991618153726,17.5,2.899916181537261,0.04221464423407051,True,0.05,1500,1.6217188274763483,0.8378281172523652
1718,35,rl_agent,5,8,"[5, 4, 9, 8]",3,21.16889054478898,19.75,1.4188905447889795,0.0,True,0.05,1500,3.736379068377576,0.6263620931622425
1719,35,rl_agent,11,12,"[11, 12]",1,2.2390710842929953,1.75,0.4890710842929953,0.0,True,0.05,1500,5.055248383460816,0.4944751616539184
1720,35,rl_agent,6,10,"[6, 11, 10]",2,17.690852791144,13.5,4.190852791144,0.05103971442826971,True,0.05,1500,1.5567912568736144,0.8443208743126386
1721,35,rl_agent,0,3,"[0, 3]",1,5.82349369345466,5.5,0.32349369345465995,0.0,True,0.05,1500,6.071691914268786,0.3928308085731214
1722,35,rl_agent,9,10,"[9, 8, 12, 11, 10]",4,17.239216303300815,13.25,3.9892163033008146,0.049548274456646224,True,0.05,1500,1.5067912568736137,0.8493208743126386
1723,35,rl_agent,8,7,"[8, 7]",1,2.468119083331585,1.9,0.568119083331585,0.0,True,0.05,1500,4.681125988690729,0.5318874011309271
1724,35,rl_agent,13,1,"[13, 9, 4, 3, 0, 1]",5,32.88498506833798,30.5,2.3849850683379827,0.0,True,0.05,1500,3.686379068377576,0.6313620931622423
1725,35,rl_agent,8,13,"[8, 9, 13]",2,10.267147362518248,9.5,0.7671473625182479,0.0,True,0.05,1500,5.078068487359694,0.4921931512640306
1726,35,rl_agent,2,3,"[2, 0, 3]",2,16.622641723065772,15.0,1.6226417230657724,0.0008839300271596962,True,0.05,1500,2.8005586521751678,0.7199441347824832
1727,35,rl_agent,5,1,"[5, 2, 0, 1]",3,28.566070158245314,26.5,2.0660701582453136,0.0013826885778814857,True,0.05,1500,2.750558652175168,0.7249441347824832
1728,35,rl_agent,9,1,"[9, 4, 3, 0, 1]",4,27.966061169009983,26.0,1.9660611690099827,0.0,True,0.05,1500,3.6363790683775763,0.6363620931622423
1729,35,rl_agent,1,5,"[1, 2, 5]",2,14.667878554570683,14.25,0.4178785545706827,0.0,True,0.05,1500,5.937012849160199,0.4062987150839801
1730,35,rl_agent,9,0,"[9, 4, 3, 0]",3,21.07775553190377,19.5,1.5777555319037688,0.0,True,0.05,1500,3.5863790683775765,0.6413620931622424
1731,35,rl_agent,1,12,"[1, 7, 8, 12]",3,22.65368750029042,21.4,1.2536875002904218,0.0,True,0.05,1500,4.631125988690729,0.536887401130927
1732,35,rl_agent,11,12,"[11, 12]",1,2.259031155065516,1.75,0.5090311550655162,0.0,True,0.05,1500,4.955248383460816,0.5044751616539184
1733,35,rl_agent,9,7,"[9, 8, 7]",2,7.78012743513006,6.9,0.8801274351300599,0.0,True,0.05,1500,4.581125988690729,0.541887401130927
1734,35,rl_agent,10,4,"[10, 5, 4]",2,11.840205449386586,11.25,0.5902054493865858,0.0,True,0.05,1500,6.121059748211751,0.3878940251788249
1735,35,rl_agent,6,1,"[6, 5, 2, 0, 1]",4,35.42901744747141,32.5,2.9290174474714092,0.001992558239714448,True,0.05,1500,2.700558652175168,0.7299441347824832
1736,35,rl_agent,12,0,"[12, 7, 1, 0]",3,28.618632917200934,27.25,1.3686329172009337,0.0,True,0.05,1500,4.335077223194355,0.5664922776805645
1737,35,rl_agent,6,12,"[6, 11, 12]",2,15.28839473907362,13.25,2.0383947390736203,0.006092903172859598,True,0.05,1500,2.476377385153504,0.7523622614846496
1738,35,rl_agent,7,9,"[7, 8, 9]",2,7.798440993837103,6.9,0.8984409938371023,0.0,True,0.05,1500,4.53112598869073,0.546887401130927
1739,35,rl_agent,13,12,"[13, 10, 11, 12]",3,9.409859491044827,5.5,3.909859491044827,0.05292207166359386,True,0.05,1500,1.456791256873613,0.8543208743126387
1740,35,rl_agent,3,7,"[3, 8, 7]",2,17.197021571104216,13.9,3.2970215711042155,0.04533304683967865,True,0.05,1500,1.5717188274763476,0.8428281172523653
1741,35,rl_agent,3,0,"[3, 0]",1,5.858856853579825,5.5,0.3588568535798249,0.0,True,0.05,1500,5.821691914268786,0.4178308085731214
1742,35,rl_agent,3,10,"[3, 4, 5, 10]",3,15.191989754567096,14.25,0.9419897545670963,0.0,True,0.05,1500,5.959265949699621,0.40407340503003786
1743,35,rl_agent,12,10,"[12, 11, 10]",2,7.3447165094463776,3.75,3.5947165094463776,0.05640697998165256,True,0.05,1500,1.4067912568736123,0.8593208743126388
1744,35,rl_agent,10,2,"[10, 5, 2]",2,18.642105393698124,18.0,0.6421053936981238,0.0,True,0.05,1500,5.8370128491602,0.41629871508398003
1745,35,rl_agent,6,0,"[6, 5, 2, 0]",3,28.56559020365489,26.0,2.5655902036548888,0.0027135390126585834,True,0.05,1500,2.6505586521751683,0.7349441347824832
1746,35,rl_agent,7,2,"[7, 1, 2]",2,19.11152949064531,18.75,0.36152949064531015,0.0,True,0.05,1500,6.38984370955952,0.36101562904404794
1747,35,rl_agent,10,6,"[10, 5, 6]",2,14.624441491147966,13.5,1.1244414911479659,0.0,True,0.05,1500,3.7517268240781574,0.6248273175921842
1748,35,rl_agent,13,8,"[13, 9, 8]",2,10.295750453680027,9.5,0.7957504536800268,0.0,True,0.05,1500,5.028068487359694,0.4971931512640306
1749,35,rl_agent,9,6,"[9, 4, 5, 6]",3,22.84501513452904,20.75,2.0950151345290386,0.0,True,0.05,1500,3.5363790683775767,0.6463620931622424
1750,36,rl_agent,6,11,"[6, 11]",1,13.180439529181362,11.5,1.6804395291813616,0.011104121991566518,True,0.05,1500,2.2931156462189213,0.7706884353781078
1751,36,rl_agent,2,5,"[2, 5]",1,10.828640675734755,10.5,0.3286406757347553,0.0,True,0.05,1500,6.033978473922364,0.3966021526077636
1752,36,rl_agent,13,6,"[13, 9, 4, 5, 6]",4,27.177153311921796,25.25,1.9271533119217956,0.0,True,0.05,1500,4.239072246055877,0.5760927753944123
1753,36,rl_agent,9,13,"[9, 13]",1,4.963074500858221,4.5,0.4630745008582213,0.0,True,0.05,1500,5.191706348308845,0.4808293651691155
1754,36,rl_agent,0,11,"[0, 3, 4, 5, 10, 11]",5,25.401567114658285,21.75,3.6515671146582847,0.020033381206928436,True,0.05,1500,2.05052532718783,0.794947467281217
1755,36,rl_agent,10,11,"[10, 11]",1,3.999343513450329,2.0,1.999343513450329,0.022198880479844307,True,0.05,1500,2.0005253271878303,0.799947467281217
1756,36,rl_agent,10,1,"[10, 5, 2, 0, 1]",4,36.058538365843646,34.0,2.0585383658436456,0.0,True,0.05,1500,3.5162557437955346,0.6483744256204466
1757,36,rl_agent,13,3,"[13, 9, 4, 3]",3,20.599761193923733,18.5,2.099761193923733,0.0,True,0.05,1500,3.4873834604310314,0.6512616539568968
1758,36,rl_agent,13,5,"[13, 9, 4, 5]",3,20.656719188288136,19.25,1.406719188288136,0.0,True,0.05,1500,4.1390722460558775,0.5860927753944123
1759,36,rl_agent,10,12,"[10, 11, 12]",2,6.656476319299982,3.75,2.9064763192999816,0.024475490863871352,True,0.05,1500,1.9505253271878296,0.804947467281217
1760,36,rl_agent,3,8,"[3, 8]",1,12.569751954933482,12.0,0.5697519549334817,0.0,True,0.05,1500,4.673980708276347,0.5326019291723653
1761,36,rl_agent,10,9,"[10, 11, 12, 7, 8, 9]",5,20.823646886497112,16.4,4.423646886497114,0.02686321235900957,True,0.05,1500,1.9005253271878289,0.8099474672812171
1762,36,rl_agent,0,4,"[0, 3, 4]",2,9.662854000759982,8.5,1.1628540007599817,0.0,True,0.05,1500,3.4373834604310316,0.6562616539568968
1763,36,rl_agent,13,2,"[13, 9, 4, 5, 2]",4,31.529008039006342,29.75,1.7790080390063423,0.0,True,0.05,1500,4.089072246055878,0.5910927753944122
1764,36,rl_agent,7,11,"[7, 8, 12, 11]",3,10.551070347020318,8.15,2.401070347020317,6.409596246037541e-05,True,0.05,1500,2.9462941501257323,0.7053705849874268
1765,36,rl_agent,13,5,"[13, 9, 4, 5]",3,20.716722915652586,19.25,1.4667229156525856,0.0,True,0.05,1500,4.039072246055878,0.5960927753944122
1766,36,rl_agent,3,8,"[3, 8]",1,12.581319390249753,12.0,0.5813193902497531,0.0,True,0.05,1500,4.623980708276347,0.5376019291723653
1767,36,rl_agent,8,7,"[8, 7]",1,2.230730929951914,1.9,0.3307309299519141,0.0,True,0.05,1500,6.018796002081466,0.39812039979185343
1768,36,rl_agent,8,3,"[8, 3]",1,12.593139722026548,12.0,0.5931397220265477,0.0,True,0.05,1500,4.5739807082763475,0.5426019291723653
1769,36,rl_agent,0,9,"[0, 3, 8, 9]",3,23.51205081530516,22.5,1.0120508153051588,0.0,True,0.05,1500,4.523980708276348,0.5476019291723653
1770,36,rl_agent,3,6,"[3, 4, 5, 6]",3,14.557655274764354,12.75,1.807655274764354,0.0,True,0.05,1500,3.387383460431032,0.6612616539568968
1771,36,rl_agent,7,0,"[7, 1, 0]",2,22.129915523838985,21.5,0.6299155238389851,0.0,True,0.05,1500,5.454651970651285,0.45453480293487153
1772,36,rl_agent,2,1,"[2, 0, 1]",2,17.367607626653545,16.0,1.3676076266535446,0.0,True,0.05,1500,3.466255743795535,0.6533744256204466
1773,36,rl_agent,3,4,"[3, 4]",1,3.9981796545951114,3.0,0.9981796545951114,0.0,True,0.05,1500,3.337383460431032,0.6662616539568968
1774,36,rl_agent,12,13,"[12, 11, 12]",2,5.338627017654437,3.5,1.8386270176544368,0.0,False,0.05,1500,3.5228298532376483,0.6477170146762352
1775,36,rl_agent,9,10,"[9, 8, 12, 11, 10]",4,17.816388914775075,13.25,4.566388914775075,0.02959402535067901,True,0.05,1500,1.8505253271878281,0.8149474672812171
1776,36,rl_agent,12,7,"[12, 7]",1,6.696167248934147,5.75,0.946167248934147,0.0,True,0.05,1500,3.457414765605497,0.6542585234394502
1777,36,rl_agent,9,8,"[9, 8]",1,5.20327280373985,5.0,0.2032728037398499,0.0,True,0.05,1500,7.109616600288112,0.2890383399711889
1778,36,rl_agent,5,7,"[5, 4, 9, 8, 7]",4,23.18725241219755,21.65,1.537252412197553,0.0,True,0.05,1500,3.989072246055878,0.6010927753944122
1779,36,rl_agent,7,4,"[7, 1, 2, 5, 4]",4,33.90803516663886,33.0,0.9080351666388609,0.0,True,0.05,1500,5.883978473922364,0.41160215260776356
1780,36,rl_agent,0,11,"[0, 3, 4, 5, 10, 11]",5,25.916031622754595,21.75,4.166031622754595,0.0319719886826193,True,0.05,1500,1.8005253271878274,0.8199474672812173
1781,36,rl_agent,8,12,"[8, 12]",1,5.756670159961903,4.5,1.256670159961903,0.000525010850790486,True,0.05,1500,2.8462941501257326,0.7153705849874268
1782,36,rl_agent,2,8,"[2, 5, 4, 9, 8]",4,31.844276739551564,30.25,1.5942767395515638,0.0,True,0.05,1500,3.9390722460558782,0.6060927753944122
1783,36,rl_agent,3,10,"[3, 4, 5, 10]",3,15.963694477824216,14.25,1.713694477824216,0.0,True,0.05,1500,3.2373834604310323,0.6762616539568967
1784,36,rl_agent,8,13,"[8, 9, 13]",2,10.230226639922176,9.5,0.7302266399221757,0.0,True,0.05,1500,4.941706348308846,0.5058293651691155
1785,36,rl_agent,13,2,"[13, 9, 4, 5, 2]",4,31.688399811260485,29.75,1.938399811260485,0.0,True,0.05,1500,3.8890722460558784,0.6110927753944122
1786,36,rl_agent,2,3,"[2, 0, 3]",2,16.18722552447759,15.0,1.18722552447759,0.0,True,0.05,1500,3.416255743795535,0.6583744256204465
1787,36,rl_agent,7,12,"[7, 12]",1,6.7173881355654395,5.75,0.9673881355654395,0.0,True,0.05,1500,3.4074147656054974,0.6592585234394502
1788,36,rl_agent,13,8,"[13, 9, 8]",2,10.256322925542776,9.5,0.7563229255427757,0.0,True,0.05,1500,4.841706348308846,0.5158293651691154
1789,36,rl_agent,1,7,"[1, 7]",1,15.223588996998359,15.0,0.22358899699835888,0.0,True,0.05,1500,6.910000042484532,0.3089999957515468
1790,36,rl_agent,8,1,"[8, 3, 0, 1]",3,25.280250001026598,24.0,1.280250001026598,0.0,True,0.05,1500,4.473980708276348,0.5526019291723652
1791,36,rl_agent,1,11,"[1, 2, 5, 10, 11]",4,26.99561792917296,23.75,3.2456179291729583,0.034693043511090815,True,0.05,1500,1.7505253271878267,0.8249474672812174
1792,36,rl_agent,7,9,"[7, 8, 9]",2,7.473670113103413,6.9,0.5736701131034128,0.0,True,0.05,1500,5.918796002081466,0.4081203997918534
1793,36,rl_agent,6,0,"[6, 5, 2, 0]",3,27.976320124603944,26.0,1.9763201246039444,0.0,True,0.05,1500,3.366255743795535,0.6633744256204465
1794,36,rl_agent,1,4,"[1, 2, 5, 4]",3,18.76325045029203,18.0,0.7632504502920305,0.0,True,0.05,1500,5.633978473922365,0.43660215260776347
1795,36,rl_agent,8,11,"[8, 12, 11]",2,8.49886043558229,6.25,2.2488604355822908,0.0009221349616221897,True,0.05,1500,2.796294150125733,0.7203705849874267
1796,36,rl_agent,0,12,"[0, 3, 8, 12]",3,24.185100726708857,22.0,2.185100726708857,0.0014303701835649552,True,0.05,1500,2.746294150125733,0.7253705849874267
1797,36,rl_agent,2,8,"[2, 5, 4, 9, 8]",4,31.96014613000736,30.25,1.7101461300073595,0.0,True,0.05,1500,3.8390722460558786,0.6160927753944121
1798,36,rl_agent,12,13,"[12, 11, 12]",2,5.509483013479114,3.5,2.009483013479114,0.0,False,0.05,1500,3.322829853237649,0.6677170146762351
1799,36,rl_agent,4,7,"[4, 9, 8, 7]",3,19.311234660084015,17.9,1.4112346600840162,0.0,True,0.05,1500,3.789072246055879,0.6210927753944121
1800,37,rl_agent,7,6,"[7, 1, 2, 5, 6]",4,36.511450590606394,35.25,1.261450590606394,0.0,True,0.05,1500,5.120466120318562,0.4879533879681438
1801,37,rl_agent,2,11,"[2, 5, 10, 11]",3,22.06354986969192,20.0,2.0635498696919186,0.00474861137689675,True,0.05,1500,2.5377365340410813,0.7462263465958918
1802,37,rl_agent,12,5,"[12, 7, 1, 2, 5]",4,36.37406600130079,35.0,1.3740660013007897,0.0,True,0.05,1500,4.696985401863011,0.5303014598136989
1803,37,rl_agent,7,3,"[7, 1, 0, 3]",3,27.870396132370733,27.0,0.8703961323707325,0.0,True,0.05,1500,5.868861049916159,0.4131138950083841
1804,37,rl_agent,12,0,"[12, 7, 1, 0]",3,28.35605343394351,27.25,1.1060534339435115,0.0,True,0.05,1500,4.646985401863011,0.5353014598136989
1805,37,rl_agent,11,0,"[11, 6, 5, 2, 0]",4,41.963472978071515,37.5,4.463472978071515,0.04795721427009214,True,0.05,1500,1.5309613204023016,0.8469038679597698
1806,37,rl_agent,2,4,"[2, 5, 4]",2,14.849803368034067,14.25,0.5998033680340669,0.0,True,0.05,1500,5.882696374235654,0.4117303625764346
1807,37,rl_agent,8,3,"[8, 3]",1,12.656035226765724,12.0,0.6560352267657237,0.0,True,0.05,1500,4.325127716037388,0.5674872283962612
1808,37,rl_agent,4,0,"[4, 3, 0]",2,9.63558900571815,8.5,1.1355890057181508,0.0,True,0.05,1500,3.9175302836564834,0.6082469716343517
1809,37,rl_agent,12,3,"[12, 7, 1, 0, 3]",4,34.24630403205491,32.75,1.4963040320549084,0.0,True,0.05,1500,4.596985401863011,0.5403014598136988
1810,37,rl_agent,7,9,"[7, 8, 9]",2,7.412014986320115,6.9,0.5120149863201142,0.0,True,0.05,1500,6.542721568841063,0.3457278431158937
1811,37,rl_agent,11,12,"[11, 12]",1,2.376514236798891,1.75,0.626514236798891,0.0,True,0.05,1500,4.438470315482234,0.5561529684517766
1812,37,rl_agent,6,5,"[6, 5]",1,6.495923462119237,6.0,0.49592346211923743,0.0,True,0.05,1500,5.020466120318562,0.4979533879681438
1813,37,rl_agent,4,1,"[4, 3, 0, 1]",3,16.40501778021837,15.0,1.405017780218369,0.0,True,0.05,1500,3.8675302836564835,0.6132469716343516
1814,37,rl_agent,8,0,"[8, 3, 0]",2,18.55156709015344,17.5,1.0515670901534406,0.0,True,0.05,1500,4.275127716037388,0.5724872283962612
1815,37,rl_agent,1,11,"[1, 2, 5, 10, 11]",4,26.0757472128572,23.75,2.3257472128571983,0.005831419079027622,True,0.05,1500,2.4877365340410815,0.7512263465958918
1816,37,rl_agent,11,3,"[11, 6, 5, 2, 0, 3]",5,48.02428956727979,43.0,5.024289567279787,0.05127730022475385,True,0.05,1500,1.4809613204023009,0.8519038679597699
1817,37,rl_agent,3,13,"[3, 8, 9, 13]",3,22.850556039705896,21.5,1.3505560397058964,0.0,True,0.05,1500,4.225127716037388,0.5774872283962612
1818,37,rl_agent,6,5,"[6, 5]",1,6.516163891333996,6.0,0.5161638913339957,0.0,True,0.05,1500,4.9204661203185625,0.5079533879681437
1819,37,rl_agent,4,13,"[4, 9, 13]",2,16.501726488874027,15.5,1.0017264888740272,0.0,True,0.05,1500,4.631421631793052,0.5368578368206948
1820,37,rl_agent,5,8,"[5, 4, 9, 8]",3,20.856043696717194,19.75,1.1060436967171938,0.0,True,0.05,1500,4.581421631793052,0.5418578368206948
1821,37,rl_agent,9,2,"[9, 4, 5, 2]",3,26.486866203072793,25.25,1.2368662030727933,0.0,True,0.05,1500,4.5314216317930525,0.5468578368206948
1822,37,rl_agent,11,3,"[11, 6, 5, 2, 0, 3]",5,48.205644476840945,43.0,5.205644476840945,0.054708497290526514,True,0.05,1500,1.4309613204023002,0.85690386795977
1823,37,rl_agent,4,0,"[4, 3, 0]",2,9.715731339324549,8.5,1.2157313393245488,0.0,True,0.05,1500,3.8175302836564837,0.6182469716343516
1824,37,rl_agent,10,3,"[10, 5, 2, 0, 3]",4,35.005549422807505,33.0,2.005549422807505,0.0,True,0.05,1500,3.5032044920338397,0.649679550796616
1825,37,rl_agent,4,9,"[4, 9]",1,11.615717379620774,11.0,0.615717379620774,0.0,True,0.05,1500,4.481421631793053,0.5518578368206948
1826,37,rl_agent,3,5,"[3, 4, 5]",2,7.844238919093995,6.75,1.0942389190939954,0.0,True,0.05,1500,3.767530283656484,0.6232469716343516
1827,37,rl_agent,8,10,"[8, 12, 11, 10]",3,13.343221420584236,8.25,5.093221420584236,0.058721562546596884,True,0.05,1500,1.4693828062719234,0.8530617193728076
1828,37,rl_agent,7,11,"[7, 8, 12, 11]",3,12.095230886373894,8.15,3.945230886373894,0.055518904735751606,True,0.05,1500,1.4193828062719227,0.8580617193728077
1829,37,rl_agent,0,12,"[0, 3, 8, 12]",3,26.27155123783261,22.0,4.271551237832611,0.05908694294403627,True,0.05,1500,1.369382806271922,0.8630617193728078
1830,37,rl_agent,6,3,"[6, 5, 2, 0, 3]",4,33.81209534288483,31.5,2.312095342884831,0.0,True,0.05,1500,3.45320449203384,0.654679550796616
1831,37,rl_agent,7,13,"[7, 8, 9, 13]",3,12.371765032803049,11.4,0.9717650328030487,0.0,True,0.05,1500,5.372144501077311,0.46278554989226894
1832,37,rl_agent,4,9,"[4, 9]",1,11.628306086725692,11.0,0.6283060867256918,0.0,True,0.05,1500,4.431421631793053,0.5568578368206947
1833,37,rl_agent,6,7,"[6, 5, 4, 9, 8, 7]",5,29.665342200916246,27.65,2.0153422009162476,0.0,True,0.05,1500,4.381421631793053,0.5618578368206947
1834,37,rl_agent,11,5,"[11, 6, 5]",2,21.1798836487879,17.5,3.6798836487879,0.05825080546741035,True,0.05,1500,1.3809613204022995,0.86190386795977
1835,37,rl_agent,9,10,"[9, 8, 12, 11, 10]",4,19.07645484214992,13.25,5.826454842149921,0.07057359544508857,True,0.05,1500,1.3193828062719213,0.8680617193728078
1836,37,rl_agent,6,9,"[6, 5, 6]",2,13.164283805918382,12.0,1.164283805918382,0.0,False,0.05,1500,4.6204661203185635,0.5379533879681436
1837,37,rl_agent,6,2,"[6, 5, 2]",2,17.4976988100973,16.5,0.997698810097301,0.0,True,0.05,1500,4.570466120318564,0.5429533879681436
1838,37,rl_agent,11,3,"[11, 6, 5, 2, 0, 3]",5,48.683978234218685,43.0,5.683978234218685,0.06190422475540536,True,0.05,1500,1.3309613204022988,0.8669038679597701
1839,37,rl_agent,1,12,"[1, 7, 8, 12]",3,25.443246731931485,21.4,4.043246731931486,0.066556352693939,True,0.05,1500,1.2693828062719206,0.873061719372808
1840,37,rl_agent,4,1,"[4, 3, 0, 1]",3,16.537339257383888,15.0,1.5373392573838878,0.0,True,0.05,1500,3.717530283656484,0.6282469716343516
1841,37,rl_agent,5,12,"[5, 10, 11, 12]",3,13.850909399036901,11.25,2.600909399036901,0.009746508852087055,True,0.05,1500,2.337736534041082,0.7662263465958918
1842,37,rl_agent,10,11,"[10, 11]",1,3.6855663559159697,2.0,1.6855663559159697,0.011273760998662397,True,0.05,1500,2.2877365340410822,0.7712263465958917
1843,37,rl_agent,8,13,"[8, 9, 13]",2,10.22240704036263,9.5,0.7224070403626293,0.0,True,0.05,1500,5.322144501077311,0.4677855498922689
1844,37,rl_agent,6,3,"[6, 5, 2, 0, 3]",4,33.98797931160473,31.5,2.4879793116047324,0.0,True,0.05,1500,3.35320449203384,0.664679550796616
1845,37,rl_agent,13,0,"[13, 9, 4, 3, 0]",4,26.4333824445904,24.0,2.4333824445904,0.0,True,0.05,1500,3.6675302836564843,0.6332469716343516
1846,37,rl_agent,1,7,"[1, 7]",1,15.322733148313153,15.0,0.32273314831315325,0.0,True,0.05,1500,6.077304664643069,0.39226953353569305
1847,37,rl_agent,10,0,"[10, 5, 2, 0]",3,29.23117168438995,27.5,1.731171684389949,0.0,True,0.05,1500,3.3032044920338404,0.669679550796616
1848,37,rl_agent,7,1,"[7, 1]",1,15.329558198597564,15.0,0.32955819859756375,0.0,True,0.05,1500,6.0273046646430695,0.39726953353569305
1849,37,rl_agent,7,1,"[7, 1]",1,15.336497431622648,15.0,0.33649743162264834,0.0,True,0.05,1500,5.97730466464307,0.40226953353569306
1850,38,rl_agent,10,0,"[10, 5, 2, 0]",3,29.285029344647434,27.5,1.785029344647434,0.0,True,0.05,1500,3.362170582553424,0.6637829417446576
1851,38,rl_agent,7,8,"[7, 8]",1,2.028195086411508,1.9,0.128195086411508,0.0,True,0.05,1500,7.959310902226126,0.2040689097773874
1852,38,rl_agent,1,12,"[1, 7, 8, 12]",3,50.52914392914775,21.4,29.12914392914775,0.19999999999999996,True,0.05,1500,0.0,1.0
1853,38,rl_agent,10,11,"[10, 11]",1,2.735228519549468,2.0,0.7352285195494681,0.0,True,0.05,1500,4.047834000646033,0.5952165999353967
1854,38,rl_agent,5,12,"[5, 10, 11, 12]",3,12.89087916821427,11.25,1.6408791682142692,0.0,True,0.05,1500,3.9978340006460336,0.6002165999353967
1855,38,rl_agent,5,6,"[5, 6]",1,7.119375131359865,6.0,1.119375131359865,0.0,True,0.05,1500,3.087610710559243,0.6912389289440757
1856,38,rl_agent,7,4,"[7, 1, 2, 5, 4]",4,34.33889822658826,33.0,1.3388982265882632,0.0,True,0.05,1500,4.965157788075164,0.5034842211924836
1857,38,rl_agent,3,0,"[3, 0]",1,5.628692502225018,5.5,0.12869250222501805,0.0,True,0.05,1500,7.953013567530078,0.20469864324699222
1858,38,rl_agent,5,10,"[5, 10]",1,8.002164113349004,7.5,0.5021641133490036,0.0,True,0.05,1500,4.989202799620451,0.5010797200379549
1859,38,rl_agent,5,13,"[5, 6, 5]",2,14.347156296051747,12.0,2.3471562960517467,6.821965825021259e-06,False,0.05,1500,2.9876107105592435,0.7012389289440757
1860,38,rl_agent,0,1,"[0, 1]",1,6.747023286964216,6.5,0.24702328696421638,0.0,True,0.05,1500,6.693231773696381,0.33067682263036197
1861,38,rl_agent,0,6,"[0, 3, 4, 5, 6]",4,20.849558405670088,18.25,2.599558405670088,8.649829859830316e-05,True,0.05,1500,2.9376107105592437,0.7062389289440756
1862,38,rl_agent,3,6,"[3, 4, 5, 6]",3,15.27419514002914,12.75,2.524195140029139,0.00028069671957775544,True,0.05,1500,2.887610710559244,0.7112389289440756
1863,38,rl_agent,6,4,"[6, 5, 4]",2,11.355942107612295,9.75,1.6059421076122948,0.0005860062516682696,True,0.05,1500,2.837610710559244,0.7162389289440756
1864,38,rl_agent,2,1,"[2, 0, 1]",2,17.262229811339367,16.0,1.2622298113393668,0.0,True,0.05,1500,3.3121705825534242,0.6687829417446576
1865,38,rl_agent,13,9,"[13, 9]",1,4.780349819116067,4.5,0.2803498191160667,0.0,True,0.05,1500,6.40738278848286,0.359261721151714
1866,38,rl_agent,3,5,"[3, 4, 5]",2,8.078411420842201,6.75,1.328411420842201,0.0,True,0.05,1500,3.3844775715596365,0.6615522428440364
1867,38,rl_agent,3,5,"[3, 4, 5]",2,8.10786933231951,6.75,1.3578693323195097,0.0,True,0.05,1500,3.3344775715596366,0.6665522428440364
1868,38,rl_agent,1,13,"[1, 7, 8, 9, 13]",4,27.663149242053233,26.4,1.2631492420532346,0.0,True,0.05,1500,4.915157788075164,0.5084842211924836
1869,38,rl_agent,8,6,"[8, 9, 4, 5, 6]",4,28.406717999658397,25.75,2.6567179996583974,0.0010024268948699566,True,0.05,1500,2.7876107105592443,0.7212389289440756
1870,38,rl_agent,12,11,"[12, 11]",1,2.1561182647775485,1.75,0.40611826477754853,0.0,True,0.05,1500,5.518043498689983,0.4481956501310017
1871,38,rl_agent,2,5,"[2, 5]",1,10.828941410837118,10.5,0.3289414108371176,0.0,True,0.05,1500,6.031789381773902,0.3968210618226098
1872,38,rl_agent,3,5,"[3, 4, 5]",2,8.145690052282493,6.75,1.395690052282493,0.0,True,0.05,1500,3.284477571559637,0.6715522428440364
1873,38,rl_agent,8,7,"[8, 7]",1,2.040261357576979,1.9,0.14026135757697888,0.0,True,0.05,1500,7.809310902226127,0.21906890977738733
1874,38,rl_agent,3,12,"[3, 8, 12]",2,45.74456976004867,16.5,29.24456976004867,0.19999999999999996,True,0.05,1500,0.0,1.0
1875,38,rl_agent,1,2,"[1, 2]",1,3.941443505517358,3.75,0.19144350551735778,0.0,True,0.05,1500,7.231248771740011,0.27687512282599885
1876,38,rl_agent,13,3,"[13, 9, 4, 3]",3,20.519556596602012,18.5,2.019556596602012,0.0,True,0.05,1500,3.234477571559637,0.6765522428440363
1877,38,rl_agent,5,12,"[5, 10, 11, 12]",3,12.943230241984038,11.25,1.693230241984038,0.0,True,0.05,1500,3.9478340006460337,0.6052165999353967
1878,38,rl_agent,6,2,"[6, 5, 2]",2,18.162280439972392,16.5,1.6622804399723918,0.0015299586491828165,True,0.05,1500,2.7376107105592444,0.7262389289440756
1879,38,rl_agent,9,4,"[9, 4]",1,11.69510413551939,11.0,0.6951041355193901,0.0,True,0.05,1500,4.183735836398061,0.581626416360194
1880,38,rl_agent,0,4,"[0, 3, 4]",2,9.706814505931415,8.5,1.2068145059314155,0.0,True,0.05,1500,3.184477571559637,0.6815522428440363
1881,38,rl_agent,9,10,"[9, 8, 12, 11, 10]",4,43.2925991663497,13.25,30.042599166349703,0.19999999999999996,True,0.05,1500,0.0,1.0
1882,38,rl_agent,1,8,"[1, 7, 8]",2,17.57210301625018,16.9,0.6721030162501798,0.0,True,0.05,1500,4.865157788075164,0.5134842211924836
1883,38,rl_agent,8,10,"[8, 12, 11, 10]",3,37.98087041157572,8.25,29.730870411575722,0.19999999999999996,True,0.05,1500,0.0,1.0
1884,38,rl_agent,13,9,"[13, 9]",1,4.799056118031142,4.5,0.2990561180311424,0.0,True,0.05,1500,6.257382788482861,0.37426172115171397
1885,38,rl_agent,8,4,"[8, 7, 1, 2, 5, 4]",5,36.50720070737894,34.9,1.6072007073789436,0.0,True,0.05,1500,4.815157788075164,0.5184842211924836
1886,38,rl_agent,9,6,"[9, 4, 5, 6]",3,23.208853047029695,20.75,2.458853047029695,0.0021686015146066273,True,0.05,1500,2.6876107105592446,0.7312389289440755
1887,38,rl_agent,2,13,"[2, 5, 6, 5]",3,25.714650389541305,22.5,3.2146503895413048,0.007544158649392396,False,0.05,1500,2.587610710559245,0.7412389289440755
1888,38,rl_agent,3,2,"[3, 0, 2]",2,16.17349988338904,15.0,1.1734998833890415,0.0,True,0.05,1500,3.2621705825534244,0.6737829417446576
1889,38,rl_agent,6,13,"[6, 5, 6]",2,15.019921588837299,12.0,3.019921588837299,0.011634529304014096,False,0.05,1500,2.4876107105592453,0.7512389289440755
1890,38,rl_agent,11,1,"[11, 6, 5, 2, 0, 1]",5,51.255194565960615,44.0,7.255194565960615,0.08640720998595641,True,0.05,1500,1.1033380684077194,0.889666193159228
1891,38,rl_agent,12,3,"[12, 7, 1, 0, 3]",4,34.28387081442237,32.75,1.5338708144223716,0.0,True,0.05,1500,4.648876355021765,0.5351123644978235
1892,38,rl_agent,0,6,"[0, 3, 4, 5, 6]",4,21.48527981971121,18.25,3.2352798197112094,0.008333792040483345,True,0.05,1500,2.3876107105592457,0.7612389289440754
1893,38,rl_agent,4,10,"[4, 5, 10]",2,12.177655617514205,11.25,0.9276556175142048,0.0,True,0.05,1500,4.889202799620452,0.5110797200379549
1894,38,rl_agent,1,2,"[1, 2]",1,3.951139472207756,3.75,0.20113947220775596,0.0,True,0.05,1500,7.131248771740012,0.2868751228259988
1895,38,rl_agent,9,5,"[9, 4, 5]",2,15.887628054828879,14.75,1.1376280548288786,0.0,True,0.05,1500,4.083735836398061,0.5916264163601939
1896,38,rl_agent,8,3,"[8, 3]",1,12.760254506536691,12.0,0.7602545065366915,0.0,True,0.05,1500,3.967452585224642,0.6032547414775358
1897,38,rl_agent,2,6,"[2, 5, 6]",2,18.503720308962727,16.5,2.003720308962727,0.009750212683685033,True,0.05,1500,2.337610710559246,0.7662389289440754
1898,38,rl_agent,6,3,"[6, 5, 2, 0, 3]",4,34.79254427505238,31.5,3.2925442750523786,0.011277744437997894,True,0.05,1500,2.287610710559246,0.7712389289440754
1899,38,rl_agent,8,3,"[8, 3]",1,12.776339634296628,12.0,0.7763396342966278,0.0,True,0.05,1500,3.917452585224642,0.6082547414775358
1900,39,rl_agent,11,8,"[11, 10, 11]",2,4.823962841062019,4.0,0.823962841062019,0.0,False,0.05,1500,5.482567832455079,0.45174321675449214
1901,39,rl_agent,8,5,"[8, 3, 4, 5]",3,20.495782653217365,18.75,1.7457826532173648,0.0,True,0.05,1500,3.6121716408157596,0.638782835918424
1902,39,rl_agent,7,11,"[7, 8, 12, 11]",3,14.532510224816365,8.15,6.3825102248163645,0.10711826447669104,True,0.05,1500,0.8044768501673456,0.9195523149832654
1903,39,rl_agent,4,13,"[4, 9, 13]",2,16.31079886543769,15.5,0.8107988654376896,0.0,True,0.05,1500,4.673339864867447,0.5326660135132553
1904,39,rl_agent,9,12,"[9, 13, 10, 11, 12]",4,39.70911070007186,10.0,29.70911070007186,0.19999999999999996,True,0.05,1500,0.0,1.0
1905,39,rl_agent,7,5,"[7, 1, 2, 5]",3,30.24807599328249,29.25,0.998075993282491,0.0,True,0.05,1500,5.637044601860607,0.4362955398139393
1906,39,rl_agent,11,13,"[11, 12, 11]",2,4.628991384699666,3.5,1.128991384699666,0.0,False,0.05,1500,4.697059871574204,0.5302940128425796
1907,39,rl_agent,10,1,"[10, 5, 2, 0, 1]",4,35.45677751315096,34.0,1.4567775131509606,0.0,True,0.05,1500,3.9000861747356765,0.6099913825264324
1908,39,rl_agent,3,6,"[3, 4, 5, 6]",3,14.73613736881681,12.75,1.9861373688168094,0.0,True,0.05,1500,3.5621716408157598,0.643782835918424
1909,39,rl_agent,9,8,"[9, 8]",1,5.411906883432613,5.0,0.4119068834326134,0.0,True,0.05,1500,5.483015964501691,0.45169840354983093
1910,39,rl_agent,10,7,"[10, 11, 10]",2,4.875269160035431,4.0,0.8752691600354314,0.0,False,0.05,1500,5.332567832455079,0.4667432167544921
1911,39,rl_agent,5,2,"[5, 2]",1,10.737420169081094,10.5,0.2374201690810942,0.0,True,0.05,1500,6.780394962929402,0.32196050370705975
1912,39,rl_agent,13,8,"[13, 9, 8]",2,10.172343164280148,9.5,0.6723431642801483,0.0,True,0.05,1500,5.433015964501691,0.4566984035498309
1913,39,rl_agent,3,13,"[3, 8, 9, 13]",3,22.620242898884314,21.5,1.1202428988843138,0.0,True,0.05,1500,5.355308647268689,0.46446913527313105
1914,39,rl_agent,3,12,"[3, 8, 12]",2,23.069560807027187,16.5,6.569560807027187,0.11205276036520817,True,0.05,1500,0.7544768501673449,0.9245523149832655
1915,39,rl_agent,10,5,"[10, 5]",1,7.755532680869994,7.5,0.2555326808699938,0.0,True,0.05,1500,6.617847416265982,0.33821525837340183
1916,39,rl_agent,12,8,"[12, 8]",1,11.097465301822599,4.5,6.597465301822599,0.11709836736483648,True,0.05,1500,0.7044768501673442,0.9295523149832656
1917,39,rl_agent,6,12,"[6, 11, 12]",2,15.747372515050746,13.25,2.4973725150507455,0.019431329243624673,True,0.05,1500,2.0649011731570255,0.7935098826842975
1918,39,rl_agent,4,8,"[4, 9, 8]",2,17.019025063271265,16.0,1.0190250632712647,0.0,True,0.05,1500,4.6233398648674475,0.5376660135132553
1919,39,rl_agent,1,2,"[1, 2]",1,4.1422750511090785,3.75,0.39227505110907845,0.0,True,0.05,1500,5.603653261161018,0.4396346738838982
1920,39,rl_agent,11,7,"[11, 10, 11]",2,4.9111075709281495,4.0,0.9111075709281495,0.0,False,0.05,1500,5.2325678324550795,0.47674321675449205
1921,39,rl_agent,1,0,"[1, 0]",1,6.697699395919895,6.5,0.19769939591989516,0.0,True,0.05,1500,7.166410103319146,0.2833589896680854
1922,39,rl_agent,8,1,"[8, 3, 0, 1]",3,24.82404239133933,24.0,0.8240423913393293,0.0,True,0.05,1500,5.25530864726869,0.47446913527313106
1923,39,rl_agent,4,5,"[4, 5]",1,4.204434890135156,3.75,0.4544348901351558,0.0,True,0.05,1500,5.238702033715427,0.47612979662845734
1924,39,rl_agent,13,3,"[13, 9, 4, 3]",3,20.280441672950786,18.5,1.7804416729507864,0.0,True,0.05,1500,3.51217164081576,0.648782835918424
1925,39,rl_agent,7,8,"[7, 8]",1,2.0398052905603374,1.9,0.13980529056033753,0.0,True,0.05,1500,7.8148775475442385,0.2185122452455762
1926,39,rl_agent,7,5,"[7, 1, 2, 5]",3,30.28813425478093,29.25,1.0381342547809282,0.0,True,0.05,1500,5.553653261161018,0.4446346738838982
1927,39,rl_agent,0,4,"[0, 3, 4]",2,9.618721898918544,8.5,1.118721898918544,0.0,True,0.05,1500,3.46217164081576,0.653782835918424
1928,39,rl_agent,4,1,"[4, 3, 0, 1]",3,16.352037909331163,15.0,1.3520379093311625,0.0,True,0.05,1500,3.4121716408157603,0.658782835918424
1929,39,rl_agent,13,8,"[13, 9, 8]",2,10.215831842973593,9.5,0.7158318429735928,0.0,True,0.05,1500,5.283015964501692,0.47169840354983084
1930,39,rl_agent,11,9,"[11, 12, 7, 8, 9]",4,15.812799496903947,14.4,1.412799496903947,0.0,True,0.05,1500,4.597059871574205,0.5402940128425795
1931,39,rl_agent,9,2,"[9, 4, 5, 2]",3,26.56746878941659,25.25,1.3174687894165906,0.0,True,0.05,1500,4.523339864867448,0.5476660135132552
1932,39,rl_agent,4,6,"[4, 5, 6]",2,10.87317441879025,9.75,1.1231744187902493,0.0,True,0.05,1500,4.347198327876689,0.5652801672123311
1933,39,rl_agent,11,5,"[11, 6, 5]",2,20.145060095152125,17.5,2.6450600951521253,0.02156488219216457,True,0.05,1500,2.0149011731570257,0.7985098826842975
1934,39,rl_agent,11,12,"[11, 12]",1,2.349611648233914,1.75,0.599611648233914,0.0,True,0.05,1500,4.547059871574205,0.5452940128425795
1935,39,rl_agent,1,9,"[1, 7, 8, 9]",3,22.91579651810192,21.9,1.0157965181019222,0.0,True,0.05,1500,5.183015964501692,0.4816984035498308
1936,39,rl_agent,11,0,"[11, 6, 5, 2, 0]",4,41.274679011106976,37.5,3.7746790111069757,0.02380954625181564,True,0.05,1500,1.9649011731570258,0.8035098826842975
1937,39,rl_agent,4,0,"[4, 3, 0]",2,9.670900268006495,8.5,1.1709002680064948,0.0,True,0.05,1500,3.3621716408157605,0.6637828359184239
1938,39,rl_agent,3,4,"[3, 4]",1,4.009583603212224,3.0,1.0095836032122243,0.0,True,0.05,1500,3.3121716408157607,0.6687828359184239
1939,39,rl_agent,9,2,"[9, 4, 5, 2]",3,26.610134732269657,25.25,1.3601347322696569,0.0,True,0.05,1500,4.473339864867448,0.5526660135132552
1940,39,rl_agent,2,12,"[2, 5, 10, 11, 12]",4,23.35354515871049,21.75,1.6035451587104887,0.0,True,0.05,1500,4.497059871574205,0.5502940128425795
1941,39,rl_agent,5,4,"[5, 4]",1,4.242319046957637,3.75,0.49231904695763706,0.0,True,0.05,1500,5.038702033715428,0.49612979662845724
1942,39,rl_agent,7,2,"[7, 1, 2]",2,19.56972481831617,18.75,0.8197248183161712,0.0,True,0.05,1500,5.487044601860608,0.4512955398139392
1943,39,rl_agent,3,1,"[3, 0, 1]",2,12.40108887794839,12.0,0.4010888779483892,0.0,True,0.05,1500,7.016410103319146,0.2983589896680854
1944,39,rl_agent,13,11,"[13, 10]",1,30.249999999999982,1.75,28.499999999999982,0.19999999999999996,False,0.05,1500,0.0,1.0
1945,39,rl_agent,3,2,"[3, 0, 2]",2,16.009006203743095,15.0,1.0090062037430947,0.0,True,0.05,1500,3.800086174735677,0.6199913825264323
1946,39,rl_agent,4,5,"[4, 5]",1,4.252264710581674,3.75,0.5022647105816738,0.0,True,0.05,1500,4.988702033715428,0.5011297966284572
1947,39,rl_agent,11,10,"[11, 10]",1,2.474171245898241,2.0,0.474171245898241,0.0,True,0.05,1500,5.13256783245508,0.486743216754492
1948,39,rl_agent,0,2,"[0, 2]",1,10.333302694131401,9.5,0.833302694131401,0.0,True,0.05,1500,3.750086174735677,0.6249913825264323
1949,39,rl_agent,7,3,"[7, 1, 0, 3]",3,27.835433056111103,27.0,0.8354330561111034,0.0,True,0.05,1500,5.437044601860608,0.4562955398139392
1950,40,rl_agent,4,13,"[4, 9, 13]",2,16.785721374350587,15.5,1.2857213743505866,0.0,True,0.05,1500,3.2745879458290608,0.672541205417094
1951,40,rl_agent,10,9,"[10, 11, 10]",2,5.184365923579613,4.0,1.1843659235796133,0.0,False,0.05,1500,4.5779875487219535,0.5422012451278047
1952,40,rl_agent,1,8,"[1, 7, 8]",2,18.347142986501034,16.9,1.447142986501035,0.0,True,0.05,1500,3.10364874704178,0.6896351252958219
1953,40,rl_agent,12,7,"[12, 7]",1,6.143827031212676,5.75,0.3938270312126759,0.0,True,0.05,1500,5.5939234610262165,0.4406076538973783
1954,40,rl_agent,13,8,"[13, 9, 8]",2,10.107973229819386,9.5,0.6079732298193861,0.0,True,0.05,1500,5.928669468717013,0.4071330531282987
1955,40,rl_agent,6,13,"[6, 5, 6]",2,12.751849594441776,12.0,0.7518495944417758,0.0,False,0.05,1500,5.708252598697829,0.4291747401302171
1956,40,rl_agent,2,5,"[2, 5]",1,10.666499891187842,10.5,0.1664998911878417,0.0,True,0.05,1500,7.5018766936165004,0.24981233063834996
1957,40,rl_agent,9,0,"[9, 4, 3, 0]",3,22.69269902786219,19.5,3.19269902786219,0.01367372328352734,True,0.05,1500,2.2155782080036737,0.7784421791996327
1958,40,rl_agent,13,11,"[13, 10, 11]",2,32.85424331917856,3.75,29.104243319178558,0.19999999999999996,True,0.05,1500,0.0,1.0
1959,40,rl_agent,10,4,"[10, 5, 4]",2,12.113460888863184,11.25,0.8634608888631838,0.0,True,0.05,1500,5.024697330968501,0.4975302669031499
1960,40,rl_agent,11,2,"[11, 6, 5, 2]",3,30.843406741146193,28.0,2.843406741146193,0.0323795049934672,True,0.05,1500,1.792905254461763,0.8207094745538237
1961,40,rl_agent,8,10,"[8, 12, 11, 10]",3,10.888891498860342,8.25,2.6388914988603425,0.004950554141530006,True,0.05,1500,2.5280096014018403,0.747199039859816
1962,40,rl_agent,0,10,"[0, 3, 4, 5, 10]",4,22.833196200718447,19.75,3.0831962007184472,0.015472438376852526,True,0.05,1500,2.165578208003674,0.7834421791996327
1963,40,rl_agent,1,10,"[1, 2, 5, 10]",3,22.782128842513075,21.75,1.0321288425130746,0.0,True,0.05,1500,5.13927272680258,0.486072727319742
1964,40,rl_agent,2,8,"[2, 5, 4, 9, 8]",4,32.37092943006032,30.25,2.120929430060322,0.0,True,0.05,1500,3.174587945829061,0.6825412054170938
1965,40,rl_agent,13,11,"[13, 10]",1,30.249999999999982,1.75,28.499999999999982,0.19999999999999996,False,0.05,1500,0.0,1.0
1966,40,rl_agent,2,8,"[2, 5, 4, 9, 8]",4,32.41849988411617,30.25,2.168499884116173,0.0,True,0.05,1500,3.1245879458290613,0.6875412054170938
1967,40,rl_agent,1,4,"[1, 2, 5, 4]",3,19.208269784544232,18.0,1.2082697845442318,0.0,True,0.05,1500,4.824697330968502,0.5175302669031498
1968,40,rl_agent,0,1,"[0, 1]",1,6.655726696543227,6.5,0.15572669654322713,0.0,True,0.05,1500,7.62512800890727,0.23748719910927307
1969,40,rl_agent,2,3,"[2, 0, 3]",2,16.127271096564087,15.0,1.1272710965640869,0.0,True,0.05,1500,4.078486567236232,0.5921513432763768
1970,40,rl_agent,1,7,"[1, 7]",1,15.343186122650698,15.0,0.3431861226506978,0.0,True,0.05,1500,5.92988886520292,0.407011113479708
1971,40,rl_agent,2,4,"[2, 5, 4]",2,14.99145027937827,14.25,0.7414502793782702,0.0,True,0.05,1500,4.774697330968502,0.5225302669031497
1972,40,rl_agent,0,1,"[0, 1]",1,6.66005485242239,6.5,0.16005485242239015,0.0,True,0.05,1500,7.575128008907269,0.24248719910927305
1973,40,rl_agent,2,6,"[2, 5, 6]",2,17.090660493586835,16.5,0.5906604935868351,0.0,True,0.05,1500,5.608252598697829,0.43917474013021707
1974,40,rl_agent,6,1,"[6, 5, 2, 0, 1]",4,34.009203970342824,32.5,1.5092039703428242,0.0,True,0.05,1500,4.028486567236232,0.5971513432763768
1975,40,rl_agent,4,10,"[4, 5, 10]",2,12.199872338556425,11.25,0.9498723385564247,0.0,True,0.05,1500,4.724697330968502,0.5275302669031497
1976,40,rl_agent,11,6,"[11, 6]",1,13.86877326647574,11.5,2.36877326647574,0.03511749331688552,True,0.05,1500,1.7429052544617623,0.8257094745538238
1977,40,rl_agent,6,9,"[6, 5, 6]",2,12.832088167261752,12.0,0.8320881672617517,0.0,False,0.05,1500,5.45825259869783,0.454174740130217
1978,40,rl_agent,0,12,"[0, 3, 8, 12]",3,24.646783238696298,22.0,2.6467832386962975,0.006054977249525861,True,0.05,1500,2.4780096014018405,0.752199039859816
1979,40,rl_agent,5,11,"[5, 10, 11]",2,10.528805708647065,9.5,1.0288057086470648,0.0,True,0.05,1500,4.427987548721954,0.5572012451278046
1980,40,rl_agent,4,9,"[4, 9]",1,12.126234177748248,11.0,1.1262341777482483,0.0,True,0.05,1500,3.0745879458290615,0.6925412054170939
1981,40,rl_agent,12,11,"[12, 11]",1,2.305502396870577,1.75,0.555502396870577,0.0,True,0.05,1500,4.737080668716934,0.5262919331283066
1982,40,rl_agent,9,7,"[9, 8, 7]",2,8.402636521103368,6.9,1.5026365211033674,0.0,True,0.05,1500,3.0536487470417804,0.6946351252958219
1983,40,rl_agent,5,11,"[5, 10, 11]",2,10.549868543058173,9.5,1.0498685430581727,0.0,True,0.05,1500,4.377987548721954,0.5622012451278046
1984,40,rl_agent,10,5,"[10, 5]",1,7.916107633824081,7.5,0.41610763382408056,0.0,True,0.05,1500,5.457873960867076,0.45421260391329243
1985,40,rl_agent,11,6,"[11, 6]",1,13.953502558292719,11.5,2.453502558292719,0.03796659275141501,True,0.05,1500,1.6929052544617615,0.8307094745538238
1986,40,rl_agent,5,0,"[5, 2, 0]",2,20.965790417404996,20.0,0.965790417404996,0.0,True,0.05,1500,3.9784865672362324,0.6021513432763768
1987,40,rl_agent,2,12,"[2, 5, 10, 11, 12]",4,23.610705469702456,21.75,1.8607054697024559,0.0,True,0.05,1500,4.327987548721954,0.5672012451278046
1988,40,rl_agent,13,12,"[13, 10, 11, 12]",3,35.24703846981611,5.5,29.74703846981611,0.19999999999999996,True,0.05,1500,0.0,1.0
1989,40,rl_agent,9,1,"[9, 4, 3, 0, 1]",4,29.603294875017255,26.0,3.603294875017255,0.017382264581288664,True,0.05,1500,2.115578208003674,0.7884421791996326
1990,40,rl_agent,1,12,"[1, 7, 8, 12]",3,24.4742981847006,21.4,3.074298184700602,0.00727051146863289,True,0.05,1500,2.4280096014018406,0.757199039859816
1991,40,rl_agent,6,10,"[6, 11, 10]",2,16.725984859119446,13.5,3.225984859119446,0.04092680329705556,True,0.05,1500,1.6429052544617608,0.8357094745538239
1992,40,rl_agent,3,2,"[3, 0, 2]",2,16.199129898731407,15.0,1.1991298987314067,0.0,True,0.05,1500,3.9284865672362326,0.6071513432763768
1993,40,rl_agent,13,1,"[13, 9, 4, 3, 0, 1]",5,34.48046602178185,30.5,3.980466021781851,0.019417273951125913,True,0.05,1500,2.065578208003674,0.7934421791996326
1994,40,rl_agent,0,1,"[0, 1]",1,6.677954334346642,6.5,0.17795433434664165,0.0,True,0.05,1500,7.37512800890727,0.262487199109273
1995,40,rl_agent,7,4,"[7, 1, 2, 5, 4]",4,34.638674161938525,33.0,1.6386741619385248,0.0,True,0.05,1500,4.6746973309685025,0.5325302669031498
1996,40,rl_agent,6,5,"[6, 5]",1,6.424513030549622,6.0,0.42451303054962164,0.0,True,0.05,1500,5.40825259869783,0.459174740130217
1997,40,rl_agent,0,8,"[0, 3, 8]",2,18.678429097920958,17.5,1.178429097920958,0.0,True,0.05,1500,4.050004436379828,0.5949995563620172
1998,40,rl_agent,12,8,"[12, 8]",1,6.102598743525885,4.5,1.6025987435258848,0.008597156798851091,True,0.05,1500,2.378009601401841,0.762199039859816
1999,40,rl_agent,7,2,"[7, 1, 2]",2,19.61721860370838,18.75,0.8672186037083804,0.0,True,0.05,1500,4.9892727268025805,0.501072727319742
